vondstnummer;project_code;subcategorie;object;begin_dat;eind_dat;vlak_max;munt_lengte_diameter_in_mm;vondstnummer,project_code,subcategorie,object,begin_dat,eind_dat,vlak_max,munt_lengte_diameter_in_mm
NZC1.00001MTL001;NZC1;metaal: zilver;munt;1698.0;1698.0;;55.0;NZC1.00001MTL001,NZC1,metaal: zilver,munt,1698.0,1698.0,,55.0
NZD1.00005MTL001;NZD1;metaal: nikkel;munt;1977.0;1977.0;;19.0;NZD1.00005MTL001,NZD1,metaal: nikkel,munt,1977.0,1977.0,,19.0
NZD1.00005MTL002;NZD1;metaal: nikkel;munt;1986.0;1986.0;;19.0;NZD1.00005MTL002,NZD1,metaal: nikkel,munt,1986.0,1986.0,,19.0
NZD1.00005MTL003;NZD1;metaal: nikkel;munt;1987.0;1987.0;;19.0;NZD1.00005MTL003,NZD1,metaal: nikkel,munt,1987.0,1987.0,,19.0
NZD1.00007MTL002;NZD1;metaal: koper-nikkel;munt;1991.0;1991.0;;29.0;NZD1.00007MTL002,NZD1,metaal: koper-nikkel,munt,1991.0,1991.0,,29.0
NZD1.00007MTL009;NZD1;metaal: aluminium-brons;munt;1950.0;1950.0;;23.0;NZD1.00007MTL009,NZD1,metaal: aluminium-brons,munt,1950.0,1950.0,,23.0
NZD1.00007MTL010;NZD1;metaal: nikkel;munt;1969.0;1969.0;;24.0;NZD1.00007MTL010,NZD1,metaal: nikkel,munt,1969.0,1969.0,,24.0
NZD1.00007MTL011;NZD1;metaal: ijzer-koper;munt;1949.0;2000.0;;21.5;NZD1.00007MTL011,NZD1,metaal: ijzer-koper,munt,1949.0,2000.0,,21.5
NZD1.00007MTL012;NZD1;metaal: brons;munt;1980.0;1980.0;;21.0;NZD1.00007MTL012,NZD1,metaal: brons,munt,1980.0,1980.0,,21.0
NZD1.00007MTL013;NZD1;metaal: brons;munt;1958.0;1958.0;;17.0;NZD1.00007MTL013,NZD1,metaal: brons,munt,1958.0,1958.0,,17.0
NZD1.00007MTL014;NZD1;metaal: koper-nikkel;munt;1997.0;1997.0;;25.0;NZD1.00007MTL014,NZD1,metaal: koper-nikkel,munt,1997.0,1997.0,,25.0
NZD1.00019MTL003;NZD1;metaal: staal;munt;2005.0;2005.0;-3.69;21.25;NZD1.00019MTL003,NZD1,metaal: staal,munt,2005.0,2005.0,-3.69,21.25
NZD1.00021MTL003;NZD1;metaal: zink;munt;1917.0;1917.0;-4.19;21.0;NZD1.00021MTL003,NZD1,metaal: zink,munt,1917.0,1917.0,-4.19,21.0
NZD1.00023MTL005;NZD1;metaal: aluminium;munt;1921.0;1921.0;-5.19;23.0;NZD1.00023MTL005,NZD1,metaal: aluminium,munt,1921.0,1921.0,-5.19,23.0
NZD1.00023MTL006;NZD1;metaal: aluminium;munt;1922.0;1922.0;-5.19;23.0;NZD1.00023MTL006,NZD1,metaal: aluminium,munt,1922.0,1922.0,-5.19,23.0
NZD1.00028MTL012;NZD1;metaal: staal;munt;2002.0;2002.0;-5.49;21.25;NZD1.00028MTL012,NZD1,metaal: staal,munt,2002.0,2002.0,-5.49,21.25
NZD1.00030MTL004;NZD1;metaal: koperlegering;munt;1450.0;1550.0;;18.0;NZD1.00030MTL004,NZD1,metaal: koperlegering,munt,1450.0,1550.0,,18.0
NZD1.00032MTL013;NZD1;metaal: aluminium-brons;munt;1987.0;1987.0;-5.68;20.0;NZD1.00032MTL013,NZD1,metaal: aluminium-brons,munt,1987.0,1987.0,-5.68,20.0
NZD1.00039MTL012;NZD1;metaal: brons;munt;1967.0;1967.0;-6.2;17.0;NZD1.00039MTL012,NZD1,metaal: brons,munt,1967.0,1967.0,-6.2,17.0
NZD1.00042MTL014;NZD1;metaal: nikkel-messing;munt;2002.0;2002.0;-5.89;25.75;NZD1.00042MTL014,NZD1,metaal: nikkel-messing,munt,2002.0,2002.0,-5.89,25.75
NZD1.00042MTL015;NZD1;metaal: nikkel-messing;munt;2002.0;2002.0;-5.89;23.25;NZD1.00042MTL015,NZD1,metaal: nikkel-messing,munt,2002.0,2002.0,-5.89,23.25
NZD1.00042MTL016;NZD1;metaal: nikkel-messing;munt;2002.0;2002.0;-5.89;23.25;NZD1.00042MTL016,NZD1,metaal: nikkel-messing,munt,2002.0,2002.0,-5.89,23.25
NZD1.00042MTL017;NZD1;metaal: koperlegering;munt;1999.0;1999.0;-5.89;23.25;NZD1.00042MTL017,NZD1,metaal: koperlegering,munt,1999.0,1999.0,-5.89,23.25
NZD1.00042MTL018;NZD1;metaal: koperlegering;munt;2001.0;2001.0;-5.89;24.25;NZD1.00042MTL018,NZD1,metaal: koperlegering,munt,2001.0,2001.0,-5.89,24.25
NZD1.00042MTL019;NZD1;metaal: koperlegering;munt;1999.0;1999.0;-5.89;24.25;NZD1.00042MTL019,NZD1,metaal: koperlegering,munt,1999.0,1999.0,-5.89,24.25
NZD1.00042MTL020;NZD1;metaal: koperlegering;munt;2002.0;2002.0;-5.89;24.25;NZD1.00042MTL020,NZD1,metaal: koperlegering,munt,2002.0,2002.0,-5.89,24.25
NZD1.00042MTL021;NZD1;metaal: koperlegering;munt;2002.0;2002.0;-5.89;22.25;NZD1.00042MTL021,NZD1,metaal: koperlegering,munt,2002.0,2002.0,-5.89,22.25
NZD1.00042MTL022;NZD1;metaal: koperlegering;munt;2002.0;2002.0;-5.89;22.25;NZD1.00042MTL022,NZD1,metaal: koperlegering,munt,2002.0,2002.0,-5.89,22.25
NZD1.00042MTL023;NZD1;metaal: koperlegering;munt;2001.0;2001.0;-5.89;22.25;NZD1.00042MTL023,NZD1,metaal: koperlegering,munt,2001.0,2001.0,-5.89,22.25
NZD1.00042MTL024;NZD1;metaal: koperlegering;munt;1999.0;1999.0;-5.89;22.25;NZD1.00042MTL024,NZD1,metaal: koperlegering,munt,1999.0,1999.0,-5.89,22.25
NZD1.00042MTL025;NZD1;metaal: koperlegering;munt;1999.0;1999.0;-5.89;19.75;NZD1.00042MTL025,NZD1,metaal: koperlegering,munt,1999.0,1999.0,-5.89,19.75
NZD1.00042MTL026;NZD1;metaal: koperlegering;munt;1999.0;1999.0;-5.89;19.75;NZD1.00042MTL026,NZD1,metaal: koperlegering,munt,1999.0,1999.0,-5.89,19.75
NZD1.00042MTL027;NZD1;metaal: koperlegering;munt;2001.0;2001.0;-5.89;19.75;NZD1.00042MTL027,NZD1,metaal: koperlegering,munt,2001.0,2001.0,-5.89,19.75
NZD1.00042MTL028;NZD1;metaal: koperlegering;munt;2001.0;2001.0;-5.89;19.75;NZD1.00042MTL028,NZD1,metaal: koperlegering,munt,2001.0,2001.0,-5.89,19.75
NZD1.00042MTL029;NZD1;metaal: koperlegering;munt;2001.0;2001.0;-5.89;19.75;NZD1.00042MTL029,NZD1,metaal: koperlegering,munt,2001.0,2001.0,-5.89,19.75
NZD1.00042MTL030;NZD1;metaal: koperlegering;munt;2000.0;2000.0;-5.89;19.75;NZD1.00042MTL030,NZD1,metaal: koperlegering,munt,2000.0,2000.0,-5.89,19.75
NZD1.00042MTL031;NZD1;metaal: koperlegering;munt;2002.0;2002.0;-5.89;19.75;NZD1.00042MTL031,NZD1,metaal: koperlegering,munt,2002.0,2002.0,-5.89,19.75
NZD1.00042MTL032;NZD1;metaal: koperlegering;munt;1999.0;1999.0;-5.89;19.75;NZD1.00042MTL032,NZD1,metaal: koperlegering,munt,1999.0,1999.0,-5.89,19.75
NZD1.00042MTL033;NZD1;metaal: koperlegering;munt;2000.0;2000.0;-5.89;19.75;NZD1.00042MTL033,NZD1,metaal: koperlegering,munt,2000.0,2000.0,-5.89,19.75
NZD1.00042MTL034;NZD1;metaal: koperlegering;munt;1999.0;1999.0;-5.89;19.75;NZD1.00042MTL034,NZD1,metaal: koperlegering,munt,1999.0,1999.0,-5.89,19.75
NZD1.00042MTL035;NZD1;metaal: staal;munt;1999.0;2004.0;-5.89;21.25;NZD1.00042MTL035,NZD1,metaal: staal,munt,1999.0,2004.0,-5.89,21.25
NZD1.00042MTL036;NZD1;metaal: staal;munt;1999.0;1999.0;-5.89;21.25;NZD1.00042MTL036,NZD1,metaal: staal,munt,1999.0,1999.0,-5.89,21.25
NZD1.00042MTL037;NZD1;metaal: staal;munt;2000.0;2000.0;-5.89;18.75;NZD1.00042MTL037,NZD1,metaal: staal,munt,2000.0,2000.0,-5.89,18.75
NZD1.00042MTL038;NZD1;metaal: staal;munt;1999.0;1999.0;-5.89;21.25;NZD1.00042MTL038,NZD1,metaal: staal,munt,1999.0,1999.0,-5.89,21.25
NZD1.00042MTL039;NZD1;metaal: staal;munt;2001.0;2001.0;-5.89;21.25;NZD1.00042MTL039,NZD1,metaal: staal,munt,2001.0,2001.0,-5.89,21.25
NZD1.00042MTL040;NZD1;metaal: staal;munt;1999.0;1999.0;-5.89;18.75;NZD1.00042MTL040,NZD1,metaal: staal,munt,1999.0,1999.0,-5.89,18.75
NZD1.00042MTL041;NZD1;metaal: staal;munt;2001.0;2001.0;-5.89;18.75;NZD1.00042MTL041,NZD1,metaal: staal,munt,2001.0,2001.0,-5.89,18.75
NZD1.00042MTL042;NZD1;metaal: staal;munt;2001.0;2001.0;-5.89;18.75;NZD1.00042MTL042,NZD1,metaal: staal,munt,2001.0,2001.0,-5.89,18.75
NZD1.00042MTL043;NZD1;metaal: staal;munt;2000.0;2000.0;-5.89;16.25;NZD1.00042MTL043,NZD1,metaal: staal,munt,2000.0,2000.0,-5.89,16.25
NZD1.00042MTL044;NZD1;metaal: staal;munt;1999.0;1999.0;-5.89;16.25;NZD1.00042MTL044,NZD1,metaal: staal,munt,1999.0,1999.0,-5.89,16.25
NZD1.00042MTL045;NZD1;metaal: staal;munt;1999.0;1999.0;-5.89;16.25;NZD1.00042MTL045,NZD1,metaal: staal,munt,1999.0,1999.0,-5.89,16.25
NZD1.00042MTL046;NZD1;metaal: staal;munt;1999.0;1999.0;-5.89;16.25;NZD1.00042MTL046,NZD1,metaal: staal,munt,1999.0,1999.0,-5.89,16.25
NZD1.00042MTL047;NZD1;metaal: staal;munt;2000.0;2000.0;-5.89;16.25;NZD1.00042MTL047,NZD1,metaal: staal,munt,2000.0,2000.0,-5.89,16.25
NZD1.00042MTL048;NZD1;metaal: staal;munt;2000.0;2000.0;-5.89;16.25;NZD1.00042MTL048,NZD1,metaal: staal,munt,2000.0,2000.0,-5.89,16.25
NZD1.00042MTL049;NZD1;metaal: staal;munt;2000.0;2000.0;-5.89;16.25;NZD1.00042MTL049,NZD1,metaal: staal,munt,2000.0,2000.0,-5.89,16.25
NZD1.00043MTL036;NZD1;metaal: brons;munt;1975.0;1975.0;-5.89;26.0;NZD1.00043MTL036,NZD1,metaal: brons,munt,1975.0,1975.0,-5.89,26.0
NZD1.00048MTL021;NZD1;metaal: brons;munt;1971.0;1971.0;-6.25;26.0;NZD1.00048MTL021,NZD1,metaal: brons,munt,1971.0,1971.0,-6.25,26.0
NZD1.00048MTL022;NZD1;metaal: brons;munt;1948.0;1948.0;-6.25;21.0;NZD1.00048MTL022,NZD1,metaal: brons,munt,1948.0,1948.0,-6.25,21.0
NZD1.00052MTL023;NZD1;metaal: brons;munt;1979.0;1979.0;-6.3;21.0;NZD1.00052MTL023,NZD1,metaal: brons,munt,1979.0,1979.0,-6.3,21.0
NZD1.00054MTL012;NZD1;metaal: nikkel;munt;1971.0;1971.0;-6.3;25.0;NZD1.00054MTL012,NZD1,metaal: nikkel,munt,1971.0,1971.0,-6.3,25.0
NZD1.00059MTL006;NZD1;metaal: ijzer-koper;munt;1949.0;1999.0;-6.68;16.5;NZD1.00059MTL006,NZD1,metaal: ijzer-koper,munt,1949.0,1999.0,-6.68,16.5
NZD1.00059MTL012;NZD1;metaal: koper;munt;1604.0;1620.0;-6.68;21.0;NZD1.00059MTL012,NZD1,metaal: koper,munt,1604.0,1620.0,-6.68,21.0
NZD1.00059MTL013;NZD1;metaal: brons;munt;1905.0;1905.0;-6.68;19.0;NZD1.00059MTL013,NZD1,metaal: brons,munt,1905.0,1905.0,-6.68,19.0
NZD1.00062MTL002;NZD1;metaal: koper-nikkel;munt;1985.0;1985.0;-6.68;26.0;NZD1.00062MTL002,NZD1,metaal: koper-nikkel,munt,1985.0,1985.0,-6.68,26.0
NZD1.00062MTL003;NZD1;metaal: nikkel;munt;1970.0;1970.0;-6.68;21.0;NZD1.00062MTL003,NZD1,metaal: nikkel,munt,1970.0,1970.0,-6.68,21.0
NZD1.00062MTL004;NZD1;metaal: brons;munt;1948.0;1948.0;-6.68;17.0;NZD1.00062MTL004,NZD1,metaal: brons,munt,1948.0,1948.0,-6.68,17.0
NZD1.00062MTL005;NZD1;metaal: nikkel;munt;1980.0;1980.0;-6.68;19.0;NZD1.00062MTL005,NZD1,metaal: nikkel,munt,1980.0,1980.0,-6.68,19.0
NZD1.00068MTL029;NZD1;metaal: zilver;munt;1931.0;1931.0;-6.84;28.0;NZD1.00068MTL029,NZD1,metaal: zilver,munt,1931.0,1931.0,-6.84,28.0
NZD1.00068MTL030;NZD1;metaal: brons;munt;1877.0;1905.0;-6.84;19.0;NZD1.00068MTL030,NZD1,metaal: brons,munt,1877.0,1905.0,-6.84,19.0
NZD1.00068MTL031;NZD1;metaal: brons;munt;1950.0;1950.0;-6.84;17.0;NZD1.00068MTL031,NZD1,metaal: brons,munt,1950.0,1950.0,-6.84,17.0
NZD1.00068MTL032;NZD1;metaal: nikkel;munt;1956.0;1956.0;-6.84;15.0;NZD1.00068MTL032,NZD1,metaal: nikkel,munt,1956.0,1956.0,-6.84,15.0
NZD1.00068MTL033;NZD1;metaal: brons;munt;1877.0;1940.0;-6.84;19.0;NZD1.00068MTL033,NZD1,metaal: brons,munt,1877.0,1940.0,-6.84,19.0
NZD1.00069MTL041;NZD1;metaal: brons;munt;1967.0;1967.0;-6.4;17.0;NZD1.00069MTL041,NZD1,metaal: brons,munt,1967.0,1967.0,-6.4,17.0
NZD1.00070MTL029;NZD1;metaal: zilver;munt;1505.0;1520.0;-6.84;16.0;NZD1.00070MTL029,NZD1,metaal: zilver,munt,1505.0,1520.0,-6.84,16.0
NZD1.00070MTL032;NZD1;metaal: koper;munt;1574.0;1579.0;-6.84;26.0;NZD1.00070MTL032,NZD1,metaal: koper,munt,1574.0,1579.0,-6.84,26.0
NZD1.00070MTL033;NZD1;metaal: koper;munt;1579.0;1579.0;-6.84;25.0;NZD1.00070MTL033,NZD1,metaal: koper,munt,1579.0,1579.0,-6.84,25.0
NZD1.00070MTL036;NZD1;metaal: zink;munt;1941.0;1944.0;-6.84;17.0;NZD1.00070MTL036,NZD1,metaal: zink,munt,1941.0,1944.0,-6.84,17.0
NZD1.00070MTL037;NZD1;metaal: koper-nikkel;munt;1949.0;1949.0;-6.84;24.0;NZD1.00070MTL037,NZD1,metaal: koper-nikkel,munt,1949.0,1949.0,-6.84,24.0
NZD1.00070MTL042;NZD1;metaal: brons;munt;1967.0;1967.0;-6.84;17.0;NZD1.00070MTL042,NZD1,metaal: brons,munt,1967.0,1967.0,-6.84,17.0
NZD1.00072MTL091;NZD1;metaal: koperlegering;munt;1999.0;1999.0;-6.8;24.25;NZD1.00072MTL091,NZD1,metaal: koperlegering,munt,1999.0,1999.0,-6.8,24.25
NZD1.00075MTL041;NZD1;metaal: zink;munt;1941.0;1941.0;-6.8;26.0;NZD1.00075MTL041,NZD1,metaal: zink,munt,1941.0,1941.0,-6.8,26.0
NZD1.00075MTL042;NZD1;metaal: brons;munt;1948.0;1948.0;-6.8;21.0;NZD1.00075MTL042,NZD1,metaal: brons,munt,1948.0,1948.0,-6.8,21.0
NZD1.00075MTL043;NZD1;metaal: ijzer-koper;munt;1985.0;1985.0;-6.8;16.5;NZD1.00075MTL043,NZD1,metaal: ijzer-koper,munt,1985.0,1985.0,-6.8,16.5
NZD1.00075MTL044;NZD1;metaal: zink;munt;1944.0;1944.0;-6.8;17.0;NZD1.00075MTL044,NZD1,metaal: zink,munt,1944.0,1944.0,-6.8,17.0
NZD1.00077MTL067;NZD1;metaal: messing;munt;1509.0;1547.0;-6.98;25.0;NZD1.00077MTL067,NZD1,metaal: messing,munt,1509.0,1547.0,-6.98,25.0
NZD1.00077MTL070;NZD1;metaal: koper;munt;1792.0;1792.0;-6.98;22.0;NZD1.00077MTL070,NZD1,metaal: koper,munt,1792.0,1792.0,-6.98,22.0
NZD1.00077MTL074;NZD1;metaal: brons;munt;1978.0;1978.0;-6.98;21.0;NZD1.00077MTL074,NZD1,metaal: brons,munt,1978.0,1978.0,-6.98,21.0
NZD1.00077MTL075;NZD1;metaal: brons;munt;1965.0;1965.0;-6.98;21.0;NZD1.00077MTL075,NZD1,metaal: brons,munt,1965.0,1965.0,-6.98,21.0
NZD1.00077MTL076;NZD1;metaal: brons;munt;1948.0;1948.0;-6.98;17.0;NZD1.00077MTL076,NZD1,metaal: brons,munt,1948.0,1948.0,-6.98,17.0
NZD1.00077MTL077;NZD1;metaal: zilver;munt;1914.0;1914.0;-6.98;17.5;NZD1.00077MTL077,NZD1,metaal: zilver,munt,1914.0,1914.0,-6.98,17.5
NZD1.00077MTL078;NZD1;metaal: nikkel-messing;munt;1938.0;1938.0;-6.98;22.0;NZD1.00077MTL078,NZD1,metaal: nikkel-messing,munt,1938.0,1938.0,-6.98,22.0
NZD1.00077MTL079;NZD1;metaal: brons;munt;1962.0;1962.0;-6.98;17.0;NZD1.00077MTL079,NZD1,metaal: brons,munt,1962.0,1962.0,-6.98,17.0
NZD1.00078MTL039;NZD1;metaal: brons;munt;1954.0;1954.0;-6.98;21.0;NZD1.00078MTL039,NZD1,metaal: brons,munt,1954.0,1954.0,-6.98,21.0
NZD1.00078MTL040;NZD1;metaal: brons;munt;1976.0;1976.0;-6.98;21.0;NZD1.00078MTL040,NZD1,metaal: brons,munt,1976.0,1976.0,-6.98,21.0
NZD1.00078MTL041;NZD1;metaal: brons;munt;1984.0;1984.0;-6.98;21.0;NZD1.00078MTL041,NZD1,metaal: brons,munt,1984.0,1984.0,-6.98,21.0
NZD1.00078MTL042;NZD1;metaal: brons;munt;1948.0;1948.0;-6.98;17.0;NZD1.00078MTL042,NZD1,metaal: brons,munt,1948.0,1948.0,-6.98,17.0
NZD1.00078MTL043;NZD1;metaal: brons;munt;1951.0;1951.0;-6.98;17.0;NZD1.00078MTL043,NZD1,metaal: brons,munt,1951.0,1951.0,-6.98,17.0
NZD1.00079MTL056;NZD1;metaal: aluminium-brons;munt;1962.0;2002.0;-7.5;23.5;NZD1.00079MTL056,NZD1,metaal: aluminium-brons,munt,1962.0,2002.0,-7.5,23.5
NZD1.00079MTL057;NZD1;metaal: brons;munt;1966.0;1966.0;-7.5;21.0;NZD1.00079MTL057,NZD1,metaal: brons,munt,1966.0,1966.0,-7.5,21.0
NZD1.00079MTL058;NZD1;metaal: brons;munt;1905.0;1905.0;-7.5;23.4;NZD1.00079MTL058,NZD1,metaal: brons,munt,1905.0,1905.0,-7.5,23.4
NZD1.00079MTL059;NZD1;metaal: nikkel;munt;1968.0;1968.0;-7.5;25.0;NZD1.00079MTL059,NZD1,metaal: nikkel,munt,1968.0,1968.0,-7.5,25.0
NZD1.00081MTL043;NZD1;metaal: koper;munt;1677.0;1677.0;-6.9;21.0;NZD1.00081MTL043,NZD1,metaal: koper,munt,1677.0,1677.0,-6.9,21.0
NZD1.00081MTL051;NZD1;metaal: brons;munt;1983.0;1983.0;-6.9;21.0;NZD1.00081MTL051,NZD1,metaal: brons,munt,1983.0,1983.0,-6.9,21.0
NZD1.00081MTL052;NZD1;metaal: brons;munt;1978.0;1978.0;-6.9;26.0;NZD1.00081MTL052,NZD1,metaal: brons,munt,1978.0,1978.0,-6.9,26.0
NZD1.00081MTL053;NZD1;metaal: brons;munt;1955.0;1955.0;-6.9;19.0;NZD1.00081MTL053,NZD1,metaal: brons,munt,1955.0,1955.0,-6.9,19.0
NZD1.00081MTL054;NZD1;metaal: koper-nikkel;munt;1967.0;1967.0;-6.9;19.0;NZD1.00081MTL054,NZD1,metaal: koper-nikkel,munt,1967.0,1967.0,-6.9,19.0
NZD1.00087MTL069;NZD1;metaal: zilver;munt;1691.0;1691.0;-7.19;28.0;NZD1.00087MTL069,NZD1,metaal: zilver,munt,1691.0,1691.0,-7.19,28.0
NZD1.00087MTL071;NZD1;metaal: brons;munt;1975.0;1975.0;-7.19;26.0;NZD1.00087MTL071,NZD1,metaal: brons,munt,1975.0,1975.0,-7.19,26.0
NZD1.00087MTL072;NZD1;metaal: brons;munt;1969.0;1969.0;-7.19;21.0;NZD1.00087MTL072,NZD1,metaal: brons,munt,1969.0,1969.0,-7.19,21.0
NZD1.00088MTL057;NZD1;metaal: koper-nikkel;munt;1985.0;1985.0;-7.19;23.0;NZD1.00088MTL057,NZD1,metaal: koper-nikkel,munt,1985.0,1985.0,-7.19,23.0
NZD1.00088MTL058;NZD1;metaal: staal;munt;2000.0;2000.0;-7.19;21.25;NZD1.00088MTL058,NZD1,metaal: staal,munt,2000.0,2000.0,-7.19,21.25
NZD1.00088MTL059;NZD1;metaal: brons;munt;1991.0;1991.0;-7.19;21.0;NZD1.00088MTL059,NZD1,metaal: brons,munt,1991.0,1991.0,-7.19,21.0
NZD1.00090MTL055;NZD1;metaal: koper-nikkel;munt;1982.0;1982.0;-7.2;24.0;NZD1.00090MTL055,NZD1,metaal: koper-nikkel,munt,1982.0,1982.0,-7.2,24.0
NZD1.00090MTL056;NZD1;metaal: koper-nikkel-aluminium;munt;1986.0;1986.0;-7.2;24.0;NZD1.00090MTL056,NZD1,metaal: koper-nikkel-aluminium,munt,1986.0,1986.0,-7.2,24.0
NZD1.00090MTL057;NZD1;metaal: nikkel;munt;1980.0;1980.0;-7.2;25.0;NZD1.00090MTL057,NZD1,metaal: nikkel,munt,1980.0,1980.0,-7.2,25.0
NZD1.00090MTL058;NZD1;metaal: brons;munt;1979.0;1979.0;-7.2;21.0;NZD1.00090MTL058,NZD1,metaal: brons,munt,1979.0,1979.0,-7.2,21.0
NZD1.00090MTL059;NZD1;metaal: brons;munt;1985.0;1985.0;-7.2;21.0;NZD1.00090MTL059,NZD1,metaal: brons,munt,1985.0,1985.0,-7.2,21.0
NZD1.00090MTL060;NZD1;metaal: brons;munt;1971.0;1971.0;-7.2;17.0;NZD1.00090MTL060,NZD1,metaal: brons,munt,1971.0,1971.0,-7.2,17.0
NZD1.00090MTL061;NZD1;metaal: brons;munt;1972.0;1972.0;-7.2;17.0;NZD1.00090MTL061,NZD1,metaal: brons,munt,1972.0,1972.0,-7.2,17.0
NZD1.00090MTL062;NZD1;metaal: nikkel;munt;1963.0;1963.0;-7.2;15.0;NZD1.00090MTL062,NZD1,metaal: nikkel,munt,1963.0,1963.0,-7.2,15.0
NZD1.00092MTL050;NZD1;metaal: zilver;munt;1499.0;1499.0;-7.2;27.5;NZD1.00092MTL050,NZD1,metaal: zilver,munt,1499.0,1499.0,-7.2,27.5
NZD1.00092MTL054;NZD1;metaal: koper-nikkel;munt;1961.0;1961.0;-7.2;23.0;NZD1.00092MTL054,NZD1,metaal: koper-nikkel,munt,1961.0,1961.0,-7.2,23.0
NZD1.00092MTL072;NZD1;metaal: koper-zink;munt;1959.0;1959.0;-7.2;19.0;NZD1.00092MTL072,NZD1,metaal: koper-zink,munt,1959.0,1959.0,-7.2,19.0
NZD1.00092MTL073;NZD1;metaal: nikkel;munt;1999.0;1999.0;-7.2;15.0;NZD1.00092MTL073,NZD1,metaal: nikkel,munt,1999.0,1999.0,-7.2,15.0
NZD1.00095MTL037;NZD1;metaal: brons;munt;1978.0;1978.0;-7.8;21.0;NZD1.00095MTL037,NZD1,metaal: brons,munt,1978.0,1978.0,-7.8,21.0
NZD1.00095MTL038;NZD1;metaal: koper;munt;1702.0;1780.0;-7.8;22.0;NZD1.00095MTL038,NZD1,metaal: koper,munt,1702.0,1780.0,-7.8,22.0
NZD1.00095MTL041;NZD1;metaal: koper;munt;1876.0;1876.0;-7.8;22.0;NZD1.00095MTL041,NZD1,metaal: koper,munt,1876.0,1876.0,-7.8,22.0
NZD1.00095MTL042;NZD1;metaal: ijzer-koper;munt;1972.0;1972.0;-7.8;16.5;NZD1.00095MTL042,NZD1,metaal: ijzer-koper,munt,1972.0,1972.0,-7.8,16.5
NZD1.00095MTL043;NZD1;metaal: staal;munt;2003.0;2003.0;-7.8;18.75;NZD1.00095MTL043,NZD1,metaal: staal,munt,2003.0,2003.0,-7.8,18.75
NZD1.00095MTL044;NZD1;metaal: brons;munt;1950.0;1950.0;-7.8;17.0;NZD1.00095MTL044,NZD1,metaal: brons,munt,1950.0,1950.0,-7.8,17.0
NZD1.00095MTL045;NZD1;metaal: brons;munt;1984.0;1984.0;-7.8;21.0;NZD1.00095MTL045,NZD1,metaal: brons,munt,1984.0,1984.0,-7.8,21.0
NZD1.00096MTL032;NZD1;metaal: biljoen;munt;1466.0;1467.0;-7.8;19.0;NZD1.00096MTL032,NZD1,metaal: biljoen,munt,1466.0,1467.0,-7.8,19.0
NZD1.00096MTL033;NZD1;metaal: koper;munt;1709.0;1711.0;-7.8;23.0;NZD1.00096MTL033,NZD1,metaal: koper,munt,1709.0,1711.0,-7.8,23.0
NZD1.00096MTL034;NZD1;metaal: koper;munt;1659.0;1679.0;-7.8;18.0;NZD1.00096MTL034,NZD1,metaal: koper,munt,1659.0,1679.0,-7.8,18.0
NZD1.00096MTL035;NZD1;metaal: koper;munt;1736.0;1736.0;-7.8;21.0;NZD1.00096MTL035,NZD1,metaal: koper,munt,1736.0,1736.0,-7.8,21.0
NZD1.00096MTL036;NZD1;metaal: koper;munt;1739.0;1739.0;-7.8;21.0;NZD1.00096MTL036,NZD1,metaal: koper,munt,1739.0,1739.0,-7.8,21.0
NZD1.00096MTL040;NZD1;metaal: koper;munt;1821.0;1828.0;-7.8;22.0;NZD1.00096MTL040,NZD1,metaal: koper,munt,1821.0,1828.0,-7.8,22.0
NZD1.00096MTL041;NZD1;metaal: brons;munt;1898.0;1898.0;-7.8;23.4;NZD1.00096MTL041,NZD1,metaal: brons,munt,1898.0,1898.0,-7.8,23.4
NZD1.00096MTL043;NZD1;metaal: aluminium-brons;munt;1994.0;1994.0;-7.8;24.0;NZD1.00096MTL043,NZD1,metaal: aluminium-brons,munt,1994.0,1994.0,-7.8,24.0
NZD1.00096MTL044;NZD1;metaal: brons;munt;1967.0;1967.0;-7.8;17.0;NZD1.00096MTL044,NZD1,metaal: brons,munt,1967.0,1967.0,-7.8,17.0
NZD1.00096MTL045;NZD1;metaal: brons;munt;1992.0;1992.0;-7.8;21.0;NZD1.00096MTL045,NZD1,metaal: brons,munt,1992.0,1992.0,-7.8,21.0
NZD1.00096MTL046;NZD1;metaal: ijzer-koper;munt;1971.0;1971.0;-7.8;18.0;NZD1.00096MTL046,NZD1,metaal: ijzer-koper,munt,1971.0,1971.0,-7.8,18.0
NZD1.00096MTL047;NZD1;metaal: ijzer-koper;munt;1950.0;1950.0;-7.8;18.0;NZD1.00096MTL047,NZD1,metaal: ijzer-koper,munt,1950.0,1950.0,-7.8,18.0
NZD1.00096MTL048;NZD1;metaal: koper-nikkel;munt;1969.0;1969.0;-7.8;16.0;NZD1.00096MTL048,NZD1,metaal: koper-nikkel,munt,1969.0,1969.0,-7.8,16.0
NZD1.00097MTL030;NZD1;metaal: koper;munt;1739.0;1739.0;-7.92;21.0;NZD1.00097MTL030,NZD1,metaal: koper,munt,1739.0,1739.0,-7.92,21.0
NZD1.00098MTL025;NZD1;metaal: nikkel;munt;1966.0;1966.0;-7.92;15.0;NZD1.00098MTL025,NZD1,metaal: nikkel,munt,1966.0,1966.0,-7.92,15.0
NZD1.00099MTL036;NZD1;metaal: koper;munt;1710.0;1710.0;-8.25;22.0;NZD1.00099MTL036,NZD1,metaal: koper,munt,1710.0,1710.0,-8.25,22.0
NZD1.00100MTL003;NZD1;metaal: nikkel;munt;1985.0;1985.0;-8.25;24.0;NZD1.00100MTL003,NZD1,metaal: nikkel,munt,1985.0,1985.0,-8.25,24.0
NZD1.00150MTL055;NZD1;metaal: zilver;munt;1641.0;1643.0;-7.26;35.0;NZD1.00150MTL055,NZD1,metaal: zilver,munt,1641.0,1643.0,-7.26,35.0
NZD1.00150MTL068;NZD1;metaal: brons;munt;1984.0;1984.0;-7.26;21.0;NZD1.00150MTL068,NZD1,metaal: brons,munt,1984.0,1984.0,-7.26,21.0
NZD1.00155MTL001;NZD1;metaal: nikkel;munt;1972.0;1972.0;-4.74;19.0;NZD1.00155MTL001,NZD1,metaal: nikkel,munt,1972.0,1972.0,-4.74,19.0
NZD1.00209MTL009;NZD1;metaal: ijzer-koper;munt;1950.0;1999.0;-6.98;16.5;NZD1.00209MTL009,NZD1,metaal: ijzer-koper,munt,1950.0,1999.0,-6.98,16.5
NZD1.00209MTL010;NZD1;metaal: ijzer-koper;munt;1950.0;1999.0;-6.98;16.5;NZD1.00209MTL010,NZD1,metaal: ijzer-koper,munt,1950.0,1999.0,-6.98,16.5
NZD1.00214MTL001;NZD1;metaal: koper;munt;1578.0;1579.0;-6.75;23.0;NZD1.00214MTL001,NZD1,metaal: koper,munt,1578.0,1579.0,-6.75,23.0
NZD1.00231MTL005;NZD1;metaal: koper;munt;1686.0;1686.0;-7.2;21.0;NZD1.00231MTL005,NZD1,metaal: koper,munt,1686.0,1686.0,-7.2,21.0
NZD1.00246MTL001;NZD1;metaal: koper;munt;1650.0;1700.0;-7.48;19.0;NZD1.00246MTL001,NZD1,metaal: koper,munt,1650.0,1700.0,-7.48,19.0
NZD1.00249MTL049;NZD1;metaal: nikkel;munt;1958.0;1958.0;-7.77;19.0;NZD1.00249MTL049,NZD1,metaal: nikkel,munt,1958.0,1958.0,-7.77,19.0
NZD1.00249MTL050;NZD1;metaal: nikkel;munt;1968.0;1968.0;-7.77;15.0;NZD1.00249MTL050,NZD1,metaal: nikkel,munt,1968.0,1968.0,-7.77,15.0
NZD1.00275MTL005;NZD1;metaal: ijzer-koper;munt;1950.0;1950.0;-7.23;21.5;NZD1.00275MTL005,NZD1,metaal: ijzer-koper,munt,1950.0,1950.0,-7.23,21.5
NZD1.00292MTL049;NZD1;metaal: nikkel;munt;1948.0;1948.0;-7.43;15.0;NZD1.00292MTL049,NZD1,metaal: nikkel,munt,1948.0,1948.0,-7.43,15.0
NZD1.00292MTL050;NZD1;metaal: brons;munt;1997.0;1997.0;-7.43;21.0;NZD1.00292MTL050,NZD1,metaal: brons,munt,1997.0,1997.0,-7.43,21.0
NZD1.00301MTL028;NZD1;metaal: koper;munt;1612.0;1622.0;-8.25;20.0;NZD1.00301MTL028,NZD1,metaal: koper,munt,1612.0,1622.0,-8.25,20.0
NZD1.00301MTL033;NZD1;metaal: brons;munt;1967.0;1967.0;-8.25;17.0;NZD1.00301MTL033,NZD1,metaal: brons,munt,1967.0,1967.0,-8.25,17.0
NZD1.00301MTL034;NZD1;metaal: ijzer-koper;munt;1949.0;1949.0;-8.25;18.0;NZD1.00301MTL034,NZD1,metaal: ijzer-koper,munt,1949.0,1949.0,-8.25,18.0
NZD1.00301MTL035;NZD1;metaal: koperlegering;munt;1560.0;1578.0;-8.25;30.0;NZD1.00301MTL035,NZD1,metaal: koperlegering,munt,1560.0,1578.0,-8.25,30.0
NZD1.00303MTL048;NZD1;metaal: biljoen;munt;1482.0;1506.0;-8.25;21.0;NZD1.00303MTL048,NZD1,metaal: biljoen,munt,1482.0,1506.0,-8.25,21.0
NZD1.00303MTL049;NZD1;metaal: zilver;munt;1481.0;1513.0;-8.25;16.0;NZD1.00303MTL049,NZD1,metaal: zilver,munt,1481.0,1513.0,-8.25,16.0
NZD1.00303MTL053;NZD1;metaal: koper;munt;1657.0;1657.0;-8.25;20.0;NZD1.00303MTL053,NZD1,metaal: koper,munt,1657.0,1657.0,-8.25,20.0
NZD1.00303MTL054;NZD1;metaal: koper;munt;1682.0;1692.0;-8.25;19.0;NZD1.00303MTL054,NZD1,metaal: koper,munt,1682.0,1692.0,-8.25,19.0
NZD1.00303MTL055;NZD1;metaal: koper;munt;1756.0;1756.0;-8.25;20.0;NZD1.00303MTL055,NZD1,metaal: koper,munt,1756.0,1756.0,-8.25,20.0
NZD1.00303MTL059;NZD1;metaal: brons;munt;1950.0;1950.0;-8.25;21.0;NZD1.00303MTL059,NZD1,metaal: brons,munt,1950.0,1950.0,-8.25,21.0
NZD1.00303MTL060;NZD1;metaal: brons;munt;1983.0;1983.0;-8.25;21.0;NZD1.00303MTL060,NZD1,metaal: brons,munt,1983.0,1983.0,-8.25,21.0
NZD1.00303MTL061;NZD1;metaal: brons;munt;1989.0;1989.0;-8.25;21.0;NZD1.00303MTL061,NZD1,metaal: brons,munt,1989.0,1989.0,-8.25,21.0
NZD1.00303MTL062;NZD1;metaal: brons;munt;1980.0;1980.0;-8.25;26.0;NZD1.00303MTL062,NZD1,metaal: brons,munt,1980.0,1980.0,-8.25,26.0
NZD1.00303MTL063;NZD1;metaal: koper-nikkel;munt;1969.0;1969.0;-8.25;23.5;NZD1.00303MTL063,NZD1,metaal: koper-nikkel,munt,1969.0,1969.0,-8.25,23.5
NZD1.00303MTL064;NZD1;metaal: zink;munt;1914.0;1945.0;-8.25;23.0;NZD1.00303MTL064,NZD1,metaal: zink,munt,1914.0,1945.0,-8.25,23.0
NZD1.00303MTL065;NZD1;metaal: brons;munt;1950.0;1950.0;-8.25;17.0;NZD1.00303MTL065,NZD1,metaal: brons,munt,1950.0,1950.0,-8.25,17.0
NZD1.00303MTL066;NZD1;metaal: brons;munt;1962.0;1962.0;-8.25;17.0;NZD1.00303MTL066,NZD1,metaal: brons,munt,1962.0,1962.0,-8.25,17.0
NZD1.00303MTL067;NZD1;metaal: ijzer-koper;munt;1950.0;1999.0;-8.25;16.5;NZD1.00303MTL067,NZD1,metaal: ijzer-koper,munt,1950.0,1999.0,-8.25,16.5
NZD1.00303MTL068;NZD1;metaal: koper;munt;1808.0;1808.0;-8.25;22.0;NZD1.00303MTL068,NZD1,metaal: koper,munt,1808.0,1808.0,-8.25,22.0
NZD1.00303MTL069;NZD1;metaal: brons;munt;1941.0;1941.0;-8.25;19.0;NZD1.00303MTL069,NZD1,metaal: brons,munt,1941.0,1941.0,-8.25,19.0
NZD1.00305MTL008;NZD1;metaal: koper-nikkel;munt;1995.0;1995.0;-8.36;23.0;NZD1.00305MTL008,NZD1,metaal: koper-nikkel,munt,1995.0,1995.0,-8.36,23.0
NZD1.00305MTL009;NZD1;metaal: brons;munt;1971.0;1971.0;-8.36;17.0;NZD1.00305MTL009,NZD1,metaal: brons,munt,1971.0,1971.0,-8.36,17.0
NZD1.00305MTL012;NZD1;metaal: koper;munt;1832.0;1832.0;-8.36;19.5;NZD1.00305MTL012,NZD1,metaal: koper,munt,1832.0,1832.0,-8.36,19.5
NZD1.00320MTL013;NZD1;metaal: nikkel;munt;1950.0;1950.0;-8.36;19.0;NZD1.00320MTL013,NZD1,metaal: nikkel,munt,1950.0,1950.0,-8.36,19.0
NZD1.00320MTL014;NZD1;metaal: brons;munt;1950.0;1950.0;-8.36;21.0;NZD1.00320MTL014,NZD1,metaal: brons,munt,1950.0,1950.0,-8.36,21.0
NZD1.00320MTL015;NZD1;metaal: ijzer-koper;munt;1999.0;1999.0;-8.36;20.0;NZD1.00320MTL015,NZD1,metaal: ijzer-koper,munt,1999.0,1999.0,-8.36,20.0
NZD1.00320MTL016;NZD1;metaal: aluminium-brons;munt;1931.0;1941.0;-8.36;23.0;NZD1.00320MTL016,NZD1,metaal: aluminium-brons,munt,1931.0,1941.0,-8.36,23.0
NZD1.00321MTL055;NZD1;metaal: messing;muntgewicht;1550.0;1800.0;-8.36;;NZD1.00321MTL055,NZD1,metaal: messing,muntgewicht,1550.0,1800.0,-8.36,
NZD1.00321MTL229;NZD1;metaal: zilver;munt;1521.0;1556.0;-8.36;16.0;NZD1.00321MTL229,NZD1,metaal: zilver,munt,1521.0,1556.0,-8.36,16.0
NZD1.00321MTL230;NZD1;metaal: zilver;munt;1521.0;1556.0;-8.36;13.0;NZD1.00321MTL230,NZD1,metaal: zilver,munt,1521.0,1556.0,-8.36,13.0
NZD1.00321MTL231;NZD1;metaal: biljoen;munt;1524.0;1528.0;-8.36;17.0;NZD1.00321MTL231,NZD1,metaal: biljoen,munt,1524.0,1528.0,-8.36,17.0
NZD1.00321MTL232;NZD1;metaal: biljoen;munt;1556.0;1575.0;-8.36;17.0;NZD1.00321MTL232,NZD1,metaal: biljoen,munt,1556.0,1575.0,-8.36,17.0
NZD1.00321MTL233;NZD1;metaal: biljoen;munt;1524.0;1528.0;-8.36;16.5;NZD1.00321MTL233,NZD1,metaal: biljoen,munt,1524.0,1528.0,-8.36,16.5
NZD1.00321MTL234;NZD1;metaal: koper;munt;1574.0;1579.0;-8.36;24.0;NZD1.00321MTL234,NZD1,metaal: koper,munt,1574.0,1579.0,-8.36,24.0
NZD1.00321MTL235;NZD1;metaal: zilver;munt;1586.0;1595.0;-8.36;25.0;NZD1.00321MTL235,NZD1,metaal: zilver,munt,1586.0,1595.0,-8.36,25.0
NZD1.00321MTL236;NZD1;metaal: koper;munt;1604.0;1605.0;-8.36;21.0;NZD1.00321MTL236,NZD1,metaal: koper,munt,1604.0,1605.0,-8.36,21.0
NZD1.00321MTL237;NZD1;metaal: koper;munt;1604.0;1605.0;-8.36;22.0;NZD1.00321MTL237,NZD1,metaal: koper,munt,1604.0,1605.0,-8.36,22.0
NZD1.00321MTL238;NZD1;metaal: koper;munt;1608.0;1620.0;-8.36;24.0;NZD1.00321MTL238,NZD1,metaal: koper,munt,1608.0,1620.0,-8.36,24.0
NZD1.00321MTL239;NZD1;metaal: koper;munt;1610.0;1643.0;-8.36;21.0;NZD1.00321MTL239,NZD1,metaal: koper,munt,1610.0,1643.0,-8.36,21.0
NZD1.00321MTL240;NZD1;metaal: koper;munt;1632.0;1643.0;-8.36;20.0;NZD1.00321MTL240,NZD1,metaal: koper,munt,1632.0,1643.0,-8.36,20.0
NZD1.00321MTL241;NZD1;metaal: koper;munt;1636.0;1636.0;-8.36;19.0;NZD1.00321MTL241,NZD1,metaal: koper,munt,1636.0,1636.0,-8.36,19.0
NZD1.00321MTL242;NZD1;metaal: koper;munt;1604.0;1797.0;-8.36;20.0;NZD1.00321MTL242,NZD1,metaal: koper,munt,1604.0,1797.0,-8.36,20.0
NZD1.00321MTL243;NZD1;metaal: koper;munt;1648.0;1668.0;-8.36;16.0;NZD1.00321MTL243,NZD1,metaal: koper,munt,1648.0,1668.0,-8.36,16.0
NZD1.00321MTL244;NZD1;metaal: koper;munt;1639.0;1639.0;-8.36;20.0;NZD1.00321MTL244,NZD1,metaal: koper,munt,1639.0,1639.0,-8.36,20.0
NZD1.00321MTL245;NZD1;metaal: koper;munt;1653.0;1653.0;-8.36;20.0;NZD1.00321MTL245,NZD1,metaal: koper,munt,1653.0,1653.0,-8.36,20.0
NZD1.00321MTL246;NZD1;metaal: koper;munt;1674.0;1674.0;-8.36;20.0;NZD1.00321MTL246,NZD1,metaal: koper,munt,1674.0,1674.0,-8.36,20.0
NZD1.00321MTL247;NZD1;metaal: koper;munt;1684.0;1684.0;-8.36;20.0;NZD1.00321MTL247,NZD1,metaal: koper,munt,1684.0,1684.0,-8.36,20.0
NZD1.00321MTL248;NZD1;metaal: zilver;munt;1688.0;1688.0;-8.36;28.0;NZD1.00321MTL248,NZD1,metaal: zilver,munt,1688.0,1688.0,-8.36,28.0
NZD1.00321MTL249;NZD1;metaal: koper;munt;1720.0;1729.0;-8.36;22.0;NZD1.00321MTL249,NZD1,metaal: koper,munt,1720.0,1729.0,-8.36,22.0
NZD1.00321MTL250;NZD1;metaal: koper;munt;1741.0;1741.0;-8.36;21.0;NZD1.00321MTL250,NZD1,metaal: koper,munt,1741.0,1741.0,-8.36,21.0
NZD1.00321MTL251;NZD1;metaal: koper;munt;1754.0;1754.0;-8.36;21.0;NZD1.00321MTL251,NZD1,metaal: koper,munt,1754.0,1754.0,-8.36,21.0
NZD1.00321MTL252;NZD1;metaal: koper;munt;1755.0;1755.0;-8.36;21.0;NZD1.00321MTL252,NZD1,metaal: koper,munt,1755.0,1755.0,-8.36,21.0
NZD1.00321MTL253;NZD1;metaal: koper;munt;1790.0;1790.0;-8.36;22.0;NZD1.00321MTL253,NZD1,metaal: koper,munt,1790.0,1790.0,-8.36,22.0
NZD1.00321MTL254;NZD1;metaal: koper;munt;1573.0;1579.0;-8.36;21.0;NZD1.00321MTL254,NZD1,metaal: koper,munt,1573.0,1579.0,-8.36,21.0
NZD1.00321MTL255;NZD1;metaal: koper;munt;1617.0;1637.0;-8.36;20.0;NZD1.00321MTL255,NZD1,metaal: koper,munt,1617.0,1637.0,-8.36,20.0
NZD1.00321MTL271;NZD1;metaal: brons;munt;1878.0;1903.0;-8.36;14.0;NZD1.00321MTL271,NZD1,metaal: brons,munt,1878.0,1903.0,-8.36,14.0
NZD1.00321MTL272;NZD1;metaal: nikkel;munt;1976.0;1976.0;-8.36;15.0;NZD1.00321MTL272,NZD1,metaal: nikkel,munt,1976.0,1976.0,-8.36,15.0
NZD1.00321MTL273;NZD1;metaal: nikkel;munt;1996.0;1996.0;-8.36;15.0;NZD1.00321MTL273,NZD1,metaal: nikkel,munt,1996.0,1996.0,-8.36,15.0
NZD1.00321MTL274;NZD1;metaal: nikkel;munt;1950.0;1950.0;-8.36;15.0;NZD1.00321MTL274,NZD1,metaal: nikkel,munt,1950.0,1950.0,-8.36,15.0
NZD1.00321MTL275;NZD1;metaal: nikkel;munt;1950.0;1950.0;-8.36;15.0;NZD1.00321MTL275,NZD1,metaal: nikkel,munt,1950.0,1950.0,-8.36,15.0
NZD1.00321MTL276;NZD1;metaal: nikkel;munt;1959.0;1959.0;-8.36;15.0;NZD1.00321MTL276,NZD1,metaal: nikkel,munt,1959.0,1959.0,-8.36,15.0
NZD1.00321MTL277;NZD1;metaal: nikkel;munt;1967.0;1967.0;-8.36;15.0;NZD1.00321MTL277,NZD1,metaal: nikkel,munt,1967.0,1967.0,-8.36,15.0
NZD1.00321MTL278;NZD1;metaal: nikkel;munt;1951.0;1951.0;-8.36;15.0;NZD1.00321MTL278,NZD1,metaal: nikkel,munt,1951.0,1951.0,-8.36,15.0
NZD1.00321MTL279;NZD1;metaal: nikkel;munt;1970.0;1970.0;-8.36;15.0;NZD1.00321MTL279,NZD1,metaal: nikkel,munt,1970.0,1970.0,-8.36,15.0
NZD1.00321MTL280;NZD1;metaal: nikkel;munt;1955.0;1955.0;-8.36;15.0;NZD1.00321MTL280,NZD1,metaal: nikkel,munt,1955.0,1955.0,-8.36,15.0
NZD1.00321MTL281;NZD1;metaal: nikkel;munt;1950.0;1950.0;-8.36;15.0;NZD1.00321MTL281,NZD1,metaal: nikkel,munt,1950.0,1950.0,-8.36,15.0
NZD1.00321MTL282;NZD1;metaal: nikkel;munt;1971.0;1971.0;-8.36;15.0;NZD1.00321MTL282,NZD1,metaal: nikkel,munt,1971.0,1971.0,-8.36,15.0
NZD1.00321MTL283;NZD1;metaal: nikkel;munt;1950.0;1950.0;-8.36;15.0;NZD1.00321MTL283,NZD1,metaal: nikkel,munt,1950.0,1950.0,-8.36,15.0
NZD1.00321MTL284;NZD1;metaal: nikkel;munt;1948.0;1948.0;-8.36;15.0;NZD1.00321MTL284,NZD1,metaal: nikkel,munt,1948.0,1948.0,-8.36,15.0
NZD1.00321MTL285;NZD1;metaal: nikkel;munt;1957.0;1957.0;-8.36;15.0;NZD1.00321MTL285,NZD1,metaal: nikkel,munt,1957.0,1957.0,-8.36,15.0
NZD1.00321MTL286;NZD1;metaal: nikkel;munt;1973.0;1973.0;-8.36;15.0;NZD1.00321MTL286,NZD1,metaal: nikkel,munt,1973.0,1973.0,-8.36,15.0
NZD1.00321MTL287;NZD1;metaal: nikkel;munt;1948.0;1948.0;-8.36;15.0;NZD1.00321MTL287,NZD1,metaal: nikkel,munt,1948.0,1948.0,-8.36,15.0
NZD1.00321MTL288;NZD1;metaal: nikkel;munt;1977.0;1977.0;-8.36;15.0;NZD1.00321MTL288,NZD1,metaal: nikkel,munt,1977.0,1977.0,-8.36,15.0
NZD1.00321MTL289;NZD1;metaal: nikkel;munt;1958.0;1958.0;-8.36;15.0;NZD1.00321MTL289,NZD1,metaal: nikkel,munt,1958.0,1958.0,-8.36,15.0
NZD1.00321MTL290;NZD1;metaal: nikkel;munt;1994.0;1994.0;-8.36;15.0;NZD1.00321MTL290,NZD1,metaal: nikkel,munt,1994.0,1994.0,-8.36,15.0
NZD1.00321MTL291;NZD1;metaal: nikkel;munt;1950.0;1959.0;-8.36;15.0;NZD1.00321MTL291,NZD1,metaal: nikkel,munt,1950.0,1959.0,-8.36,15.0
NZD1.00321MTL292;NZD1;metaal: brons;munt;1966.0;1966.0;-8.36;17.0;NZD1.00321MTL292,NZD1,metaal: brons,munt,1966.0,1966.0,-8.36,17.0
NZD1.00321MTL293;NZD1;metaal: brons;munt;1948.0;1948.0;-8.36;17.0;NZD1.00321MTL293,NZD1,metaal: brons,munt,1948.0,1948.0,-8.36,17.0
NZD1.00321MTL294;NZD1;metaal: brons;munt;1948.0;1948.0;-8.36;17.0;NZD1.00321MTL294,NZD1,metaal: brons,munt,1948.0,1948.0,-8.36,17.0
NZD1.00321MTL295;NZD1;metaal: brons;munt;1969.0;1969.0;-8.36;17.0;NZD1.00321MTL295,NZD1,metaal: brons,munt,1969.0,1969.0,-8.36,17.0
NZD1.00321MTL296;NZD1;metaal: brons;munt;1953.0;1953.0;-8.36;17.0;NZD1.00321MTL296,NZD1,metaal: brons,munt,1953.0,1953.0,-8.36,17.0
NZD1.00321MTL297;NZD1;metaal: brons;munt;1950.0;1980.0;-8.36;17.0;NZD1.00321MTL297,NZD1,metaal: brons,munt,1950.0,1980.0,-8.36,17.0
NZD1.00321MTL298;NZD1;metaal: brons;munt;1960.0;1960.0;-8.36;17.0;NZD1.00321MTL298,NZD1,metaal: brons,munt,1960.0,1960.0,-8.36,17.0
NZD1.00321MTL299;NZD1;metaal: staal;munt;1999.0;2004.0;-8.36;16.25;NZD1.00321MTL299,NZD1,metaal: staal,munt,1999.0,2004.0,-8.36,16.25
NZD1.00321MTL300;NZD1;metaal: brons;munt;1948.0;1980.0;-8.36;17.0;NZD1.00321MTL300,NZD1,metaal: brons,munt,1948.0,1980.0,-8.36,17.0
NZD1.00321MTL301;NZD1;metaal: brons;munt;1962.0;1962.0;-8.36;17.0;NZD1.00321MTL301,NZD1,metaal: brons,munt,1962.0,1962.0,-8.36,17.0
NZD1.00321MTL302;NZD1;metaal: brons;munt;1941.0;1941.0;-8.36;19.0;NZD1.00321MTL302,NZD1,metaal: brons,munt,1941.0,1941.0,-8.36,19.0
NZD1.00321MTL303;NZD1;metaal: brons;munt;1950.0;1950.0;-8.36;21.0;NZD1.00321MTL303,NZD1,metaal: brons,munt,1950.0,1950.0,-8.36,21.0
NZD1.00321MTL304;NZD1;metaal: brons;munt;1982.0;1999.0;-8.36;21.0;NZD1.00321MTL304,NZD1,metaal: brons,munt,1982.0,1999.0,-8.36,21.0
NZD1.00321MTL305;NZD1;metaal: brons;munt;1957.0;1957.0;-8.36;21.0;NZD1.00321MTL305,NZD1,metaal: brons,munt,1957.0,1957.0,-8.36,21.0
NZD1.00321MTL306;NZD1;metaal: nikkel;munt;1950.0;1980.0;-8.36;19.0;NZD1.00321MTL306,NZD1,metaal: nikkel,munt,1950.0,1980.0,-8.36,19.0
NZD1.00321MTL307;NZD1;metaal: nikkel;munt;1957.0;1957.0;-8.36;19.0;NZD1.00321MTL307,NZD1,metaal: nikkel,munt,1957.0,1957.0,-8.36,19.0
NZD1.00321MTL308;NZD1;metaal: nikkel;munt;1948.0;1948.0;-8.36;19.0;NZD1.00321MTL308,NZD1,metaal: nikkel,munt,1948.0,1948.0,-8.36,19.0
NZD1.00321MTL309;NZD1;metaal: nikkel;munt;1980.0;1980.0;-8.36;19.0;NZD1.00321MTL309,NZD1,metaal: nikkel,munt,1980.0,1980.0,-8.36,19.0
NZD1.00321MTL310;NZD1;metaal: nikkel;munt;1951.0;1951.0;-8.36;19.0;NZD1.00321MTL310,NZD1,metaal: nikkel,munt,1951.0,1951.0,-8.36,19.0
NZD1.00321MTL311;NZD1;metaal: nikkel;munt;1972.0;1972.0;-8.36;19.0;NZD1.00321MTL311,NZD1,metaal: nikkel,munt,1972.0,1972.0,-8.36,19.0
NZD1.00321MTL312;NZD1;metaal: nikkel;munt;1950.0;1980.0;-8.36;19.0;NZD1.00321MTL312,NZD1,metaal: nikkel,munt,1950.0,1980.0,-8.36,19.0
NZD1.00321MTL313;NZD1;metaal: nikkel;munt;1955.0;1955.0;-8.36;19.0;NZD1.00321MTL313,NZD1,metaal: nikkel,munt,1955.0,1955.0,-8.36,19.0
NZD1.00321MTL314;NZD1;metaal: nikkel;munt;1951.0;1951.0;-8.36;19.0;NZD1.00321MTL314,NZD1,metaal: nikkel,munt,1951.0,1951.0,-8.36,19.0
NZD1.00321MTL315;NZD1;metaal: nikkel;munt;1983.0;1983.0;-8.36;19.0;NZD1.00321MTL315,NZD1,metaal: nikkel,munt,1983.0,1983.0,-8.36,19.0
NZD1.00321MTL316;NZD1;metaal: nikkel;munt;1978.0;1978.0;-8.36;25.0;NZD1.00321MTL316,NZD1,metaal: nikkel,munt,1978.0,1978.0,-8.36,25.0
NZD1.00321MTL317;NZD1;metaal: roestvrij staal;munt;1977.0;1977.0;-8.36;28.0;NZD1.00321MTL317,NZD1,metaal: roestvrij staal,munt,1977.0,1977.0,-8.36,28.0
NZD1.00321MTL318;NZD1;metaal: roestvrij staal;munt;1956.0;1956.0;-8.36;28.0;NZD1.00321MTL318,NZD1,metaal: roestvrij staal,munt,1956.0,1956.0,-8.36,28.0
NZD1.00321MTL319;NZD1;metaal: messing;munt;1984.0;1984.0;-8.36;18.0;NZD1.00321MTL319,NZD1,metaal: messing,munt,1984.0,1984.0,-8.36,18.0
NZD1.00321MTL320;NZD1;metaal: koper-nikkel;munt;1968.0;1968.0;-8.36;23.0;NZD1.00321MTL320,NZD1,metaal: koper-nikkel,munt,1968.0,1968.0,-8.36,23.0
NZD1.00321MTL321;NZD1;metaal: koper-nikkel;munt;1983.0;1983.0;-8.36;24.3;NZD1.00321MTL321,NZD1,metaal: koper-nikkel,munt,1983.0,1983.0,-8.36,24.3
NZD1.00321MTL322;NZD1;metaal: koper-nikkel;munt;1977.0;1977.0;-8.36;26.9;NZD1.00321MTL322,NZD1,metaal: koper-nikkel,munt,1977.0,1977.0,-8.36,26.9
NZD1.00321MTL323;NZD1;metaal: koper-nikkel;munt;1948.0;1981.0;-8.36;24.0;NZD1.00321MTL323,NZD1,metaal: koper-nikkel,munt,1948.0,1981.0,-8.36,24.0
NZD1.00321MTL324;NZD1;metaal: koper-nikkel;munt;1967.0;1967.0;-8.36;24.0;NZD1.00321MTL324,NZD1,metaal: koper-nikkel,munt,1967.0,1967.0,-8.36,24.0
NZD1.00321MTL325;NZD1;metaal: koper-nikkel;munt;1975.0;1975.0;-8.36;21.0;NZD1.00321MTL325,NZD1,metaal: koper-nikkel,munt,1975.0,1975.0,-8.36,21.0
NZD1.00321MTL326;NZD1;metaal: koper-nikkel;munt;1950.0;1981.0;-8.36;21.0;NZD1.00321MTL326,NZD1,metaal: koper-nikkel,munt,1950.0,1981.0,-8.36,21.0
NZD1.00321MTL327;NZD1;metaal: koper-nikkel;munt;1978.0;1978.0;-8.36;21.0;NZD1.00321MTL327,NZD1,metaal: koper-nikkel,munt,1978.0,1978.0,-8.36,21.0
NZD1.00321MTL328;NZD1;metaal: koper-nikkel;munt;1956.0;1956.0;-8.36;21.0;NZD1.00321MTL328,NZD1,metaal: koper-nikkel,munt,1956.0,1956.0,-8.36,21.0
NZD1.00321MTL329;NZD1;metaal: koper-nikkel;munt;1981.0;1981.0;-8.36;22.54;NZD1.00321MTL329,NZD1,metaal: koper-nikkel,munt,1981.0,1981.0,-8.36,22.54
NZD1.00321MTL330;NZD1;metaal: koper-nikkel;munt;1982.0;1982.0;-8.36;26.0;NZD1.00321MTL330,NZD1,metaal: koper-nikkel,munt,1982.0,1982.0,-8.36,26.0
NZD1.00321MTL331;NZD1;metaal: koper-nikkel;munt;1980.0;1980.0;-8.36;23.5;NZD1.00321MTL331,NZD1,metaal: koper-nikkel,munt,1980.0,1980.0,-8.36,23.5
NZD1.00321MTL332;NZD1;metaal: aluminium-brons;munt;1972.0;1972.0;-8.36;19.5;NZD1.00321MTL332,NZD1,metaal: aluminium-brons,munt,1972.0,1972.0,-8.36,19.5
NZD1.00321MTL333;NZD1;metaal: koper-nikkel;munt;1960.0;1960.0;-8.36;33.0;NZD1.00321MTL333,NZD1,metaal: koper-nikkel,munt,1960.0,1960.0,-8.36,33.0
NZD1.00321MTL334;NZD1;metaal: koper-nikkel;munt;1959.0;1959.0;-8.36;18.0;NZD1.00321MTL334,NZD1,metaal: koper-nikkel,munt,1959.0,1959.0,-8.36,18.0
NZD1.00321MTL335;NZD1;metaal: koper-nikkel;munt;1992.0;1992.0;-8.36;25.0;NZD1.00321MTL335,NZD1,metaal: koper-nikkel,munt,1992.0,1992.0,-8.36,25.0
NZD1.00321MTL336;NZD1;metaal: koper-nikkel-zink;munt;1997.0;1997.0;-8.36;23.0;NZD1.00321MTL336,NZD1,metaal: koper-nikkel-zink,munt,1997.0,1997.0,-8.36,23.0
NZD1.00321MTL337;NZD1;metaal: messing;munt;1987.0;1987.0;-8.36;23.0;NZD1.00321MTL337,NZD1,metaal: messing,munt,1987.0,1987.0,-8.36,23.0
NZD1.00321MTL338;NZD1;metaal: koper-nikkel;munt;1980.0;1980.0;-8.36;22.5;NZD1.00321MTL338,NZD1,metaal: koper-nikkel,munt,1980.0,1980.0,-8.36,22.5
NZD1.00321MTL339;NZD1;metaal: koper-nikkel;munt;1950.0;1950.0;-8.36;23.0;NZD1.00321MTL339,NZD1,metaal: koper-nikkel,munt,1950.0,1950.0,-8.36,23.0
NZD1.00321MTL340;NZD1;metaal: zink;munt;1920.0;1920.0;-8.36;21.0;NZD1.00321MTL340,NZD1,metaal: zink,munt,1920.0,1920.0,-8.36,21.0
NZD1.00321MTL341;NZD1;metaal: zink;munt;1917.0;1917.0;-8.36;21.0;NZD1.00321MTL341,NZD1,metaal: zink,munt,1917.0,1917.0,-8.36,21.0
NZD1.00321MTL342;NZD1;metaal: zink;munt;1921.0;1921.0;-8.36;21.0;NZD1.00321MTL342,NZD1,metaal: zink,munt,1921.0,1921.0,-8.36,21.0
NZD1.00321MTL343;NZD1;metaal: zink;munt;1918.0;1918.0;-8.36;21.0;NZD1.00321MTL343,NZD1,metaal: zink,munt,1918.0,1918.0,-8.36,21.0
NZD1.00321MTL344;NZD1;metaal: ijzer;munt;1916.0;1922.0;-8.36;21.0;NZD1.00321MTL344,NZD1,metaal: ijzer,munt,1916.0,1922.0,-8.36,21.0
NZD1.00321MTL345;NZD1;metaal: ijzer-koper;munt;1950.0;1950.0;-8.36;21.5;NZD1.00321MTL345,NZD1,metaal: ijzer-koper,munt,1950.0,1950.0,-8.36,21.5
NZD1.00321MTL346;NZD1;metaal: ijzer-koper;munt;1949.0;1949.0;-8.36;21.5;NZD1.00321MTL346,NZD1,metaal: ijzer-koper,munt,1949.0,1949.0,-8.36,21.5
NZD1.00321MTL347;NZD1;metaal: ijzer;munt;1916.0;1916.0;-8.36;21.0;NZD1.00321MTL347,NZD1,metaal: ijzer,munt,1916.0,1916.0,-8.36,21.0
NZD1.00321MTL348;NZD1;metaal: ijzer-koper;munt;1950.0;1950.0;-8.36;16.5;NZD1.00321MTL348,NZD1,metaal: ijzer-koper,munt,1950.0,1950.0,-8.36,16.5
NZD1.00321MTL349;NZD1;metaal: ijzer-koper;munt;1949.0;1999.0;-8.36;16.5;NZD1.00321MTL349,NZD1,metaal: ijzer-koper,munt,1949.0,1999.0,-8.36,16.5
NZD1.00321MTL350;NZD1;metaal: ijzer-koper;munt;1991.0;1991.0;-8.36;16.5;NZD1.00321MTL350,NZD1,metaal: ijzer-koper,munt,1991.0,1991.0,-8.36,16.5
NZD1.00321MTL351;NZD1;metaal: ijzer-koper;munt;1950.0;1950.0;-8.36;16.5;NZD1.00321MTL351,NZD1,metaal: ijzer-koper,munt,1950.0,1950.0,-8.36,16.5
NZD1.00321MTL352;NZD1;metaal: ijzer-koper;munt;1995.0;1995.0;-8.36;16.5;NZD1.00321MTL352,NZD1,metaal: ijzer-koper,munt,1995.0,1995.0,-8.36,16.5
NZD1.00321MTL353;NZD1;metaal: ijzer-koper;munt;1961.0;1961.0;-8.36;19.0;NZD1.00321MTL353,NZD1,metaal: ijzer-koper,munt,1961.0,1961.0,-8.36,19.0
NZD1.00321MTL354;NZD1;metaal: ijzer-koper;munt;1949.0;1949.0;-8.36;18.0;NZD1.00321MTL354,NZD1,metaal: ijzer-koper,munt,1949.0,1949.0,-8.36,18.0
NZD1.00321MTL355;NZD1;metaal: ijzer-koper;munt;1977.0;1977.0;-8.36;18.0;NZD1.00321MTL355,NZD1,metaal: ijzer-koper,munt,1977.0,1977.0,-8.36,18.0
NZD1.00321MTL356;NZD1;metaal: ijzer-koper;munt;1950.0;1950.0;-8.36;18.0;NZD1.00321MTL356,NZD1,metaal: ijzer-koper,munt,1950.0,1950.0,-8.36,18.0
NZD1.00321MTL357;NZD1;metaal: koper-nikkel;munt;1981.0;1981.0;-8.36;20.0;NZD1.00321MTL357,NZD1,metaal: koper-nikkel,munt,1981.0,1981.0,-8.36,20.0
NZD1.00321MTL358;NZD1;metaal: zink;munt;1942.0;1942.0;-8.36;21.0;NZD1.00321MTL358,NZD1,metaal: zink,munt,1942.0,1942.0,-8.36,21.0
NZD1.00321MTL359;NZD1;metaal: brons;munt;1983.0;1983.0;-8.36;19.1;NZD1.00321MTL359,NZD1,metaal: brons,munt,1983.0,1983.0,-8.36,19.1
NZD1.00321MTL360;NZD1;metaal: brons;munt;1986.0;1986.0;-8.36;19.1;NZD1.00321MTL360,NZD1,metaal: brons,munt,1986.0,1986.0,-8.36,19.1
NZD1.00321MTL361;NZD1;metaal: koper-nikkel;munt;1980.0;1980.0;-8.36;28.5;NZD1.00321MTL361,NZD1,metaal: koper-nikkel,munt,1980.0,1980.0,-8.36,28.5
NZD1.00321MTL362;NZD1;metaal: nikkel;munt;1975.0;1975.0;-8.36;25.0;NZD1.00321MTL362,NZD1,metaal: nikkel,munt,1975.0,1975.0,-8.36,25.0
NZD1.00321MTL363;NZD1;metaal: nikkel;munt;1968.0;1968.0;-8.36;25.0;NZD1.00321MTL363,NZD1,metaal: nikkel,munt,1968.0,1968.0,-8.36,25.0
NZD1.00321MTL364;NZD1;metaal: nikkel;munt;1971.0;1971.0;-8.36;25.0;NZD1.00321MTL364,NZD1,metaal: nikkel,munt,1971.0,1971.0,-8.36,25.0
NZD1.00321MTL365;NZD1;metaal: nikkel;munt;1976.0;1976.0;-8.36;25.0;NZD1.00321MTL365,NZD1,metaal: nikkel,munt,1976.0,1976.0,-8.36,25.0
NZD1.00321MTL366;NZD1;metaal: nikkel;munt;1967.0;1967.0;-8.36;25.0;NZD1.00321MTL366,NZD1,metaal: nikkel,munt,1967.0,1967.0,-8.36,25.0
NZD1.00321MTL367;NZD1;metaal: nikkel;munt;1977.0;1977.0;-8.36;25.0;NZD1.00321MTL367,NZD1,metaal: nikkel,munt,1977.0,1977.0,-8.36,25.0
NZD1.00321MTL368;NZD1;metaal: zilver;munt;1955.0;1955.0;-8.36;25.0;NZD1.00321MTL368,NZD1,metaal: zilver,munt,1955.0,1955.0,-8.36,25.0
NZD1.00321MTL369;NZD1;metaal: zilver;munt;1956.0;1956.0;-8.36;25.0;NZD1.00321MTL369,NZD1,metaal: zilver,munt,1956.0,1956.0,-8.36,25.0
NZD1.00321MTL370;NZD1;metaal: zilver;munt;1955.0;1955.0;-8.36;25.0;NZD1.00321MTL370,NZD1,metaal: zilver,munt,1955.0,1955.0,-8.36,25.0
NZD1.00321MTL371;NZD1;metaal: zilver;munt;1956.0;1956.0;-8.36;25.0;NZD1.00321MTL371,NZD1,metaal: zilver,munt,1956.0,1956.0,-8.36,25.0
NZD1.00321MTL372;NZD1;metaal: zilver;munt;1957.0;1957.0;-8.36;25.0;NZD1.00321MTL372,NZD1,metaal: zilver,munt,1957.0,1957.0,-8.36,25.0
NZD1.00321MTL373;NZD1;metaal: brons;munt;1957.0;1957.0;-8.36;17.0;NZD1.00321MTL373,NZD1,metaal: brons,munt,1957.0,1957.0,-8.36,17.0
NZD1.00321MTL374;NZD1;metaal: brons;munt;1955.0;1955.0;-8.36;17.0;NZD1.00321MTL374,NZD1,metaal: brons,munt,1955.0,1955.0,-8.36,17.0
NZD1.00321MTL375;NZD1;metaal: brons;munt;1967.0;1967.0;-8.36;17.0;NZD1.00321MTL375,NZD1,metaal: brons,munt,1967.0,1967.0,-8.36,17.0
NZD1.00321MTL376;NZD1;metaal: brons;munt;1948.0;1948.0;-8.36;17.0;NZD1.00321MTL376,NZD1,metaal: brons,munt,1948.0,1948.0,-8.36,17.0
NZD1.00321MTL377;NZD1;metaal: brons;munt;1956.0;1956.0;-8.36;17.0;NZD1.00321MTL377,NZD1,metaal: brons,munt,1956.0,1956.0,-8.36,17.0
NZD1.00321MTL378;NZD1;metaal: brons;munt;1966.0;1966.0;-8.36;17.0;NZD1.00321MTL378,NZD1,metaal: brons,munt,1966.0,1966.0,-8.36,17.0
NZD1.00321MTL379;NZD1;metaal: brons;munt;1954.0;1954.0;-8.36;17.0;NZD1.00321MTL379,NZD1,metaal: brons,munt,1954.0,1954.0,-8.36,17.0
NZD1.00321MTL380;NZD1;metaal: brons;munt;1967.0;1967.0;-8.36;17.0;NZD1.00321MTL380,NZD1,metaal: brons,munt,1967.0,1967.0,-8.36,17.0
NZD1.00321MTL381;NZD1;metaal: brons;munt;1957.0;1957.0;-8.36;17.0;NZD1.00321MTL381,NZD1,metaal: brons,munt,1957.0,1957.0,-8.36,17.0
NZD1.00321MTL382;NZD1;metaal: brons;munt;1948.0;1948.0;-8.36;17.0;NZD1.00321MTL382,NZD1,metaal: brons,munt,1948.0,1948.0,-8.36,17.0
NZD1.00321MTL383;NZD1;metaal: brons;munt;1956.0;1956.0;-8.36;17.0;NZD1.00321MTL383,NZD1,metaal: brons,munt,1956.0,1956.0,-8.36,17.0
NZD1.00321MTL384;NZD1;metaal: brons;munt;1965.0;1965.0;-8.36;17.0;NZD1.00321MTL384,NZD1,metaal: brons,munt,1965.0,1965.0,-8.36,17.0
NZD1.00321MTL385;NZD1;metaal: brons;munt;1967.0;1967.0;-8.36;17.0;NZD1.00321MTL385,NZD1,metaal: brons,munt,1967.0,1967.0,-8.36,17.0
NZD1.00321MTL386;NZD1;metaal: brons;munt;1950.0;1950.0;-8.36;17.0;NZD1.00321MTL386,NZD1,metaal: brons,munt,1950.0,1950.0,-8.36,17.0
NZD1.00321MTL387;NZD1;metaal: brons;munt;1955.0;1955.0;-8.36;17.0;NZD1.00321MTL387,NZD1,metaal: brons,munt,1955.0,1955.0,-8.36,17.0
NZD1.00321MTL388;NZD1;metaal: brons;munt;1955.0;1955.0;-8.36;17.0;NZD1.00321MTL388,NZD1,metaal: brons,munt,1955.0,1955.0,-8.36,17.0
NZD1.00321MTL389;NZD1;metaal: brons;munt;1956.0;1956.0;-8.36;17.0;NZD1.00321MTL389,NZD1,metaal: brons,munt,1956.0,1956.0,-8.36,17.0
NZD1.00321MTL390;NZD1;metaal: brons;munt;1974.0;1974.0;-8.36;17.0;NZD1.00321MTL390,NZD1,metaal: brons,munt,1974.0,1974.0,-8.36,17.0
NZD1.00321MTL391;NZD1;metaal: brons;munt;1959.0;1959.0;-8.36;17.0;NZD1.00321MTL391,NZD1,metaal: brons,munt,1959.0,1959.0,-8.36,17.0
NZD1.00321MTL392;NZD1;metaal: brons;munt;1963.0;1963.0;-8.36;17.0;NZD1.00321MTL392,NZD1,metaal: brons,munt,1963.0,1963.0,-8.36,17.0
NZD1.00321MTL393;NZD1;metaal: brons;munt;1948.0;1948.0;-8.36;17.0;NZD1.00321MTL393,NZD1,metaal: brons,munt,1948.0,1948.0,-8.36,17.0
NZD1.00321MTL394;NZD1;metaal: brons;munt;1948.0;1948.0;-8.36;17.0;NZD1.00321MTL394,NZD1,metaal: brons,munt,1948.0,1948.0,-8.36,17.0
NZD1.00321MTL395;NZD1;metaal: brons;munt;1948.0;1948.0;-8.36;17.0;NZD1.00321MTL395,NZD1,metaal: brons,munt,1948.0,1948.0,-8.36,17.0
NZD1.00321MTL396;NZD1;metaal: brons;munt;1877.0;1907.0;-8.36;19.0;NZD1.00321MTL396,NZD1,metaal: brons,munt,1877.0,1907.0,-8.36,19.0
NZD1.00321MTL397;NZD1;metaal: brons;munt;1948.0;1948.0;-8.36;17.0;NZD1.00321MTL397,NZD1,metaal: brons,munt,1948.0,1948.0,-8.36,17.0
NZD1.00321MTL398;NZD1;metaal: brons;munt;1961.0;1961.0;-8.36;17.0;NZD1.00321MTL398,NZD1,metaal: brons,munt,1961.0,1961.0,-8.36,17.0
NZD1.00321MTL399;NZD1;metaal: brons;munt;1948.0;1948.0;-8.36;17.0;NZD1.00321MTL399,NZD1,metaal: brons,munt,1948.0,1948.0,-8.36,17.0
NZD1.00321MTL400;NZD1;metaal: brons;munt;1950.0;1980.0;-8.36;17.0;NZD1.00321MTL400,NZD1,metaal: brons,munt,1950.0,1980.0,-8.36,17.0
NZD1.00321MTL401;NZD1;metaal: brons;munt;1948.0;1948.0;-8.36;17.0;NZD1.00321MTL401,NZD1,metaal: brons,munt,1948.0,1948.0,-8.36,17.0
NZD1.00321MTL402;NZD1;metaal: brons;munt;1948.0;1948.0;-8.36;17.0;NZD1.00321MTL402,NZD1,metaal: brons,munt,1948.0,1948.0,-8.36,17.0
NZD1.00321MTL403;NZD1;metaal: brons;munt;1960.0;1960.0;-8.36;17.0;NZD1.00321MTL403,NZD1,metaal: brons,munt,1960.0,1960.0,-8.36,17.0
NZD1.00321MTL404;NZD1;metaal: brons;munt;1948.0;1948.0;-8.36;17.0;NZD1.00321MTL404,NZD1,metaal: brons,munt,1948.0,1948.0,-8.36,17.0
NZD1.00321MTL405;NZD1;metaal: brons;munt;1948.0;1948.0;-8.36;17.0;NZD1.00321MTL405,NZD1,metaal: brons,munt,1948.0,1948.0,-8.36,17.0
NZD1.00321MTL406;NZD1;metaal: staal;munt;1999.0;1999.0;-8.36;16.25;NZD1.00321MTL406,NZD1,metaal: staal,munt,1999.0,1999.0,-8.36,16.25
NZD1.00321MTL407;NZD1;metaal: brons;munt;1960.0;1969.0;-8.36;17.0;NZD1.00321MTL407,NZD1,metaal: brons,munt,1960.0,1969.0,-8.36,17.0
NZD1.00321MTL408;NZD1;metaal: brons;munt;1940.0;1940.0;-8.36;19.0;NZD1.00321MTL408,NZD1,metaal: brons,munt,1940.0,1940.0,-8.36,19.0
NZD1.00321MTL409;NZD1;metaal: brons;munt;1964.0;1964.0;-8.36;17.0;NZD1.00321MTL409,NZD1,metaal: brons,munt,1964.0,1964.0,-8.36,17.0
NZD1.00321MTL410;NZD1;metaal: brons;munt;1913.0;1941.0;-8.36;19.0;NZD1.00321MTL410,NZD1,metaal: brons,munt,1913.0,1941.0,-8.36,19.0
NZD1.00321MTL411;NZD1;metaal: brons;munt;1914.0;1914.0;-8.36;19.0;NZD1.00321MTL411,NZD1,metaal: brons,munt,1914.0,1914.0,-8.36,19.0
NZD1.00321MTL412;NZD1;metaal: staal;munt;2000.0;2000.0;-8.36;18.75;NZD1.00321MTL412,NZD1,metaal: staal,munt,2000.0,2000.0,-8.36,18.75
NZD1.00321MTL413;NZD1;metaal: brons;munt;1877.0;1907.0;-8.36;19.0;NZD1.00321MTL413,NZD1,metaal: brons,munt,1877.0,1907.0,-8.36,19.0
NZD1.00321MTL414;NZD1;metaal: brons;munt;1940.0;1940.0;-8.36;19.0;NZD1.00321MTL414,NZD1,metaal: brons,munt,1940.0,1940.0,-8.36,19.0
NZD1.00321MTL415;NZD1;metaal: staal;munt;2000.0;2000.0;-8.36;18.75;NZD1.00321MTL415,NZD1,metaal: staal,munt,2000.0,2000.0,-8.36,18.75
NZD1.00321MTL416;NZD1;metaal: koperlegering;munt;2002.0;2002.0;-8.36;19.75;NZD1.00321MTL416,NZD1,metaal: koperlegering,munt,2002.0,2002.0,-8.36,19.75
NZD1.00321MTL417;NZD1;metaal: brons;munt;1877.0;1941.0;-8.36;19.0;NZD1.00321MTL417,NZD1,metaal: brons,munt,1877.0,1941.0,-8.36,19.0
NZD1.00321MTL418;NZD1;metaal: brons;munt;1937.0;1937.0;-8.36;19.0;NZD1.00321MTL418,NZD1,metaal: brons,munt,1937.0,1937.0,-8.36,19.0
NZD1.00321MTL419;NZD1;metaal: brons;munt;1916.0;1916.0;-8.36;19.0;NZD1.00321MTL419,NZD1,metaal: brons,munt,1916.0,1916.0,-8.36,19.0
NZD1.00321MTL420;NZD1;metaal: brons;munt;1916.0;1916.0;-8.36;19.0;NZD1.00321MTL420,NZD1,metaal: brons,munt,1916.0,1916.0,-8.36,19.0
NZD1.00321MTL421;NZD1;metaal: brons;munt;1957.0;1957.0;-8.36;21.0;NZD1.00321MTL421,NZD1,metaal: brons,munt,1957.0,1957.0,-8.36,21.0
NZD1.00321MTL422;NZD1;metaal: brons;munt;1994.0;1994.0;-8.36;21.0;NZD1.00321MTL422,NZD1,metaal: brons,munt,1994.0,1994.0,-8.36,21.0
NZD1.00321MTL423;NZD1;metaal: brons;munt;1996.0;1996.0;-8.36;21.0;NZD1.00321MTL423,NZD1,metaal: brons,munt,1996.0,1996.0,-8.36,21.0
NZD1.00321MTL424;NZD1;metaal: brons;munt;1957.0;1957.0;-8.36;21.0;NZD1.00321MTL424,NZD1,metaal: brons,munt,1957.0,1957.0,-8.36,21.0
NZD1.00321MTL425;NZD1;metaal: brons;munt;1984.0;1984.0;-8.36;21.0;NZD1.00321MTL425,NZD1,metaal: brons,munt,1984.0,1984.0,-8.36,21.0
NZD1.00321MTL426;NZD1;metaal: brons;munt;1980.0;1980.0;-8.36;21.0;NZD1.00321MTL426,NZD1,metaal: brons,munt,1980.0,1980.0,-8.36,21.0
NZD1.00321MTL427;NZD1;metaal: brons;munt;1993.0;1993.0;-8.36;21.0;NZD1.00321MTL427,NZD1,metaal: brons,munt,1993.0,1993.0,-8.36,21.0
NZD1.00321MTL428;NZD1;metaal: brons;munt;1965.0;1965.0;-8.36;21.0;NZD1.00321MTL428,NZD1,metaal: brons,munt,1965.0,1965.0,-8.36,21.0
NZD1.00321MTL429;NZD1;metaal: brons;munt;1980.0;1980.0;-8.36;21.0;NZD1.00321MTL429,NZD1,metaal: brons,munt,1980.0,1980.0,-8.36,21.0
NZD1.00321MTL430;NZD1;metaal: brons;munt;1988.0;1988.0;-8.36;21.0;NZD1.00321MTL430,NZD1,metaal: brons,munt,1988.0,1988.0,-8.36,21.0
NZD1.00321MTL431;NZD1;metaal: brons;munt;1996.0;1996.0;-8.36;21.0;NZD1.00321MTL431,NZD1,metaal: brons,munt,1996.0,1996.0,-8.36,21.0
NZD1.00321MTL432;NZD1;metaal: brons;munt;1982.0;1982.0;-8.36;21.0;NZD1.00321MTL432,NZD1,metaal: brons,munt,1982.0,1982.0,-8.36,21.0
NZD1.00321MTL433;NZD1;metaal: brons;munt;1987.0;1987.0;-8.36;21.0;NZD1.00321MTL433,NZD1,metaal: brons,munt,1987.0,1987.0,-8.36,21.0
NZD1.00321MTL434;NZD1;metaal: brons;munt;1976.0;1976.0;-8.36;21.0;NZD1.00321MTL434,NZD1,metaal: brons,munt,1976.0,1976.0,-8.36,21.0
NZD1.00321MTL435;NZD1;metaal: brons;munt;1984.0;1984.0;-8.36;21.0;NZD1.00321MTL435,NZD1,metaal: brons,munt,1984.0,1984.0,-8.36,21.0
NZD1.00321MTL436;NZD1;metaal: brons;munt;1960.0;1960.0;-8.36;21.0;NZD1.00321MTL436,NZD1,metaal: brons,munt,1960.0,1960.0,-8.36,21.0
NZD1.00321MTL437;NZD1;metaal: brons;munt;1980.0;1980.0;-8.36;21.0;NZD1.00321MTL437,NZD1,metaal: brons,munt,1980.0,1980.0,-8.36,21.0
NZD1.00321MTL438;NZD1;metaal: staal;munt;2005.0;2005.0;-8.36;21.25;NZD1.00321MTL438,NZD1,metaal: staal,munt,2005.0,2005.0,-8.36,21.25
NZD1.00321MTL439;NZD1;metaal: brons;munt;1980.0;1980.0;-8.36;21.0;NZD1.00321MTL439,NZD1,metaal: brons,munt,1980.0,1980.0,-8.36,21.0
NZD1.00321MTL440;NZD1;metaal: brons;munt;1980.0;1980.0;-8.36;21.0;NZD1.00321MTL440,NZD1,metaal: brons,munt,1980.0,1980.0,-8.36,21.0
NZD1.00321MTL441;NZD1;metaal: brons;munt;1984.0;1984.0;-8.36;21.0;NZD1.00321MTL441,NZD1,metaal: brons,munt,1984.0,1984.0,-8.36,21.0
NZD1.00321MTL442;NZD1;metaal: brons;munt;1970.0;1970.0;-8.36;21.0;NZD1.00321MTL442,NZD1,metaal: brons,munt,1970.0,1970.0,-8.36,21.0
NZD1.00321MTL443;NZD1;metaal: brons;munt;1971.0;1971.0;-8.36;21.0;NZD1.00321MTL443,NZD1,metaal: brons,munt,1971.0,1971.0,-8.36,21.0
NZD1.00321MTL444;NZD1;metaal: brons;munt;1980.0;1980.0;-8.36;21.0;NZD1.00321MTL444,NZD1,metaal: brons,munt,1980.0,1980.0,-8.36,21.0
NZD1.00321MTL445;NZD1;metaal: brons;munt;1964.0;1964.0;-8.36;21.0;NZD1.00321MTL445,NZD1,metaal: brons,munt,1964.0,1964.0,-8.36,21.0
NZD1.00321MTL446;NZD1;metaal: brons;munt;1996.0;1996.0;-8.36;21.0;NZD1.00321MTL446,NZD1,metaal: brons,munt,1996.0,1996.0,-8.36,21.0
NZD1.00321MTL447;NZD1;metaal: brons;munt;1980.0;1980.0;-8.36;21.0;NZD1.00321MTL447,NZD1,metaal: brons,munt,1980.0,1980.0,-8.36,21.0
NZD1.00321MTL448;NZD1;metaal: brons;munt;1996.0;1996.0;-8.36;21.0;NZD1.00321MTL448,NZD1,metaal: brons,munt,1996.0,1996.0,-8.36,21.0
NZD1.00321MTL449;NZD1;metaal: brons;munt;1991.0;1991.0;-8.36;21.0;NZD1.00321MTL449,NZD1,metaal: brons,munt,1991.0,1991.0,-8.36,21.0
NZD1.00321MTL450;NZD1;metaal: brons;munt;1985.0;1985.0;-8.36;21.0;NZD1.00321MTL450,NZD1,metaal: brons,munt,1985.0,1985.0,-8.36,21.0
NZD1.00321MTL451;NZD1;metaal: brons;munt;1976.0;1976.0;-8.36;21.0;NZD1.00321MTL451,NZD1,metaal: brons,munt,1976.0,1976.0,-8.36,21.0
NZD1.00321MTL452;NZD1;metaal: brons;munt;1978.0;1978.0;-8.36;21.0;NZD1.00321MTL452,NZD1,metaal: brons,munt,1978.0,1978.0,-8.36,21.0
NZD1.00321MTL453;NZD1;metaal: brons;munt;1992.0;1992.0;-8.36;21.0;NZD1.00321MTL453,NZD1,metaal: brons,munt,1992.0,1992.0,-8.36,21.0
NZD1.00321MTL454;NZD1;metaal: brons;munt;1980.0;1980.0;-8.36;21.0;NZD1.00321MTL454,NZD1,metaal: brons,munt,1980.0,1980.0,-8.36,21.0
NZD1.00321MTL455;NZD1;metaal: brons;munt;1992.0;1992.0;-8.36;21.0;NZD1.00321MTL455,NZD1,metaal: brons,munt,1992.0,1992.0,-8.36,21.0
NZD1.00321MTL456;NZD1;metaal: brons;munt;1979.0;1979.0;-8.36;21.0;NZD1.00321MTL456,NZD1,metaal: brons,munt,1979.0,1979.0,-8.36,21.0
NZD1.00321MTL457;NZD1;metaal: brons;munt;1978.0;1978.0;-8.36;21.0;NZD1.00321MTL457,NZD1,metaal: brons,munt,1978.0,1978.0,-8.36,21.0
NZD1.00321MTL458;NZD1;metaal: brons;munt;1985.0;1985.0;-8.36;21.0;NZD1.00321MTL458,NZD1,metaal: brons,munt,1985.0,1985.0,-8.36,21.0
NZD1.00321MTL459;NZD1;metaal: brons;munt;1994.0;1994.0;-8.36;21.0;NZD1.00321MTL459,NZD1,metaal: brons,munt,1994.0,1994.0,-8.36,21.0
NZD1.00321MTL460;NZD1;metaal: brons;munt;1983.0;1983.0;-8.36;21.0;NZD1.00321MTL460,NZD1,metaal: brons,munt,1983.0,1983.0,-8.36,21.0
NZD1.00321MTL461;NZD1;metaal: zink;munt;1942.0;1942.0;-8.36;22.0;NZD1.00321MTL461,NZD1,metaal: zink,munt,1942.0,1942.0,-8.36,22.0
NZD1.00321MTL462;NZD1;metaal: brons;munt;1980.0;1980.0;-8.36;21.0;NZD1.00321MTL462,NZD1,metaal: brons,munt,1980.0,1980.0,-8.36,21.0
NZD1.00321MTL463;NZD1;metaal: koperlegering;munt;2001.0;2001.0;-8.36;22.25;NZD1.00321MTL463,NZD1,metaal: koperlegering,munt,2001.0,2001.0,-8.36,22.25
NZD1.00321MTL464;NZD1;metaal: zilver;munt;1881.0;1881.0;-8.36;15.0;NZD1.00321MTL464,NZD1,metaal: zilver,munt,1881.0,1881.0,-8.36,15.0
NZD1.00321MTL465;NZD1;metaal: zilver;munt;1938.0;1938.0;-8.36;15.0;NZD1.00321MTL465,NZD1,metaal: zilver,munt,1938.0,1938.0,-8.36,15.0
NZD1.00321MTL466;NZD1;metaal: nikkel;munt;1987.0;1987.0;-8.36;15.0;NZD1.00321MTL466,NZD1,metaal: nikkel,munt,1987.0,1987.0,-8.36,15.0
NZD1.00321MTL467;NZD1;metaal: nikkel;munt;1984.0;1984.0;-8.36;15.0;NZD1.00321MTL467,NZD1,metaal: nikkel,munt,1984.0,1984.0,-8.36,15.0
NZD1.00321MTL468;NZD1;metaal: nikkel;munt;1948.0;1948.0;-8.36;15.0;NZD1.00321MTL468,NZD1,metaal: nikkel,munt,1948.0,1948.0,-8.36,15.0
NZD1.00321MTL469;NZD1;metaal: nikkel;munt;1974.0;1974.0;-8.36;15.0;NZD1.00321MTL469,NZD1,metaal: nikkel,munt,1974.0,1974.0,-8.36,15.0
NZD1.00321MTL470;NZD1;metaal: nikkel;munt;1979.0;1979.0;-8.36;15.0;NZD1.00321MTL470,NZD1,metaal: nikkel,munt,1979.0,1979.0,-8.36,15.0
NZD1.00321MTL471;NZD1;metaal: nikkel;munt;1957.0;1957.0;-8.36;15.0;NZD1.00321MTL471,NZD1,metaal: nikkel,munt,1957.0,1957.0,-8.36,15.0
NZD1.00321MTL472;NZD1;metaal: nikkel;munt;1951.0;1951.0;-8.36;15.0;NZD1.00321MTL472,NZD1,metaal: nikkel,munt,1951.0,1951.0,-8.36,15.0
NZD1.00321MTL473;NZD1;metaal: nikkel;munt;2000.0;2000.0;-8.36;15.0;NZD1.00321MTL473,NZD1,metaal: nikkel,munt,2000.0,2000.0,-8.36,15.0
NZD1.00321MTL474;NZD1;metaal: nikkel;munt;1965.0;1965.0;-8.36;15.0;NZD1.00321MTL474,NZD1,metaal: nikkel,munt,1965.0,1965.0,-8.36,15.0
NZD1.00321MTL475;NZD1;metaal: nikkel;munt;1977.0;1977.0;-8.36;15.0;NZD1.00321MTL475,NZD1,metaal: nikkel,munt,1977.0,1977.0,-8.36,15.0
NZD1.00321MTL476;NZD1;metaal: nikkel;munt;1978.0;1978.0;-8.36;15.0;NZD1.00321MTL476,NZD1,metaal: nikkel,munt,1978.0,1978.0,-8.36,15.0
NZD1.00321MTL477;NZD1;metaal: nikkel;munt;1973.0;1973.0;-8.36;15.0;NZD1.00321MTL477,NZD1,metaal: nikkel,munt,1973.0,1973.0,-8.36,15.0
NZD1.00321MTL478;NZD1;metaal: nikkel;munt;1958.0;1958.0;-8.36;15.0;NZD1.00321MTL478,NZD1,metaal: nikkel,munt,1958.0,1958.0,-8.36,15.0
NZD1.00321MTL479;NZD1;metaal: nikkel;munt;1948.0;1948.0;-8.36;15.0;NZD1.00321MTL479,NZD1,metaal: nikkel,munt,1948.0,1948.0,-8.36,15.0
NZD1.00321MTL480;NZD1;metaal: nikkel;munt;1984.0;1984.0;-8.36;15.0;NZD1.00321MTL480,NZD1,metaal: nikkel,munt,1984.0,1984.0,-8.36,15.0
NZD1.00321MTL481;NZD1;metaal: nikkel;munt;1991.0;1991.0;-8.36;15.0;NZD1.00321MTL481,NZD1,metaal: nikkel,munt,1991.0,1991.0,-8.36,15.0
NZD1.00321MTL482;NZD1;metaal: nikkel;munt;1954.0;1954.0;-8.36;15.0;NZD1.00321MTL482,NZD1,metaal: nikkel,munt,1954.0,1954.0,-8.36,15.0
NZD1.00321MTL483;NZD1;metaal: nikkel;munt;1977.0;1977.0;-8.36;15.0;NZD1.00321MTL483,NZD1,metaal: nikkel,munt,1977.0,1977.0,-8.36,15.0
NZD1.00321MTL484;NZD1;metaal: nikkel;munt;1950.0;1980.0;-8.36;15.0;NZD1.00321MTL484,NZD1,metaal: nikkel,munt,1950.0,1980.0,-8.36,15.0
NZD1.00321MTL485;NZD1;metaal: nikkel;munt;1977.0;1977.0;-8.36;15.0;NZD1.00321MTL485,NZD1,metaal: nikkel,munt,1977.0,1977.0,-8.36,15.0
NZD1.00321MTL486;NZD1;metaal: nikkel;munt;1970.0;1979.0;-8.36;15.0;NZD1.00321MTL486,NZD1,metaal: nikkel,munt,1970.0,1979.0,-8.36,15.0
NZD1.00321MTL487;NZD1;metaal: nikkel;munt;1956.0;1956.0;-8.36;15.0;NZD1.00321MTL487,NZD1,metaal: nikkel,munt,1956.0,1956.0,-8.36,15.0
NZD1.00321MTL488;NZD1;metaal: nikkel;munt;1950.0;1980.0;-8.36;15.0;NZD1.00321MTL488,NZD1,metaal: nikkel,munt,1950.0,1980.0,-8.36,15.0
NZD1.00321MTL489;NZD1;metaal: brons;munt;1894.0;1894.0;-8.36;14.0;NZD1.00321MTL489,NZD1,metaal: brons,munt,1894.0,1894.0,-8.36,14.0
NZD1.00321MTL490;NZD1;metaal: nikkel;munt;1971.0;1971.0;-8.36;19.0;NZD1.00321MTL490,NZD1,metaal: nikkel,munt,1971.0,1971.0,-8.36,19.0
NZD1.00321MTL491;NZD1;metaal: nikkel;munt;1950.0;1980.0;-8.36;19.0;NZD1.00321MTL491,NZD1,metaal: nikkel,munt,1950.0,1980.0,-8.36,19.0
NZD1.00321MTL492;NZD1;metaal: nikkel;munt;1948.0;1948.0;-8.36;19.0;NZD1.00321MTL492,NZD1,metaal: nikkel,munt,1948.0,1948.0,-8.36,19.0
NZD1.00321MTL493;NZD1;metaal: nikkel;munt;1972.0;1972.0;-8.36;19.0;NZD1.00321MTL493,NZD1,metaal: nikkel,munt,1972.0,1972.0,-8.36,19.0
NZD1.00321MTL494;NZD1;metaal: nikkel;munt;1948.0;1948.0;-8.36;19.0;NZD1.00321MTL494,NZD1,metaal: nikkel,munt,1948.0,1948.0,-8.36,19.0
NZD1.00321MTL495;NZD1;metaal: nikkel;munt;1950.0;1950.0;-8.36;19.0;NZD1.00321MTL495,NZD1,metaal: nikkel,munt,1950.0,1950.0,-8.36,19.0
NZD1.00321MTL496;NZD1;metaal: nikkel;munt;1980.0;1980.0;-8.36;19.0;NZD1.00321MTL496,NZD1,metaal: nikkel,munt,1980.0,1980.0,-8.36,19.0
NZD1.00321MTL497;NZD1;metaal: nikkel;munt;1982.0;1982.0;-8.36;19.0;NZD1.00321MTL497,NZD1,metaal: nikkel,munt,1982.0,1982.0,-8.36,19.0
NZD1.00321MTL498;NZD1;metaal: nikkel;munt;1968.0;1968.0;-8.36;19.0;NZD1.00321MTL498,NZD1,metaal: nikkel,munt,1968.0,1968.0,-8.36,19.0
NZD1.00321MTL499;NZD1;metaal: nikkel;munt;1998.0;1998.0;-8.36;19.0;NZD1.00321MTL499,NZD1,metaal: nikkel,munt,1998.0,1998.0,-8.36,19.0
NZD1.00321MTL500;NZD1;metaal: nikkel;munt;1950.0;1950.0;-8.36;19.0;NZD1.00321MTL500,NZD1,metaal: nikkel,munt,1950.0,1950.0,-8.36,19.0
NZD1.00321MTL501;NZD1;metaal: nikkel;munt;1969.0;1969.0;-8.36;19.0;NZD1.00321MTL501,NZD1,metaal: nikkel,munt,1969.0,1969.0,-8.36,19.0
NZD1.00321MTL502;NZD1;metaal: nikkel;munt;1967.0;1967.0;-8.36;23.0;NZD1.00321MTL502,NZD1,metaal: nikkel,munt,1967.0,1967.0,-8.36,23.0
NZD1.00321MTL503;NZD1;metaal: ijzer-koper;munt;1992.0;1992.0;-8.36;19.5;NZD1.00321MTL503,NZD1,metaal: ijzer-koper,munt,1992.0,1992.0,-8.36,19.5
NZD1.00321MTL504;NZD1;metaal: zink;munt;1918.0;1918.0;-8.36;21.0;NZD1.00321MTL504,NZD1,metaal: zink,munt,1918.0,1918.0,-8.36,21.0
NZD1.00321MTL505;NZD1;metaal: zink;munt;1920.0;1920.0;-8.36;21.0;NZD1.00321MTL505,NZD1,metaal: zink,munt,1920.0,1920.0,-8.36,21.0
NZD1.00321MTL506;NZD1;metaal: zink;munt;1921.0;1921.0;-8.36;21.0;NZD1.00321MTL506,NZD1,metaal: zink,munt,1921.0,1921.0,-8.36,21.0
NZD1.00321MTL507;NZD1;metaal: koper-nikkel;munt;1975.0;1975.0;-8.36;26.0;NZD1.00321MTL507,NZD1,metaal: koper-nikkel,munt,1975.0,1975.0,-8.36,26.0
NZD1.00321MTL508;NZD1;metaal: nikkel;munt;1985.0;1985.0;-8.36;19.0;NZD1.00321MTL508,NZD1,metaal: nikkel,munt,1985.0,1985.0,-8.36,19.0
NZD1.00321MTL509;NZD1;metaal: koper-zink;munt;1944.0;1944.0;-8.36;19.0;NZD1.00321MTL509,NZD1,metaal: koper-zink,munt,1944.0,1944.0,-8.36,19.0
NZD1.00321MTL510;NZD1;metaal: koper-nikkel;munt;1967.0;1967.0;-8.36;20.0;NZD1.00321MTL510,NZD1,metaal: koper-nikkel,munt,1967.0,1967.0,-8.36,20.0
NZD1.00321MTL511;NZD1;metaal: ijzer-koper;munt;1950.0;1950.0;-8.36;18.0;NZD1.00321MTL511,NZD1,metaal: ijzer-koper,munt,1950.0,1950.0,-8.36,18.0
NZD1.00321MTL512;NZD1;metaal: brons;munt;1874.0;1904.0;-8.36;16.0;NZD1.00321MTL512,NZD1,metaal: brons,munt,1874.0,1904.0,-8.36,16.0
NZD1.00321MTL513;NZD1;metaal: ijzer-koper;munt;1979.0;1979.0;-8.36;16.5;NZD1.00321MTL513,NZD1,metaal: ijzer-koper,munt,1979.0,1979.0,-8.36,16.5
NZD1.00321MTL514;NZD1;metaal: koper-nikkel;munt;1960.0;1969.0;-8.36;21.0;NZD1.00321MTL514,NZD1,metaal: koper-nikkel,munt,1960.0,1969.0,-8.36,21.0
NZD1.00321MTL515;NZD1;metaal: koper-aluminium;munt;1924.0;1924.0;-8.36;21.0;NZD1.00321MTL515,NZD1,metaal: koper-aluminium,munt,1924.0,1924.0,-8.36,21.0
NZD1.00321MTL516;NZD1;metaal: ijzer-koper;munt;1950.0;1950.0;-8.36;21.5;NZD1.00321MTL516,NZD1,metaal: ijzer-koper,munt,1950.0,1950.0,-8.36,21.5
NZD1.00321MTL517;NZD1;metaal: ijzer-koper;munt;1950.0;1988.0;-8.36;21.5;NZD1.00321MTL517,NZD1,metaal: ijzer-koper,munt,1950.0,1988.0,-8.36,21.5
NZD1.00321MTL518;NZD1;metaal: koper-nikkel;munt;2000.0;2000.0;-8.36;24.5;NZD1.00321MTL518,NZD1,metaal: koper-nikkel,munt,2000.0,2000.0,-8.36,24.5
NZD1.00321MTL519;NZD1;metaal: koper-nikkel;munt;1992.0;1992.0;-8.36;24.5;NZD1.00321MTL519,NZD1,metaal: koper-nikkel,munt,1992.0,1992.0,-8.36,24.5
NZD1.00321MTL520;NZD1;metaal: koper-nikkel;munt;1957.0;1957.0;-8.36;23.5;NZD1.00321MTL520,NZD1,metaal: koper-nikkel,munt,1957.0,1957.0,-8.36,23.5
NZD1.00321MTL521;NZD1;metaal: brons;munt;1971.0;1971.0;-8.36;26.0;NZD1.00321MTL521,NZD1,metaal: brons,munt,1971.0,1971.0,-8.36,26.0
NZD1.00321MTL522;NZD1;metaal: brons;munt;1973.0;1973.0;-8.36;20.0;NZD1.00321MTL522,NZD1,metaal: brons,munt,1973.0,1973.0,-8.36,20.0
NZD1.00321MTL523;NZD1;metaal: brons;munt;1975.0;1975.0;-8.36;20.0;NZD1.00321MTL523,NZD1,metaal: brons,munt,1975.0,1975.0,-8.36,20.0
NZD1.00321MTL524;NZD1;metaal: brons;munt;1973.0;1973.0;-8.36;20.0;NZD1.00321MTL524,NZD1,metaal: brons,munt,1973.0,1973.0,-8.36,20.0
NZD1.00321MTL525;NZD1;metaal: ijzer-koper;munt;1993.0;1993.0;-8.36;20.0;NZD1.00321MTL525,NZD1,metaal: ijzer-koper,munt,1993.0,1993.0,-8.36,20.0
NZD1.00321MTL526;NZD1;metaal: brons;munt;1973.0;1973.0;-8.36;20.0;NZD1.00321MTL526,NZD1,metaal: brons,munt,1973.0,1973.0,-8.36,20.0
NZD1.00321MTL527;NZD1;metaal: koper-nikkel;munt;1965.0;1965.0;-8.36;24.0;NZD1.00321MTL527,NZD1,metaal: koper-nikkel,munt,1965.0,1965.0,-8.36,24.0
NZD1.00321MTL528;NZD1;metaal: koper-nikkel;munt;1952.0;1952.0;-8.36;21.0;NZD1.00321MTL528,NZD1,metaal: koper-nikkel,munt,1952.0,1952.0,-8.36,21.0
NZD1.00321MTL529;NZD1;metaal: ijzer-koper-nikkel;munt;1990.0;1993.0;-8.36;18.0;NZD1.00321MTL529,NZD1,metaal: ijzer-koper-nikkel,munt,1990.0,1993.0,-8.36,18.0
NZD1.00321MTL530;NZD1;metaal: ijzer-koper-nikkel;munt;1989.0;1989.0;-8.36;18.0;NZD1.00321MTL530,NZD1,metaal: ijzer-koper-nikkel,munt,1989.0,1989.0,-8.36,18.0
NZD1.00321MTL531;NZD1;metaal: aluminium-brons;munt;1995.0;1995.0;-8.36;22.0;NZD1.00321MTL531,NZD1,metaal: aluminium-brons,munt,1995.0,1995.0,-8.36,22.0
NZD1.00321MTL532;NZD1;metaal: koper-nikkel;munt;1968.0;1968.0;-8.36;27.0;NZD1.00321MTL532,NZD1,metaal: koper-nikkel,munt,1968.0,1968.0,-8.36,27.0
NZD1.00321MTL533;NZD1;metaal: nikkel;munt;1968.0;1968.0;-8.36;24.0;NZD1.00321MTL533,NZD1,metaal: nikkel,munt,1968.0,1968.0,-8.36,24.0
NZD1.00321MTL534;NZD1;metaal: aluminium-brons;munt;1962.0;2002.0;-8.36;20.0;NZD1.00321MTL534,NZD1,metaal: aluminium-brons,munt,1962.0,2002.0,-8.36,20.0
NZD1.00321MTL535;NZD1;metaal: nikkel;munt;1998.0;1998.0;-8.36;23.0;NZD1.00321MTL535,NZD1,metaal: nikkel,munt,1998.0,1998.0,-8.36,23.0
NZD1.00321MTL537;NZD1;metaal: brons;munt;1878.0;1878.0;-8.36;19.0;NZD1.00321MTL537,NZD1,metaal: brons,munt,1878.0,1878.0,-8.36,19.0
NZD1.00321MTL538;NZD1;metaal: koper;munt;1826.0;1826.0;-8.36;22.0;NZD1.00321MTL538,NZD1,metaal: koper,munt,1826.0,1826.0,-8.36,22.0
NZD1.00321MTL545;NZD1;metaal: zink;munt;1941.0;1944.0;-8.36;17.0;NZD1.00321MTL545,NZD1,metaal: zink,munt,1941.0,1944.0,-8.36,17.0
NZD1.00321MTL548;NZD1;metaal: zink;munt;1941.0;1941.0;-8.36;23.4;NZD1.00321MTL548,NZD1,metaal: zink,munt,1941.0,1941.0,-8.36,23.4
NZD1.00321MTL549;NZD1;metaal: zink;munt;1914.0;1945.0;-8.36;19.0;NZD1.00321MTL549,NZD1,metaal: zink,munt,1914.0,1945.0,-8.36,19.0
NZD1.00321MTL550;NZD1;metaal: koperlegering;munt;1600.0;1900.0;-8.36;24.5;NZD1.00321MTL550,NZD1,metaal: koperlegering,munt,1600.0,1900.0,-8.36,24.5
NZD1.00321MTL552;NZD1;metaal: koper;munt;1833.0;1919.0;-8.36;22.0;NZD1.00321MTL552,NZD1,metaal: koper,munt,1833.0,1919.0,-8.36,22.0
NZD1.00321MTL553;NZD1;metaal: koperlegering;munt;1687.0;1693.0;-8.36;42.5;NZD1.00321MTL553,NZD1,metaal: koperlegering,munt,1687.0,1693.0,-8.36,42.5
NZD1.00321MTL558;NZD1;metaal: messing;munt;1456.0;1496.0;-8.36;23.5;NZD1.00321MTL558,NZD1,metaal: messing,munt,1456.0,1496.0,-8.36,23.5
NZD1.00323MTL031;NZD1;metaal: zilver;munt;1505.0;1506.0;-8.36;16.5;NZD1.00323MTL031,NZD1,metaal: zilver,munt,1505.0,1506.0,-8.36,16.5
NZD1.00323MTL036;NZD1;metaal: zilver;munt;1482.0;1506.0;-8.36;28.0;NZD1.00323MTL036,NZD1,metaal: zilver,munt,1482.0,1506.0,-8.36,28.0
NZD1.00324MTL016;NZD1;metaal: brons;munt;1963.0;1963.0;-8.36;17.0;NZD1.00324MTL016,NZD1,metaal: brons,munt,1963.0,1963.0,-8.36,17.0
NZD1.00324MTL017;NZD1;metaal: brons;munt;1984.0;1984.0;-8.36;21.0;NZD1.00324MTL017,NZD1,metaal: brons,munt,1984.0,1984.0,-8.36,21.0
NZD1.00325MTL017;NZD1;metaal: koper;munt;1694.0;1723.0;-8.36;24.0;NZD1.00325MTL017,NZD1,metaal: koper,munt,1694.0,1723.0,-8.36,24.0
NZD1.00361MTL062;NZD1;metaal: nikkel;munt;1970.0;1970.0;-8.31;15.0;NZD1.00361MTL062,NZD1,metaal: nikkel,munt,1970.0,1970.0,-8.31,15.0
NZD1.00361MTL063;NZD1;metaal: nikkel;munt;1984.0;1984.0;-8.31;19.0;NZD1.00361MTL063,NZD1,metaal: nikkel,munt,1984.0,1984.0,-8.31,19.0
NZD1.00368MTL002;NZD1;metaal: koper;munt;1702.0;1702.0;-8.04;23.0;NZD1.00368MTL002,NZD1,metaal: koper,munt,1702.0,1702.0,-8.04,23.0
NZD1.00374MTL100;NZD1;metaal: nikkel;munt;1977.0;1977.0;-8.45;19.0;NZD1.00374MTL100,NZD1,metaal: nikkel,munt,1977.0,1977.0,-8.45,19.0
NZD1.00374MTL101;NZD1;metaal: nikkel;munt;1982.0;1982.0;-8.45;19.0;NZD1.00374MTL101,NZD1,metaal: nikkel,munt,1982.0,1982.0,-8.45,19.0
NZD1.00380MTL032;NZD1;metaal: zilver;munt;1917.0;1917.0;-8.36;15.0;NZD1.00380MTL032,NZD1,metaal: zilver,munt,1917.0,1917.0,-8.36,15.0
NZD1.00380MTL033;NZD1;metaal: brons;munt;1954.0;1954.0;-8.36;17.0;NZD1.00380MTL033,NZD1,metaal: brons,munt,1954.0,1954.0,-8.36,17.0
NZD1.00380MTL034;NZD1;metaal: brons;munt;1905.0;1941.0;-8.36;19.0;NZD1.00380MTL034,NZD1,metaal: brons,munt,1905.0,1941.0,-8.36,19.0
NZD1.00380MTL035;NZD1;metaal: brons;munt;1991.0;1991.0;-8.36;21.0;NZD1.00380MTL035,NZD1,metaal: brons,munt,1991.0,1991.0,-8.36,21.0
NZD1.00380MTL036;NZD1;metaal: nikkel;munt;1950.0;1950.0;-8.36;15.0;NZD1.00380MTL036,NZD1,metaal: nikkel,munt,1950.0,1950.0,-8.36,15.0
NZD1.00380MTL037;NZD1;metaal: nikkel;munt;1970.0;1970.0;-8.36;25.0;NZD1.00380MTL037,NZD1,metaal: nikkel,munt,1970.0,1970.0,-8.36,25.0
NZD1.00380MTL038;NZD1;metaal: ijzer-koper;munt;1980.0;1980.0;-8.36;16.5;NZD1.00380MTL038,NZD1,metaal: ijzer-koper,munt,1980.0,1980.0,-8.36,16.5
NZD1.00380MTL039;NZD1;metaal: ijzer-koper;munt;1949.0;1949.0;-8.36;21.5;NZD1.00380MTL039,NZD1,metaal: ijzer-koper,munt,1949.0,1949.0,-8.36,21.5
NZD1.00380MTL040;NZD1;metaal: zink;munt;1918.0;1918.0;-8.36;21.0;NZD1.00380MTL040,NZD1,metaal: zink,munt,1918.0,1918.0,-8.36,21.0
NZD1.00380MTL042;NZD1;metaal: zilver;munt;1400.0;1550.0;-8.36;17.0;NZD1.00380MTL042,NZD1,metaal: zilver,munt,1400.0,1550.0,-8.36,17.0
NZD1.00381MTL036;NZD1;metaal: koperlegering;munt;1400.0;1500.0;-8.64;14.0;NZD1.00381MTL036,NZD1,metaal: koperlegering,munt,1400.0,1500.0,-8.64,14.0
NZD1.00381MTL037;NZD1;metaal: koper;munt;1665.0;1682.0;-8.64;19.0;NZD1.00381MTL037,NZD1,metaal: koper,munt,1665.0,1682.0,-8.64,19.0
NZD1.00381MTL042;NZD1;metaal: brons;munt;1952.0;1952.0;-8.64;17.0;NZD1.00381MTL042,NZD1,metaal: brons,munt,1952.0,1952.0,-8.64,17.0
NZD1.00381MTL043;NZD1;metaal: nikkel;munt;1962.0;1962.0;-8.64;15.0;NZD1.00381MTL043,NZD1,metaal: nikkel,munt,1962.0,1962.0,-8.64,15.0
NZD1.00381MTL044;NZD1;metaal: brons;munt;1971.0;1971.0;-8.64;26.0;NZD1.00381MTL044,NZD1,metaal: brons,munt,1971.0,1971.0,-8.64,26.0
NZD1.00381MTL045;NZD1;metaal: nikkel;munt;1963.0;1963.0;-8.64;19.0;NZD1.00381MTL045,NZD1,metaal: nikkel,munt,1963.0,1963.0,-8.64,19.0
NZD1.00381MTL049;NZD1;metaal: koper;munt;1720.0;1720.0;-8.64;22.0;NZD1.00381MTL049,NZD1,metaal: koper,munt,1720.0,1720.0,-8.64,22.0
NZD1.00382MTL018;NZD1;metaal: koper;munt;1674.0;1674.0;-8.64;21.0;NZD1.00382MTL018,NZD1,metaal: koper,munt,1674.0,1674.0,-8.64,21.0
NZD1.00382MTL019;NZD1;metaal: nikkel;munt;1969.0;1969.0;-8.64;15.0;NZD1.00382MTL019,NZD1,metaal: nikkel,munt,1969.0,1969.0,-8.64,15.0
NZD1.00382MTL020;NZD1;metaal: ijzer-koper;munt;1971.0;1971.0;-8.64;21.5;NZD1.00382MTL020,NZD1,metaal: ijzer-koper,munt,1971.0,1971.0,-8.64,21.5
NZD1.00382MTL021;NZD1;metaal: ijzer-koper;munt;1994.0;1994.0;-8.64;22.0;NZD1.00382MTL021,NZD1,metaal: ijzer-koper,munt,1994.0,1994.0,-8.64,22.0
NZD1.00383MTL036;NZD1;metaal: koper;munt;1681.0;1681.0;-8.64;19.0;NZD1.00383MTL036,NZD1,metaal: koper,munt,1681.0,1681.0,-8.64,19.0
NZD1.00383MTL038;NZD1;metaal: brons;munt;1878.0;1878.0;-8.64;19.0;NZD1.00383MTL038,NZD1,metaal: brons,munt,1878.0,1878.0,-8.64,19.0
NZD1.00384MTL009;NZD1;metaal: brons;munt;1974.0;1974.0;-8.64;17.0;NZD1.00384MTL009,NZD1,metaal: brons,munt,1974.0,1974.0,-8.64,17.0
NZD1.00386MTL032;NZD1;metaal: nikkel;munt;1972.0;1972.0;-8.64;25.0;NZD1.00386MTL032,NZD1,metaal: nikkel,munt,1972.0,1972.0,-8.64,25.0
NZD1.00387MTL011;NZD1;metaal: ijzer-koper;munt;1976.0;1976.0;-8.45;21.5;NZD1.00387MTL011,NZD1,metaal: ijzer-koper,munt,1976.0,1976.0,-8.45,21.5
NZD1.00391MTL077;NZD1;metaal: zilver;munt;1427.0;1467.0;-8.45;29.0;NZD1.00391MTL077,NZD1,metaal: zilver,munt,1427.0,1467.0,-8.45,29.0
NZD1.00391MTL080;NZD1;metaal: koper;munt;1604.0;1604.0;-8.45;24.0;NZD1.00391MTL080,NZD1,metaal: koper,munt,1604.0,1604.0,-8.45,24.0
NZD1.00391MTL084;NZD1;metaal: brons;munt;1966.0;1966.0;-8.45;17.0;NZD1.00391MTL084,NZD1,metaal: brons,munt,1966.0,1966.0,-8.45,17.0
NZD1.00391MTL085;NZD1;metaal: ijzer-koper;munt;1992.0;1992.0;-8.45;18.0;NZD1.00391MTL085,NZD1,metaal: ijzer-koper,munt,1992.0,1992.0,-8.45,18.0
NZD1.00391MTL086;NZD1;metaal: nikkel;munt;1995.0;1995.0;-8.45;15.0;NZD1.00391MTL086,NZD1,metaal: nikkel,munt,1995.0,1995.0,-8.45,15.0
NZD1.00391MTL087;NZD1;metaal: nikkel;munt;1980.0;1980.0;-8.45;15.0;NZD1.00391MTL087,NZD1,metaal: nikkel,munt,1980.0,1980.0,-8.45,15.0
NZD1.00391MTL088;NZD1;metaal: brons;munt;1977.0;1977.0;-8.45;21.0;NZD1.00391MTL088,NZD1,metaal: brons,munt,1977.0,1977.0,-8.45,21.0
NZD1.00391MTL089;NZD1;metaal: brons;munt;1978.0;1978.0;-8.45;21.0;NZD1.00391MTL089,NZD1,metaal: brons,munt,1978.0,1978.0,-8.45,21.0
NZD1.00392MTL028;NZD1;metaal: koper;munt;1640.0;1643.0;-8.45;19.0;NZD1.00392MTL028,NZD1,metaal: koper,munt,1640.0,1643.0,-8.45,19.0
NZD1.00392MTL029;NZD1;metaal: nikkel;munt;1998.0;1998.0;-8.45;19.0;NZD1.00392MTL029,NZD1,metaal: nikkel,munt,1998.0,1998.0,-8.45,19.0
NZD1.00392MTL030;NZD1;metaal: nikkel;munt;1951.0;1951.0;-8.45;15.0;NZD1.00392MTL030,NZD1,metaal: nikkel,munt,1951.0,1951.0,-8.45,15.0
NZD1.00392MTL031;NZD1;metaal: koperlegering;munt;2000.0;2000.0;-8.45;19.75;NZD1.00392MTL031,NZD1,metaal: koperlegering,munt,2000.0,2000.0,-8.45,19.75
NZD1.00392MTL032;NZD1;metaal: koper-nikkel;munt;1969.0;1969.0;-8.45;23.5;NZD1.00392MTL032,NZD1,metaal: koper-nikkel,munt,1969.0,1969.0,-8.45,23.5
NZD1.00392MTL033;NZD1;metaal: brons;munt;1980.0;1980.0;-8.45;21.0;NZD1.00392MTL033,NZD1,metaal: brons,munt,1980.0,1980.0,-8.45,21.0
NZD1.00392MTL034;NZD1;metaal: ijzer-koper;munt;1950.0;1950.0;-8.45;21.5;NZD1.00392MTL034,NZD1,metaal: ijzer-koper,munt,1950.0,1950.0,-8.45,21.5
NZD1.00392MTL035;NZD1;metaal: ijzer-koper;munt;1950.0;1950.0;-8.45;21.5;NZD1.00392MTL035,NZD1,metaal: ijzer-koper,munt,1950.0,1950.0,-8.45,21.5
NZD1.00393MTL017;NZD1;metaal: biljoen;munt;1544.0;1557.0;-8.45;24.0;NZD1.00393MTL017,NZD1,metaal: biljoen,munt,1544.0,1557.0,-8.45,24.0
NZD1.00393MTL018;NZD1;metaal: koper;munt;1717.0;1717.0;-8.45;21.0;NZD1.00393MTL018,NZD1,metaal: koper,munt,1717.0,1717.0,-8.45,21.0
NZD1.00393MTL019;NZD1;metaal: koper;munt;1758.0;1793.0;-8.45;21.0;NZD1.00393MTL019,NZD1,metaal: koper,munt,1758.0,1793.0,-8.45,21.0
NZD1.00393MTL021;NZD1;metaal: nikkel;munt;1993.0;1993.0;-8.45;15.0;NZD1.00393MTL021,NZD1,metaal: nikkel,munt,1993.0,1993.0,-8.45,15.0
NZD1.00393MTL022;NZD1;metaal: brons;munt;1941.0;1941.0;-8.45;19.0;NZD1.00393MTL022,NZD1,metaal: brons,munt,1941.0,1941.0,-8.45,19.0
NZD1.00393MTL023;NZD1;metaal: koper-nikkel;munt;1940.0;1940.0;-8.45;17.5;NZD1.00393MTL023,NZD1,metaal: koper-nikkel,munt,1940.0,1940.0,-8.45,17.5
NZD1.00394MTL017;NZD1;metaal: nikkel;munt;1986.0;1986.0;-9.07;15.0;NZD1.00394MTL017,NZD1,metaal: nikkel,munt,1986.0,1986.0,-9.07,15.0
NZD1.00397MTL047;NZD1;metaal: zilver;munt;1478.0;1478.0;-8.99;27.0;NZD1.00397MTL047,NZD1,metaal: zilver,munt,1478.0,1478.0,-8.99,27.0
NZD1.00397MTL048;NZD1;metaal: biljoen;munt;1482.0;1506.0;-8.99;19.0;NZD1.00397MTL048,NZD1,metaal: biljoen,munt,1482.0,1506.0,-8.99,19.0
NZD1.00397MTL049;NZD1;metaal: koper;munt;1674.0;1676.0;-8.99;19.5;NZD1.00397MTL049,NZD1,metaal: koper,munt,1674.0,1676.0,-8.99,19.5
NZD1.00397MTL050;NZD1;metaal: koper;munt;1716.0;1716.0;-8.99;22.0;NZD1.00397MTL050,NZD1,metaal: koper,munt,1716.0,1716.0,-8.99,22.0
NZD1.00397MTL051;NZD1;metaal: brons;munt;1948.0;1948.0;-8.99;17.0;NZD1.00397MTL051,NZD1,metaal: brons,munt,1948.0,1948.0,-8.99,17.0
NZD1.00397MTL052;NZD1;metaal: brons;munt;1973.0;1973.0;-8.99;17.0;NZD1.00397MTL052,NZD1,metaal: brons,munt,1973.0,1973.0,-8.99,17.0
NZD1.00397MTL053;NZD1;metaal: brons;munt;1954.0;1954.0;-8.99;21.0;NZD1.00397MTL053,NZD1,metaal: brons,munt,1954.0,1954.0,-8.99,21.0
NZD1.00397MTL054;NZD1;metaal: brons;munt;1980.0;1980.0;-8.99;21.0;NZD1.00397MTL054,NZD1,metaal: brons,munt,1980.0,1980.0,-8.99,21.0
NZD1.00397MTL055;NZD1;metaal: nikkel;munt;1987.0;1987.0;-8.99;25.0;NZD1.00397MTL055,NZD1,metaal: nikkel,munt,1987.0,1987.0,-8.99,25.0
NZD1.00397MTL056;NZD1;metaal: koperlegering;munt;1700.0;1900.0;-8.99;21.0;NZD1.00397MTL056,NZD1,metaal: koperlegering,munt,1700.0,1900.0,-8.99,21.0
NZD1.00400MTL037;NZD1;metaal: koper;munt;1565.0;1580.0;-8.99;24.5;NZD1.00400MTL037,NZD1,metaal: koper,munt,1565.0,1580.0,-8.99,24.5
NZD1.00400MTL038;NZD1;metaal: koper;munt;1626.0;1629.0;-8.99;21.0;NZD1.00400MTL038,NZD1,metaal: koper,munt,1626.0,1629.0,-8.99,21.0
NZD1.00400MTL039;NZD1;metaal: koper;munt;1740.0;1740.0;-8.99;19.0;NZD1.00400MTL039,NZD1,metaal: koper,munt,1740.0,1740.0,-8.99,19.0
NZD1.00400MTL044;NZD1;metaal: brons;munt;1961.0;1961.0;-8.99;21.0;NZD1.00400MTL044,NZD1,metaal: brons,munt,1961.0,1961.0,-8.99,21.0
NZD1.00400MTL046;NZD1;metaal: brons;munt;1988.0;1988.0;-8.99;21.0;NZD1.00400MTL046,NZD1,metaal: brons,munt,1988.0,1988.0,-8.99,21.0
NZD1.00411MTL042;NZD1;metaal: koper;munt;1604.0;1605.0;-9.07;22.0;NZD1.00411MTL042,NZD1,metaal: koper,munt,1604.0,1605.0,-9.07,22.0
NZD1.00411MTL046;NZD1;metaal: koper;munt;1694.0;1723.0;-9.07;23.0;NZD1.00411MTL046,NZD1,metaal: koper,munt,1694.0,1723.0,-9.07,23.0
NZD1.00411MTL050;NZD1;metaal: brons;munt;1878.0;1878.0;-9.07;19.0;NZD1.00411MTL050,NZD1,metaal: brons,munt,1878.0,1878.0,-9.07,19.0
NZD1.00411MTL051;NZD1;metaal: brons;munt;1975.0;1975.0;-9.07;17.0;NZD1.00411MTL051,NZD1,metaal: brons,munt,1975.0,1975.0,-9.07,17.0
NZD1.00411MTL052;NZD1;metaal: brons;munt;1971.0;1971.0;-9.07;21.0;NZD1.00411MTL052,NZD1,metaal: brons,munt,1971.0,1971.0,-9.07,21.0
NZD1.00411MTL053;NZD1;metaal: brons;munt;1980.0;1980.0;-9.07;21.0;NZD1.00411MTL053,NZD1,metaal: brons,munt,1980.0,1980.0,-9.07,21.0
NZD1.00411MTL054;NZD1;metaal: nikkel;munt;1972.0;1972.0;-9.07;19.0;NZD1.00411MTL054,NZD1,metaal: nikkel,munt,1972.0,1972.0,-9.07,19.0
NZD1.00411MTL055;NZD1;metaal: nikkel;munt;1995.0;1995.0;-9.07;19.0;NZD1.00411MTL055,NZD1,metaal: nikkel,munt,1995.0,1995.0,-9.07,19.0
NZD1.00411MTL056;NZD1;metaal: nikkel;munt;1950.0;1950.0;-9.07;19.0;NZD1.00411MTL056,NZD1,metaal: nikkel,munt,1950.0,1950.0,-9.07,19.0
NZD1.00411MTL057;NZD1;metaal: nikkel;munt;1989.0;1989.0;-9.07;19.0;NZD1.00411MTL057,NZD1,metaal: nikkel,munt,1989.0,1989.0,-9.07,19.0
NZD1.00411MTL058;NZD1;metaal: nikkel;munt;1979.0;1979.0;-9.07;19.0;NZD1.00411MTL058,NZD1,metaal: nikkel,munt,1979.0,1979.0,-9.07,19.0
NZD1.00411MTL059;NZD1;metaal: nikkel;munt;1979.0;1979.0;-9.07;19.0;NZD1.00411MTL059,NZD1,metaal: nikkel,munt,1979.0,1979.0,-9.07,19.0
NZD1.00411MTL060;NZD1;metaal: nikkel;munt;1948.0;1948.0;-9.07;19.0;NZD1.00411MTL060,NZD1,metaal: nikkel,munt,1948.0,1948.0,-9.07,19.0
NZD1.00411MTL061;NZD1;metaal: nikkel;munt;1950.0;1980.0;-9.07;15.0;NZD1.00411MTL061,NZD1,metaal: nikkel,munt,1950.0,1980.0,-9.07,15.0
NZD1.00411MTL062;NZD1;metaal: nikkel;munt;1966.0;1966.0;-9.07;15.0;NZD1.00411MTL062,NZD1,metaal: nikkel,munt,1966.0,1966.0,-9.07,15.0
NZD1.00411MTL063;NZD1;metaal: koper-nikkel-zink;munt;1939.0;1939.0;-9.07;22.0;NZD1.00411MTL063,NZD1,metaal: koper-nikkel-zink,munt,1939.0,1939.0,-9.07,22.0
NZD1.00411MTL064;NZD1;metaal: ijzer-koper;munt;1950.0;1950.0;-9.07;16.5;NZD1.00411MTL064,NZD1,metaal: ijzer-koper,munt,1950.0,1950.0,-9.07,16.5
NZD1.00411MTL065;NZD1;metaal: ijzer-koper;munt;1949.0;1949.0;-9.07;21.5;NZD1.00411MTL065,NZD1,metaal: ijzer-koper,munt,1949.0,1949.0,-9.07,21.5
NZD1.00411MTL066;NZD1;metaal: ijzer-koper;munt;1969.0;1969.0;-9.07;18.0;NZD1.00411MTL066,NZD1,metaal: ijzer-koper,munt,1969.0,1969.0,-9.07,18.0
NZD1.00411MTL067;NZD1;metaal: aluminium-brons;munt;1975.0;1975.0;-9.07;21.0;NZD1.00411MTL067,NZD1,metaal: aluminium-brons,munt,1975.0,1975.0,-9.07,21.0
NZD1.00411MTL068;NZD1;metaal: koper-nikkel;munt;1982.0;1982.0;-9.07;15.0;NZD1.00411MTL068,NZD1,metaal: koper-nikkel,munt,1982.0,1982.0,-9.07,15.0
NZD1.00412MTL125;NZD1;metaal: zilver;munt;1322.0;1346.0;-9.07;26.0;NZD1.00412MTL125,NZD1,metaal: zilver,munt,1322.0,1346.0,-9.07,26.0
NZD1.00412MTL126;NZD1;metaal: zilver;munt;1482.0;1506.0;-9.07;23.5;NZD1.00412MTL126,NZD1,metaal: zilver,munt,1482.0,1506.0,-9.07,23.5
NZD1.00412MTL127;NZD1;metaal: zilver;munt;1506.0;1518.0;-9.07;18.0;NZD1.00412MTL127,NZD1,metaal: zilver,munt,1506.0,1518.0,-9.07,18.0
NZD1.00412MTL128;NZD1;metaal: zilver;munt;1482.0;1506.0;-9.07;28.0;NZD1.00412MTL128,NZD1,metaal: zilver,munt,1482.0,1506.0,-9.07,28.0
NZD1.00412MTL129;NZD1;metaal: zilver;munt;1500.0;1556.0;-9.07;23.0;NZD1.00412MTL129,NZD1,metaal: zilver,munt,1500.0,1556.0,-9.07,23.0
NZD1.00412MTL130;NZD1;metaal: biljoen;munt;1505.0;1505.0;-9.07;16.0;NZD1.00412MTL130,NZD1,metaal: biljoen,munt,1505.0,1505.0,-9.07,16.0
NZD1.00412MTL131;NZD1;metaal: koper;munt;1578.0;1578.0;-9.07;23.0;NZD1.00412MTL131,NZD1,metaal: koper,munt,1578.0,1578.0,-9.07,23.0
NZD1.00412MTL132;NZD1;metaal: koper;munt;1578.0;1578.0;-9.07;26.0;NZD1.00412MTL132,NZD1,metaal: koper,munt,1578.0,1578.0,-9.07,26.0
NZD1.00412MTL133;NZD1;metaal: koper;munt;1604.0;1604.0;-9.07;24.0;NZD1.00412MTL133,NZD1,metaal: koper,munt,1604.0,1604.0,-9.07,24.0
NZD1.00412MTL134;NZD1;metaal: koper;munt;1616.0;1616.0;-9.07;21.0;NZD1.00412MTL134,NZD1,metaal: koper,munt,1616.0,1616.0,-9.07,21.0
NZD1.00412MTL135;NZD1;metaal: koper;munt;1628.0;1628.0;-9.07;21.0;NZD1.00412MTL135,NZD1,metaal: koper,munt,1628.0,1628.0,-9.07,21.0
NZD1.00412MTL142;NZD1;metaal: nikkel;munt;1972.0;1972.0;-9.07;19.0;NZD1.00412MTL142,NZD1,metaal: nikkel,munt,1972.0,1972.0,-9.07,19.0
NZD1.00412MTL143;NZD1;metaal: brons;munt;1971.0;1971.0;-9.07;20.0;NZD1.00412MTL143,NZD1,metaal: brons,munt,1971.0,1971.0,-9.07,20.0
NZD1.00412MTL144;NZD1;metaal: koper-zink;munt;1978.0;1978.0;-9.07;19.0;NZD1.00412MTL144,NZD1,metaal: koper-zink,munt,1978.0,1978.0,-9.07,19.0
NZD1.00412MTL145;NZD1;metaal: brons;munt;1971.0;1971.0;-9.07;26.0;NZD1.00412MTL145,NZD1,metaal: brons,munt,1971.0,1971.0,-9.07,26.0
NZD1.00412MTL146;NZD1;metaal: staal;munt;2002.0;2002.0;-9.07;16.25;NZD1.00412MTL146,NZD1,metaal: staal,munt,2002.0,2002.0,-9.07,16.25
NZD1.00412MTL147;NZD1;metaal: ijzer-koper;munt;1950.0;1950.0;-9.07;19.0;NZD1.00412MTL147,NZD1,metaal: ijzer-koper,munt,1950.0,1950.0,-9.07,19.0
NZD1.00412MTL148;NZD1;metaal: ijzer-koper;munt;1978.0;1978.0;-9.07;16.5;NZD1.00412MTL148,NZD1,metaal: ijzer-koper,munt,1978.0,1978.0,-9.07,16.5
NZD1.00412MTL149;NZD1;metaal: zink;munt;1921.0;1921.0;-9.07;21.0;NZD1.00412MTL149,NZD1,metaal: zink,munt,1921.0,1921.0,-9.07,21.0
NZD1.00412MTL150;NZD1;metaal: nikkel;munt;1980.0;1980.0;-9.07;19.0;NZD1.00412MTL150,NZD1,metaal: nikkel,munt,1980.0,1980.0,-9.07,19.0
NZD1.00412MTL151;NZD1;metaal: nikkel;munt;2000.0;2000.0;-9.07;19.0;NZD1.00412MTL151,NZD1,metaal: nikkel,munt,2000.0,2000.0,-9.07,19.0
NZD1.00412MTL152;NZD1;metaal: brons;munt;1958.0;1958.0;-9.07;17.0;NZD1.00412MTL152,NZD1,metaal: brons,munt,1958.0,1958.0,-9.07,17.0
NZD1.00412MTL153;NZD1;metaal: nikkel-brons;munt;1986.0;1986.0;-9.07;27.0;NZD1.00412MTL153,NZD1,metaal: nikkel-brons,munt,1986.0,1986.0,-9.07,27.0
NZD1.00412MTL154;NZD1;metaal: nikkel-messing;munt;1943.0;1943.0;-9.07;22.0;NZD1.00412MTL154,NZD1,metaal: nikkel-messing,munt,1943.0,1943.0,-9.07,22.0
NZD1.00412MTL155;NZD1;metaal: koper-nikkel;munt;1976.0;1976.0;-9.07;29.0;NZD1.00412MTL155,NZD1,metaal: koper-nikkel,munt,1976.0,1976.0,-9.07,29.0
NZD1.00412MTL156;NZD1;metaal: nikkel;munt;1978.0;1978.0;-9.07;24.0;NZD1.00412MTL156,NZD1,metaal: nikkel,munt,1978.0,1978.0,-9.07,24.0
NZD1.00412MTL157;NZD1;metaal: koper-nikkel;munt;1978.0;1978.0;-9.07;22.5;NZD1.00412MTL157,NZD1,metaal: koper-nikkel,munt,1978.0,1978.0,-9.07,22.5
NZD1.00412MTL158;NZD1;metaal: zilver;munt;1918.0;1918.0;-9.07;15.0;NZD1.00412MTL158,NZD1,metaal: zilver,munt,1918.0,1918.0,-9.07,15.0
NZD1.00412MTL159;NZD1;metaal: koper-nikkel;munt;1980.0;1980.0;-9.07;21.0;NZD1.00412MTL159,NZD1,metaal: koper-nikkel,munt,1980.0,1980.0,-9.07,21.0
NZD1.00412MTL160;NZD1;metaal: brons;munt;1952.0;1952.0;-9.07;17.0;NZD1.00412MTL160,NZD1,metaal: brons,munt,1952.0,1952.0,-9.07,17.0
NZD1.00412MTL161;NZD1;metaal: brons;munt;1962.0;1962.0;-9.07;17.0;NZD1.00412MTL161,NZD1,metaal: brons,munt,1962.0,1962.0,-9.07,17.0
NZD1.00412MTL162;NZD1;metaal: brons;munt;1941.0;1941.0;-9.07;19.0;NZD1.00412MTL162,NZD1,metaal: brons,munt,1941.0,1941.0,-9.07,19.0
NZD1.00412MTL163;NZD1;metaal: brons;munt;1964.0;1964.0;-9.07;17.0;NZD1.00412MTL163,NZD1,metaal: brons,munt,1964.0,1964.0,-9.07,17.0
NZD1.00412MTL164;NZD1;metaal: brons;munt;1941.0;1941.0;-9.07;19.0;NZD1.00412MTL164,NZD1,metaal: brons,munt,1941.0,1941.0,-9.07,19.0
NZD1.00412MTL165;NZD1;metaal: brons;munt;1957.0;1957.0;-9.07;17.0;NZD1.00412MTL165,NZD1,metaal: brons,munt,1957.0,1957.0,-9.07,17.0
NZD1.00412MTL166;NZD1;metaal: brons;munt;1979.0;1979.0;-9.07;21.0;NZD1.00412MTL166,NZD1,metaal: brons,munt,1979.0,1979.0,-9.07,21.0
NZD1.00412MTL167;NZD1;metaal: brons;munt;1963.0;1963.0;-9.07;21.0;NZD1.00412MTL167,NZD1,metaal: brons,munt,1963.0,1963.0,-9.07,21.0
NZD1.00412MTL168;NZD1;metaal: brons;munt;1985.0;1985.0;-9.07;21.0;NZD1.00412MTL168,NZD1,metaal: brons,munt,1985.0,1985.0,-9.07,21.0
NZD1.00412MTL169;NZD1;metaal: nikkel;munt;1995.0;1995.0;-9.07;15.0;NZD1.00412MTL169,NZD1,metaal: nikkel,munt,1995.0,1995.0,-9.07,15.0
NZD1.00412MTL170;NZD1;metaal: nikkel;munt;1989.0;1989.0;-9.07;15.0;NZD1.00412MTL170,NZD1,metaal: nikkel,munt,1989.0,1989.0,-9.07,15.0
NZD1.00412MTL171;NZD1;metaal: nikkel;munt;1978.0;1978.0;-9.07;15.0;NZD1.00412MTL171,NZD1,metaal: nikkel,munt,1978.0,1978.0,-9.07,15.0
NZD1.00412MTL172;NZD1;metaal: nikkel;munt;1990.0;1990.0;-9.07;15.0;NZD1.00412MTL172,NZD1,metaal: nikkel,munt,1990.0,1990.0,-9.07,15.0
NZD1.00412MTL173;NZD1;metaal: nikkel;munt;1954.0;1954.0;-9.07;15.0;NZD1.00412MTL173,NZD1,metaal: nikkel,munt,1954.0,1954.0,-9.07,15.0
NZD1.00412MTL174;NZD1;metaal: nikkel;munt;1979.0;1979.0;-9.07;15.0;NZD1.00412MTL174,NZD1,metaal: nikkel,munt,1979.0,1979.0,-9.07,15.0
NZD1.00412MTL175;NZD1;metaal: nikkel;munt;1966.0;1966.0;-9.07;19.0;NZD1.00412MTL175,NZD1,metaal: nikkel,munt,1966.0,1966.0,-9.07,19.0
NZD1.00412MTL176;NZD1;metaal: nikkel;munt;1978.0;1978.0;-9.07;19.0;NZD1.00412MTL176,NZD1,metaal: nikkel,munt,1978.0,1978.0,-9.07,19.0
NZD1.00412MTL177;NZD1;metaal: nikkel;munt;1978.0;1978.0;-9.07;19.0;NZD1.00412MTL177,NZD1,metaal: nikkel,munt,1978.0,1978.0,-9.07,19.0
NZD1.00412MTL178;NZD1;metaal: nikkel;munt;1983.0;1983.0;-9.07;19.0;NZD1.00412MTL178,NZD1,metaal: nikkel,munt,1983.0,1983.0,-9.07,19.0
NZD1.00412MTL179;NZD1;metaal: nikkel;munt;1948.0;1948.0;-9.07;19.0;NZD1.00412MTL179,NZD1,metaal: nikkel,munt,1948.0,1948.0,-9.07,19.0
NZD1.00412MTL180;NZD1;metaal: nikkel;munt;1986.0;1986.0;-9.07;19.0;NZD1.00412MTL180,NZD1,metaal: nikkel,munt,1986.0,1986.0,-9.07,19.0
NZD1.00412MTL181;NZD1;metaal: nikkel;munt;1950.0;1980.0;-9.07;19.0;NZD1.00412MTL181,NZD1,metaal: nikkel,munt,1950.0,1980.0,-9.07,19.0
NZD1.00412MTL182;NZD1;metaal: nikkel;munt;1951.0;1951.0;-9.07;19.0;NZD1.00412MTL182,NZD1,metaal: nikkel,munt,1951.0,1951.0,-9.07,19.0
NZD1.00412MTL183;NZD1;metaal: nikkel;munt;1951.0;1951.0;-9.07;19.0;NZD1.00412MTL183,NZD1,metaal: nikkel,munt,1951.0,1951.0,-9.07,19.0
NZD1.00412MTL184;NZD1;metaal: nikkel;munt;1971.0;1971.0;-9.07;15.0;NZD1.00412MTL184,NZD1,metaal: nikkel,munt,1971.0,1971.0,-9.07,15.0
NZD1.00412MTL185;NZD1;metaal: nikkel;munt;1974.0;1974.0;-9.07;15.0;NZD1.00412MTL185,NZD1,metaal: nikkel,munt,1974.0,1974.0,-9.07,15.0
NZD1.00412MTL186;NZD1;metaal: nikkel;munt;1987.0;1987.0;-9.07;15.0;NZD1.00412MTL186,NZD1,metaal: nikkel,munt,1987.0,1987.0,-9.07,15.0
NZD1.00412MTL187;NZD1;metaal: brons;munt;1964.0;1964.0;-9.07;17.0;NZD1.00412MTL187,NZD1,metaal: brons,munt,1964.0,1964.0,-9.07,17.0
NZD1.00412MTL188;NZD1;metaal: brons;munt;1954.0;1954.0;-9.07;17.0;NZD1.00412MTL188,NZD1,metaal: brons,munt,1954.0,1954.0,-9.07,17.0
NZD1.00412MTL189;NZD1;metaal: brons;munt;1956.0;1956.0;-9.07;17.0;NZD1.00412MTL189,NZD1,metaal: brons,munt,1956.0,1956.0,-9.07,17.0
NZD1.00412MTL190;NZD1;metaal: brons;munt;1995.0;1995.0;-9.07;21.0;NZD1.00412MTL190,NZD1,metaal: brons,munt,1995.0,1995.0,-9.07,21.0
NZD1.00412MTL191;NZD1;metaal: brons;munt;1950.0;1950.0;-9.07;21.0;NZD1.00412MTL191,NZD1,metaal: brons,munt,1950.0,1950.0,-9.07,21.0
NZD1.00412MTL192;NZD1;metaal: brons;munt;1953.0;1953.0;-9.07;21.0;NZD1.00412MTL192,NZD1,metaal: brons,munt,1953.0,1953.0,-9.07,21.0
NZD1.00412MTL194;NZD1;metaal: koperlegering;munt;1600.0;1900.0;-9.07;21.0;NZD1.00412MTL194,NZD1,metaal: koperlegering,munt,1600.0,1900.0,-9.07,21.0
NZD1.00415MTL008;NZD1;metaal: zilver;munt;1482.0;1506.0;-8.99;29.0;NZD1.00415MTL008,NZD1,metaal: zilver,munt,1482.0,1506.0,-8.99,29.0
NZD1.00415MTL009;NZD1;metaal: koper;munt;1606.0;1619.0;-8.99;22.0;NZD1.00415MTL009,NZD1,metaal: koper,munt,1606.0,1619.0,-8.99,22.0
NZD1.00415MTL010;NZD1;metaal: brons;munt;1952.0;1952.0;-8.99;21.0;NZD1.00415MTL010,NZD1,metaal: brons,munt,1952.0,1952.0,-8.99,21.0
NZD1.00416MTL030;NZD1;metaal: koper;munt;1580.0;1583.0;-8.99;26.0;NZD1.00416MTL030,NZD1,metaal: koper,munt,1580.0,1583.0,-8.99,26.0
NZD1.00416MTL032;NZD1;metaal: koper;munt;1702.0;1702.0;-8.99;22.0;NZD1.00416MTL032,NZD1,metaal: koper,munt,1702.0,1702.0,-8.99,22.0
NZD1.00416MTL034;NZD1;metaal: brons;munt;1964.0;1964.0;-8.99;17.0;NZD1.00416MTL034,NZD1,metaal: brons,munt,1964.0,1964.0,-8.99,17.0
NZD1.00416MTL035;NZD1;metaal: zilver;munt;1931.0;1931.0;-8.99;28.0;NZD1.00416MTL035,NZD1,metaal: zilver,munt,1931.0,1931.0,-8.99,28.0
NZD1.00416MTL036;NZD1;metaal: koper-nikkel;munt;1970.0;1970.0;-8.99;23.5;NZD1.00416MTL036,NZD1,metaal: koper-nikkel,munt,1970.0,1970.0,-8.99,23.5
NZD1.00416MTL037;NZD1;metaal: koper-nikkel;munt;1972.0;1972.0;-8.99;23.0;NZD1.00416MTL037,NZD1,metaal: koper-nikkel,munt,1972.0,1972.0,-8.99,23.0
NZD1.00417MTL020;NZD1;metaal: koper-nikkel;munt;1978.0;1978.0;-8.99;25.0;NZD1.00417MTL020,NZD1,metaal: koper-nikkel,munt,1978.0,1978.0,-8.99,25.0
NZD1.00417MTL021;NZD1;metaal: koper-zink;munt;1962.0;1962.0;-8.99;19.0;NZD1.00417MTL021,NZD1,metaal: koper-zink,munt,1962.0,1962.0,-8.99,19.0
NZD1.00417MTL022;NZD1;metaal: ijzer-koper;munt;1981.0;1981.0;-8.99;21.5;NZD1.00417MTL022,NZD1,metaal: ijzer-koper,munt,1981.0,1981.0,-8.99,21.5
NZD1.00418MTL063;NZD1;metaal: zilver;munt;1482.0;1506.0;-9.07;27.0;NZD1.00418MTL063,NZD1,metaal: zilver,munt,1482.0,1506.0,-9.07,27.0
NZD1.00418MTL064;NZD1;metaal: koper;munt;1590.0;1598.0;-9.07;24.0;NZD1.00418MTL064,NZD1,metaal: koper,munt,1590.0,1598.0,-9.07,24.0
NZD1.00418MTL065;NZD1;metaal: zilver;munt;1691.0;1691.0;-9.07;29.0;NZD1.00418MTL065,NZD1,metaal: zilver,munt,1691.0,1691.0,-9.07,29.0
NZD1.00418MTL066;NZD1;metaal: koper;munt;1702.0;1702.0;-9.07;22.0;NZD1.00418MTL066,NZD1,metaal: koper,munt,1702.0,1702.0,-9.07,22.0
NZD1.00418MTL067;NZD1;metaal: koper;munt;1702.0;1702.0;-9.07;21.0;NZD1.00418MTL067,NZD1,metaal: koper,munt,1702.0,1702.0,-9.07,21.0
NZD1.00418MTL072;NZD1;metaal: koper-nikkel;munt;1970.0;1970.0;-9.07;18.0;NZD1.00418MTL072,NZD1,metaal: koper-nikkel,munt,1970.0,1970.0,-9.07,18.0
NZD1.00418MTL073;NZD1;metaal: nikkel;munt;1977.0;1977.0;-9.07;15.0;NZD1.00418MTL073,NZD1,metaal: nikkel,munt,1977.0,1977.0,-9.07,15.0
NZD1.00418MTL074;NZD1;metaal: nikkel;munt;1974.0;1974.0;-9.07;15.0;NZD1.00418MTL074,NZD1,metaal: nikkel,munt,1974.0,1974.0,-9.07,15.0
NZD1.00418MTL075;NZD1;metaal: brons;munt;1980.0;1980.0;-9.07;21.0;NZD1.00418MTL075,NZD1,metaal: brons,munt,1980.0,1980.0,-9.07,21.0
NZD1.00418MTL076;NZD1;metaal: brons;munt;1963.0;1963.0;-9.07;17.0;NZD1.00418MTL076,NZD1,metaal: brons,munt,1963.0,1963.0,-9.07,17.0
NZD1.00418MTL077;NZD1;metaal: koper-nikkel;munt;2000.0;2000.0;-9.07;24.5;NZD1.00418MTL077,NZD1,metaal: koper-nikkel,munt,2000.0,2000.0,-9.07,24.5
NZD1.00418MTL078;NZD1;metaal: koper-nikkel;munt;1989.0;1989.0;-9.07;21.0;NZD1.00418MTL078,NZD1,metaal: koper-nikkel,munt,1989.0,1989.0,-9.07,21.0
NZD1.00418MTL079;NZD1;metaal: zilver;munt;1939.0;1939.0;-9.07;15.0;NZD1.00418MTL079,NZD1,metaal: zilver,munt,1939.0,1939.0,-9.07,15.0
NZD1.00418MTL080;NZD1;metaal: nikkel;munt;1951.0;1951.0;-9.07;15.0;NZD1.00418MTL080,NZD1,metaal: nikkel,munt,1951.0,1951.0,-9.07,15.0
NZD1.00418MTL081;NZD1;metaal: nikkel;munt;1948.0;1948.0;-9.07;15.0;NZD1.00418MTL081,NZD1,metaal: nikkel,munt,1948.0,1948.0,-9.07,15.0
NZD1.00418MTL082;NZD1;metaal: nikkel;munt;1955.0;1955.0;-9.07;15.0;NZD1.00418MTL082,NZD1,metaal: nikkel,munt,1955.0,1955.0,-9.07,15.0
NZD1.00418MTL083;NZD1;metaal: nikkel;munt;1976.0;1976.0;-9.07;15.0;NZD1.00418MTL083,NZD1,metaal: nikkel,munt,1976.0,1976.0,-9.07,15.0
NZD1.00418MTL084;NZD1;metaal: nikkel;munt;1998.0;1998.0;-9.07;19.0;NZD1.00418MTL084,NZD1,metaal: nikkel,munt,1998.0,1998.0,-9.07,19.0
NZD1.00418MTL085;NZD1;metaal: brons;munt;1951.0;1951.0;-9.07;17.0;NZD1.00418MTL085,NZD1,metaal: brons,munt,1951.0,1951.0,-9.07,17.0
NZD1.00418MTL086;NZD1;metaal: brons;munt;1979.0;1979.0;-9.07;20.0;NZD1.00418MTL086,NZD1,metaal: brons,munt,1979.0,1979.0,-9.07,20.0
NZD1.00418MTL087;NZD1;metaal: ijzer-koper;munt;1981.0;1981.0;-9.07;19.0;NZD1.00418MTL087,NZD1,metaal: ijzer-koper,munt,1981.0,1981.0,-9.07,19.0
NZD1.00418MTL088;NZD1;metaal: ijzer-koper;munt;1950.0;1950.0;-9.07;21.5;NZD1.00418MTL088,NZD1,metaal: ijzer-koper,munt,1950.0,1950.0,-9.07,21.5
NZD1.00418MTL089;NZD1;metaal: aluminium-brons;munt;1987.0;1987.0;-9.07;20.0;NZD1.00418MTL089,NZD1,metaal: aluminium-brons,munt,1987.0,1987.0,-9.07,20.0
NZD1.00418MTL090;NZD1;metaal: zink;munt;1920.0;1920.0;-9.07;21.0;NZD1.00418MTL090,NZD1,metaal: zink,munt,1920.0,1920.0,-9.07,21.0
NZD1.00418MTL091;NZD1;metaal: koper-nikkel;munt;1991.0;1991.0;-9.07;18.0;NZD1.00418MTL091,NZD1,metaal: koper-nikkel,munt,1991.0,1991.0,-9.07,18.0
NZD1.00418MTL092;NZD1;metaal: ijzer-koper-nikkel;munt;1989.0;1989.0;-9.07;18.0;NZD1.00418MTL092,NZD1,metaal: ijzer-koper-nikkel,munt,1989.0,1989.0,-9.07,18.0
NZD1.00418MTL093;NZD1;metaal: aluminium;munt;1997.0;1997.0;-9.07;18.0;NZD1.00418MTL093,NZD1,metaal: aluminium,munt,1997.0,1997.0,-9.07,18.0
NZD1.00418MTL094;NZD1;metaal: nikkel;munt;1979.0;1979.0;-9.07;23.8;NZD1.00418MTL094,NZD1,metaal: nikkel,munt,1979.0,1979.0,-9.07,23.8
NZD1.00420MTL007;NZD1;metaal: zilver;munt;1694.0;1800.0;-9.07;32.0;NZD1.00420MTL007,NZD1,metaal: zilver,munt,1694.0,1800.0,-9.07,32.0
NZD1.00440MTL024;NZD1;metaal: biljoen;munt;1505.0;1505.0;-9.91;16.0;NZD1.00440MTL024,NZD1,metaal: biljoen,munt,1505.0,1505.0,-9.91,16.0
NZD1.00440MTL025;NZD1;metaal: koper;munt;1604.0;1605.0;-9.91;21.0;NZD1.00440MTL025,NZD1,metaal: koper,munt,1604.0,1605.0,-9.91,21.0
NZD1.00442MTL032;NZD1;metaal: biljoen;munt;1523.0;1525.0;-9.07;17.0;NZD1.00442MTL032,NZD1,metaal: biljoen,munt,1523.0,1525.0,-9.07,17.0
NZD1.00442MTL033;NZD1;metaal: brons;munt;1938.0;1938.0;-9.07;14.0;NZD1.00442MTL033,NZD1,metaal: brons,munt,1938.0,1938.0,-9.07,14.0
NZD1.00445MTL020;NZD1;metaal: koper;munt;1702.0;1702.0;-9.07;22.0;NZD1.00445MTL020,NZD1,metaal: koper,munt,1702.0,1702.0,-9.07,22.0
NZD1.00445MTL021;NZD1;metaal: koper;munt;1702.0;1754.0;-9.07;21.0;NZD1.00445MTL021,NZD1,metaal: koper,munt,1702.0,1754.0,-9.07,21.0
NZD1.00445MTL025;NZD1;metaal: koper;munt;1819.0;1877.0;-9.07;15.0;NZD1.00445MTL025,NZD1,metaal: koper,munt,1819.0,1877.0,-9.07,15.0
NZD1.00446MTL021;NZD1;metaal: brons;munt;1971.0;1971.0;-9.07;20.0;NZD1.00446MTL021,NZD1,metaal: brons,munt,1971.0,1971.0,-9.07,20.0
NZD1.00446MTL022;NZD1;metaal: ijzer-koper;munt;1950.0;1950.0;-9.07;21.5;NZD1.00446MTL022,NZD1,metaal: ijzer-koper,munt,1950.0,1950.0,-9.07,21.5
NZD1.00447MTL025;NZD1;metaal: koper;munt;1604.0;1605.0;-9.07;23.0;NZD1.00447MTL025,NZD1,metaal: koper,munt,1604.0,1605.0,-9.07,23.0
NZD1.00447MTL026;NZD1;metaal: koper;munt;1604.0;1605.0;-9.07;23.0;NZD1.00447MTL026,NZD1,metaal: koper,munt,1604.0,1605.0,-9.07,23.0
NZD1.00447MTL036;NZD1;metaal: biljoen;munt;1573.0;1578.0;-9.07;16.0;NZD1.00447MTL036,NZD1,metaal: biljoen,munt,1573.0,1578.0,-9.07,16.0
NZD1.00447MTL037;NZD1;metaal: koper;munt;1525.0;1559.0;-9.07;22.0;NZD1.00447MTL037,NZD1,metaal: koper,munt,1525.0,1559.0,-9.07,22.0
NZD1.00447MTL039;NZD1;metaal: ijzer-koper;munt;1981.0;1981.0;-9.07;21.5;NZD1.00447MTL039,NZD1,metaal: ijzer-koper,munt,1981.0,1981.0,-9.07,21.5
NZD1.00447MTL040;NZD1;metaal: brons;munt;1966.0;1966.0;-9.07;21.0;NZD1.00447MTL040,NZD1,metaal: brons,munt,1966.0,1966.0,-9.07,21.0
NZD1.00448MTL032;NZD1;metaal: zilver;munt;1601.0;1601.0;-9.91;31.0;NZD1.00448MTL032,NZD1,metaal: zilver,munt,1601.0,1601.0,-9.91,31.0
NZD1.00448MTL033;NZD1;metaal: koper;munt;1617.0;1617.0;-9.91;20.0;NZD1.00448MTL033,NZD1,metaal: koper,munt,1617.0,1617.0,-9.91,20.0
NZD1.00448MTL034;NZD1;metaal: koper;munt;1702.0;1702.0;-9.91;22.0;NZD1.00448MTL034,NZD1,metaal: koper,munt,1702.0,1702.0,-9.91,22.0
NZD1.00448MTL040;NZD1;metaal: koperlegering;munt;1550.0;1580.0;-9.91;24.0;NZD1.00448MTL040,NZD1,metaal: koperlegering,munt,1550.0,1580.0,-9.91,24.0
NZD1.00449MTL023;NZD1;metaal: ijzer-koper;munt;1987.0;1987.0;-9.91;18.0;NZD1.00449MTL023,NZD1,metaal: ijzer-koper,munt,1987.0,1987.0,-9.91,18.0
NZD1.00449MTL024;NZD1;metaal: nikkel;munt;1950.0;1950.0;-9.91;15.0;NZD1.00449MTL024,NZD1,metaal: nikkel,munt,1950.0,1950.0,-9.91,15.0
NZD1.00449MTL025;NZD1;metaal: nikkel;munt;1996.0;1996.0;-9.91;15.0;NZD1.00449MTL025,NZD1,metaal: nikkel,munt,1996.0,1996.0,-9.91,15.0
NZD1.00450MTL044;NZD1;metaal: zilver;munt;1547.0;1547.0;-9.91;34.5;NZD1.00450MTL044,NZD1,metaal: zilver,munt,1547.0,1547.0,-9.91,34.5
NZD1.00450MTL045;NZD1;metaal: zilver;munt;1601.0;1601.0;-9.91;31.0;NZD1.00450MTL045,NZD1,metaal: zilver,munt,1601.0,1601.0,-9.91,31.0
NZD1.00450MTL046;NZD1;metaal: koper;munt;1612.0;1622.0;-9.91;19.0;NZD1.00450MTL046,NZD1,metaal: koper,munt,1612.0,1622.0,-9.91,19.0
NZD1.00450MTL048;NZD1;metaal: zilver;munt;1627.0;1627.0;-9.91;24.0;NZD1.00450MTL048,NZD1,metaal: zilver,munt,1627.0,1627.0,-9.91,24.0
NZD1.00450MTL058;NZD1;metaal: brons;munt;1914.0;1914.0;-9.91;31.0;NZD1.00450MTL058,NZD1,metaal: brons,munt,1914.0,1914.0,-9.91,31.0
NZD1.00450MTL059;NZD1;metaal: koper;munt;1702.0;1794.0;-9.91;21.0;NZD1.00450MTL059,NZD1,metaal: koper,munt,1702.0,1794.0,-9.91,21.0
NZD1.00450MTL060;NZD1;metaal: koper;munt;1543.0;1556.0;-9.91;19.0;NZD1.00450MTL060,NZD1,metaal: koper,munt,1543.0,1556.0,-9.91,19.0
NZD1.00454MTL026;NZD1;metaal: koper;munt;1595.0;1595.0;-9.91;22.0;NZD1.00454MTL026,NZD1,metaal: koper,munt,1595.0,1595.0,-9.91,22.0
NZD1.00454MTL034;NZD1;metaal: nikkel;munt;1977.0;1977.0;-9.91;25.0;NZD1.00454MTL034,NZD1,metaal: nikkel,munt,1977.0,1977.0,-9.91,25.0
NZD1.00454MTL035;NZD1;metaal: koper-nikkel-aluminium;munt;1986.0;1986.0;-9.91;24.0;NZD1.00454MTL035,NZD1,metaal: koper-nikkel-aluminium,munt,1986.0,1986.0,-9.91,24.0
NZD1.00454MTL036;NZD1;metaal: ijzer-koper;munt;1989.0;1989.0;-9.91;21.5;NZD1.00454MTL036,NZD1,metaal: ijzer-koper,munt,1989.0,1989.0,-9.91,21.5
NZD1.00454MTL037;NZD1;metaal: ijzer-koper;munt;1949.0;2002.0;-9.91;18.0;NZD1.00454MTL037,NZD1,metaal: ijzer-koper,munt,1949.0,2002.0,-9.91,18.0
NZD1.00455MTL016;NZD1;metaal: koper-zink;munt;1959.0;1959.0;-9.91;19.0;NZD1.00455MTL016,NZD1,metaal: koper-zink,munt,1959.0,1959.0,-9.91,19.0
NZD1.00455MTL025;NZD1;metaal: zilver;munt;1496.0;1496.0;-9.91;20.0;NZD1.00455MTL025,NZD1,metaal: zilver,munt,1496.0,1496.0,-9.91,20.0
NZD1.00456MTL018;NZD1;metaal: zilver;munt;1389.0;1418.0;-9.91;24.5;NZD1.00456MTL018,NZD1,metaal: zilver,munt,1389.0,1418.0,-9.91,24.5
NZD1.00456MTL020;NZD1;metaal: koper;munt;1702.0;1780.0;-9.91;21.0;NZD1.00456MTL020,NZD1,metaal: koper,munt,1702.0,1780.0,-9.91,21.0
NZD1.00456MTL021;NZD1;metaal: ijzer-nikkel;munt;1992.0;1992.0;-9.91;24.0;NZD1.00456MTL021,NZD1,metaal: ijzer-nikkel,munt,1992.0,1992.0,-9.91,24.0
NZD1.00456MTL022;NZD1;metaal: brons;munt;1965.0;1965.0;-9.91;17.0;NZD1.00456MTL022,NZD1,metaal: brons,munt,1965.0,1965.0,-9.91,17.0
NZD1.00458MTL036;NZD1;metaal: koper;munt;1715.0;1715.0;-9.91;22.0;NZD1.00458MTL036,NZD1,metaal: koper,munt,1715.0,1715.0,-9.91,22.0
NZD1.00458MTL037;NZD1;metaal: koper;munt;1768.0;1768.0;-9.91;21.0;NZD1.00458MTL037,NZD1,metaal: koper,munt,1768.0,1768.0,-9.91,21.0
NZD1.00458MTL039;NZD1;metaal: zilver;munt;1849.0;1849.0;-9.91;19.0;NZD1.00458MTL039,NZD1,metaal: zilver,munt,1849.0,1849.0,-9.91,19.0
NZD1.00458MTL040;NZD1;metaal: brons;munt;1976.0;1976.0;-9.91;21.0;NZD1.00458MTL040,NZD1,metaal: brons,munt,1976.0,1976.0,-9.91,21.0
NZD1.00458MTL041;NZD1;metaal: nikkel;munt;1950.0;1980.0;-9.91;15.0;NZD1.00458MTL041,NZD1,metaal: nikkel,munt,1950.0,1980.0,-9.91,15.0
NZD1.00458MTL042;NZD1;metaal: ijzer-koper;munt;1949.0;2002.0;-9.91;16.5;NZD1.00458MTL042,NZD1,metaal: ijzer-koper,munt,1949.0,2002.0,-9.91,16.5
NZD1.00458MTL043;NZD1;metaal: koper;munt;1827.0;1827.0;-9.91;22.0;NZD1.00458MTL043,NZD1,metaal: koper,munt,1827.0,1827.0,-9.91,22.0
NZD1.00458MTL044;NZD1;metaal: koper;munt;1833.0;1919.0;-9.91;22.0;NZD1.00458MTL044,NZD1,metaal: koper,munt,1833.0,1919.0,-9.91,22.0
NZD1.00459MTL032;NZD1;metaal: zilver;munt;1690.0;1690.0;-9.91;27.0;NZD1.00459MTL032,NZD1,metaal: zilver,munt,1690.0,1690.0,-9.91,27.0
NZD1.00459MTL033;NZD1;metaal: koper;munt;1702.0;1702.0;-9.91;22.0;NZD1.00459MTL033,NZD1,metaal: koper,munt,1702.0,1702.0,-9.91,22.0
NZD1.00459MTL034;NZD1;metaal: koper;munt;1702.0;1702.0;-9.91;22.0;NZD1.00459MTL034,NZD1,metaal: koper,munt,1702.0,1702.0,-9.91,22.0
NZD1.00459MTL035;NZD1;metaal: koper;munt;1702.0;1702.0;-9.91;22.0;NZD1.00459MTL035,NZD1,metaal: koper,munt,1702.0,1702.0,-9.91,22.0
NZD1.00459MTL040;NZD1;metaal: zilver;munt;1450.0;1550.0;-9.91;16.0;NZD1.00459MTL040,NZD1,metaal: zilver,munt,1450.0,1550.0,-9.91,16.0
NZD1.00459MTL041;NZD1;metaal: koper-zink;munt;1979.0;1979.0;-9.91;19.0;NZD1.00459MTL041,NZD1,metaal: koper-zink,munt,1979.0,1979.0,-9.91,19.0
NZD1.00459MTL042;NZD1;metaal: brons;munt;1959.0;1959.0;-9.91;17.0;NZD1.00459MTL042,NZD1,metaal: brons,munt,1959.0,1959.0,-9.91,17.0
NZD1.00460MTL013;NZD1;metaal: zilver;munt;1482.0;1521.0;-9.91;18.0;NZD1.00460MTL013,NZD1,metaal: zilver,munt,1482.0,1521.0,-9.91,18.0
NZD1.00460MTL014;NZD1;metaal: zilver;munt;1681.0;1684.0;-9.91;17.0;NZD1.00460MTL014,NZD1,metaal: zilver,munt,1681.0,1684.0,-9.91,17.0
NZD1.00460MTL015;NZD1;metaal: koper;munt;1716.0;1716.0;-9.91;21.0;NZD1.00460MTL015,NZD1,metaal: koper,munt,1716.0,1716.0,-9.91,21.0
NZD1.00460MTL017;NZD1;metaal: koperlegering;munt;1400.0;1700.0;-9.91;16.0;NZD1.00460MTL017,NZD1,metaal: koperlegering,munt,1400.0,1700.0,-9.91,16.0
NZD1.00461MTL039;NZD1;metaal: ijzer-koper;munt;1970.0;1970.0;-9.91;21.5;NZD1.00461MTL039,NZD1,metaal: ijzer-koper,munt,1970.0,1970.0,-9.91,21.5
NZD1.00461MTL040;NZD1;metaal: nikkel;munt;1991.0;1991.0;-9.91;15.0;NZD1.00461MTL040,NZD1,metaal: nikkel,munt,1991.0,1991.0,-9.91,15.0
NZD1.00461MTL041;NZD1;metaal: nikkel;munt;1985.0;1985.0;-9.91;15.0;NZD1.00461MTL041,NZD1,metaal: nikkel,munt,1985.0,1985.0,-9.91,15.0
NZD1.00461MTL042;NZD1;metaal: nikkel;munt;1982.0;1999.0;-9.91;15.0;NZD1.00461MTL042,NZD1,metaal: nikkel,munt,1982.0,1999.0,-9.91,15.0
NZD1.00461MTL043;NZD1;metaal: nikkel;munt;1958.0;1958.0;-9.91;15.0;NZD1.00461MTL043,NZD1,metaal: nikkel,munt,1958.0,1958.0,-9.91,15.0
NZD1.00461MTL044;NZD1;metaal: nikkel;munt;1990.0;1990.0;-9.91;19.0;NZD1.00461MTL044,NZD1,metaal: nikkel,munt,1990.0,1990.0,-9.91,19.0
NZD1.00461MTL045;NZD1;metaal: nikkel;munt;1995.0;1995.0;-9.91;19.0;NZD1.00461MTL045,NZD1,metaal: nikkel,munt,1995.0,1995.0,-9.91,19.0
NZD1.00461MTL046;NZD1;metaal: nikkel;munt;1956.0;1956.0;-9.91;19.0;NZD1.00461MTL046,NZD1,metaal: nikkel,munt,1956.0,1956.0,-9.91,19.0
NZD1.00462MTL136;NZD1;metaal: biljoen;munt;1482.0;1506.0;-9.91;18.5;NZD1.00462MTL136,NZD1,metaal: biljoen,munt,1482.0,1506.0,-9.91,18.5
NZD1.00462MTL142;NZD1;metaal: koper;munt;1578.0;1579.0;-9.91;27.0;NZD1.00462MTL142,NZD1,metaal: koper,munt,1578.0,1579.0,-9.91,27.0
NZD1.00462MTL143;NZD1;metaal: koper;munt;1617.0;1637.0;-9.91;19.0;NZD1.00462MTL143,NZD1,metaal: koper,munt,1617.0,1637.0,-9.91,19.0
NZD1.00462MTL146;NZD1;metaal: koper;munt;1637.0;1637.0;-9.91;29.0;NZD1.00462MTL146,NZD1,metaal: koper,munt,1637.0,1637.0,-9.91,29.0
NZD1.00462MTL154;NZD1;metaal: koperlegering;munt;1600.0;1800.0;-9.91;19.0;NZD1.00462MTL154,NZD1,metaal: koperlegering,munt,1600.0,1800.0,-9.91,19.0
NZD1.00462MTL156;NZD1;metaal: koperlegering;munt;1600.0;1800.0;-9.91;25.0;NZD1.00462MTL156,NZD1,metaal: koperlegering,munt,1600.0,1800.0,-9.91,25.0
NZD1.00462MTL157;NZD1;metaal: koper;munt;1851.0;1851.0;-9.91;16.0;NZD1.00462MTL157,NZD1,metaal: koper,munt,1851.0,1851.0,-9.91,16.0
NZD1.00462MTL158;NZD1;metaal: zilver;munt;1919.0;1919.0;-9.91;19.0;NZD1.00462MTL158,NZD1,metaal: zilver,munt,1919.0,1919.0,-9.91,19.0
NZD1.00462MTL159;NZD1;metaal: brons;munt;1925.0;1925.0;-9.91;19.0;NZD1.00462MTL159,NZD1,metaal: brons,munt,1925.0,1925.0,-9.91,19.0
NZD1.00462MTL160;NZD1;metaal: brons;munt;1958.0;1958.0;-9.91;17.0;NZD1.00462MTL160,NZD1,metaal: brons,munt,1958.0,1958.0,-9.91,17.0
NZD1.00462MTL161;NZD1;metaal: brons;munt;1953.0;1953.0;-9.91;17.0;NZD1.00462MTL161,NZD1,metaal: brons,munt,1953.0,1953.0,-9.91,17.0
NZD1.00462MTL162;NZD1;metaal: brons;munt;1948.0;1948.0;-9.91;17.0;NZD1.00462MTL162,NZD1,metaal: brons,munt,1948.0,1948.0,-9.91,17.0
NZD1.00462MTL163;NZD1;metaal: brons;munt;1978.0;1978.0;-9.91;17.0;NZD1.00462MTL163,NZD1,metaal: brons,munt,1978.0,1978.0,-9.91,17.0
NZD1.00462MTL164;NZD1;metaal: brons;munt;1956.0;1956.0;-9.91;17.0;NZD1.00462MTL164,NZD1,metaal: brons,munt,1956.0,1956.0,-9.91,17.0
NZD1.00462MTL165;NZD1;metaal: brons;munt;1953.0;1953.0;-9.91;17.0;NZD1.00462MTL165,NZD1,metaal: brons,munt,1953.0,1953.0,-9.91,17.0
NZD1.00462MTL166;NZD1;metaal: brons;munt;1958.0;1958.0;-9.91;17.0;NZD1.00462MTL166,NZD1,metaal: brons,munt,1958.0,1958.0,-9.91,17.0
NZD1.00462MTL167;NZD1;metaal: brons;munt;1973.0;1973.0;-9.91;17.0;NZD1.00462MTL167,NZD1,metaal: brons,munt,1973.0,1973.0,-9.91,17.0
NZD1.00462MTL168;NZD1;metaal: brons;munt;1980.0;1980.0;-9.91;21.0;NZD1.00462MTL168,NZD1,metaal: brons,munt,1980.0,1980.0,-9.91,21.0
NZD1.00462MTL169;NZD1;metaal: brons;munt;1953.0;1953.0;-9.91;21.0;NZD1.00462MTL169,NZD1,metaal: brons,munt,1953.0,1953.0,-9.91,21.0
NZD1.00462MTL170;NZD1;metaal: brons;munt;1997.0;1997.0;-9.91;21.0;NZD1.00462MTL170,NZD1,metaal: brons,munt,1997.0,1997.0,-9.91,21.0
NZD1.00462MTL171;NZD1;metaal: nikkel;munt;1965.0;1965.0;-9.91;15.0;NZD1.00462MTL171,NZD1,metaal: nikkel,munt,1965.0,1965.0,-9.91,15.0
NZD1.00462MTL172;NZD1;metaal: zink;munt;1917.0;1917.0;-9.91;21.0;NZD1.00462MTL172,NZD1,metaal: zink,munt,1917.0,1917.0,-9.91,21.0
NZD1.00462MTL173;NZD1;metaal: ijzer-koper;munt;1950.0;1950.0;-9.91;21.5;NZD1.00462MTL173,NZD1,metaal: ijzer-koper,munt,1950.0,1950.0,-9.91,21.5
NZD1.00462MTL174;NZD1;metaal: zink;munt;1920.0;1920.0;-9.91;21.0;NZD1.00462MTL174,NZD1,metaal: zink,munt,1920.0,1920.0,-9.91,21.0
NZD1.00462MTL175;NZD1;metaal: koper-nikkel;munt;1980.0;1980.0;-9.91;25.5;NZD1.00462MTL175,NZD1,metaal: koper-nikkel,munt,1980.0,1980.0,-9.91,25.5
NZD1.00462MTL176;NZD1;metaal: koper-nikkel-aluminium;munt;1980.0;1993.0;-9.91;26.0;NZD1.00462MTL176,NZD1,metaal: koper-nikkel-aluminium,munt,1980.0,1993.0,-9.91,26.0
NZD1.00462MTL177;NZD1;metaal: koper-zink;munt;1966.0;1966.0;-9.91;19.0;NZD1.00462MTL177,NZD1,metaal: koper-zink,munt,1966.0,1966.0,-9.91,19.0
NZD1.00462MTL178;NZD1;metaal: ijzer-koper;munt;1988.0;1988.0;-9.91;21.5;NZD1.00462MTL178,NZD1,metaal: ijzer-koper,munt,1988.0,1988.0,-9.91,21.5
NZD1.00462MTL179;NZD1;metaal: messing;munt;1999.0;1999.0;-9.91;17.5;NZD1.00462MTL179,NZD1,metaal: messing,munt,1999.0,1999.0,-9.91,17.5
NZD1.00462MTL180;NZD1;metaal: ijzer-koper;munt;1949.0;1949.0;-9.91;21.5;NZD1.00462MTL180,NZD1,metaal: ijzer-koper,munt,1949.0,1949.0,-9.91,21.5
NZD1.00462MTL181;NZD1;metaal: koper;munt;1821.0;1828.0;-9.91;22.0;NZD1.00462MTL181,NZD1,metaal: koper,munt,1821.0,1828.0,-9.91,22.0
NZD1.00462MTL182;NZD1;metaal: nikkel;munt;1980.0;1980.0;-9.91;19.0;NZD1.00462MTL182,NZD1,metaal: nikkel,munt,1980.0,1980.0,-9.91,19.0
NZD1.00462MTL183;NZD1;metaal: nikkel;munt;1998.0;1998.0;-9.91;19.0;NZD1.00462MTL183,NZD1,metaal: nikkel,munt,1998.0,1998.0,-9.91,19.0
NZD1.00462MTL184;NZD1;metaal: brons;munt;1990.0;1990.0;-9.91;21.0;NZD1.00462MTL184,NZD1,metaal: brons,munt,1990.0,1990.0,-9.91,21.0
NZD1.00462MTL185;NZD1;metaal: brons;munt;1954.0;1954.0;-9.91;21.0;NZD1.00462MTL185,NZD1,metaal: brons,munt,1954.0,1954.0,-9.91,21.0
NZD1.00462MTL186;NZD1;metaal: brons;munt;1950.0;1950.0;-9.91;21.0;NZD1.00462MTL186,NZD1,metaal: brons,munt,1950.0,1950.0,-9.91,21.0
NZD1.00462MTL187;NZD1;metaal: brons;munt;1953.0;1953.0;-9.91;17.0;NZD1.00462MTL187,NZD1,metaal: brons,munt,1953.0,1953.0,-9.91,17.0
NZD1.00462MTL188;NZD1;metaal: brons;munt;1951.0;1951.0;-9.91;17.0;NZD1.00462MTL188,NZD1,metaal: brons,munt,1951.0,1951.0,-9.91,17.0
NZD1.00462MTL189;NZD1;metaal: brons;munt;1951.0;1951.0;-9.91;17.0;NZD1.00462MTL189,NZD1,metaal: brons,munt,1951.0,1951.0,-9.91,17.0
NZD1.00462MTL190;NZD1;metaal: brons;munt;1966.0;1966.0;-9.91;17.0;NZD1.00462MTL190,NZD1,metaal: brons,munt,1966.0,1966.0,-9.91,17.0
NZD1.00462MTL191;NZD1;metaal: nikkel;munt;1978.0;1978.0;-9.91;15.0;NZD1.00462MTL191,NZD1,metaal: nikkel,munt,1978.0,1978.0,-9.91,15.0
NZD1.00462MTL192;NZD1;metaal: nikkel;munt;1964.0;1964.0;-9.91;15.0;NZD1.00462MTL192,NZD1,metaal: nikkel,munt,1964.0,1964.0,-9.91,15.0
NZD1.00462MTL193;NZD1;metaal: nikkel;munt;1968.0;1968.0;-9.91;15.0;NZD1.00462MTL193,NZD1,metaal: nikkel,munt,1968.0,1968.0,-9.91,15.0
NZD1.00462MTL194;NZD1;metaal: nikkel;munt;1999.0;1999.0;-9.91;15.0;NZD1.00462MTL194,NZD1,metaal: nikkel,munt,1999.0,1999.0,-9.91,15.0
NZD1.00462MTL195;NZD1;metaal: nikkel;munt;1958.0;1958.0;-9.91;15.0;NZD1.00462MTL195,NZD1,metaal: nikkel,munt,1958.0,1958.0,-9.91,15.0
NZD1.00462MTL196;NZD1;metaal: brons;munt;1955.0;1955.0;-9.91;17.0;NZD1.00462MTL196,NZD1,metaal: brons,munt,1955.0,1955.0,-9.91,17.0
NZD1.00462MTL197;NZD1;metaal: brons;munt;1967.0;1967.0;-9.91;17.0;NZD1.00462MTL197,NZD1,metaal: brons,munt,1967.0,1967.0,-9.91,17.0
NZD1.00462MTL198;NZD1;metaal: brons;munt;1967.0;1967.0;-9.91;17.0;NZD1.00462MTL198,NZD1,metaal: brons,munt,1967.0,1967.0,-9.91,17.0
NZD1.00462MTL199;NZD1;metaal: brons;munt;1973.0;1973.0;-9.91;17.0;NZD1.00462MTL199,NZD1,metaal: brons,munt,1973.0,1973.0,-9.91,17.0
NZD1.00462MTL200;NZD1;metaal: brons;munt;1967.0;1967.0;-9.91;17.0;NZD1.00462MTL200,NZD1,metaal: brons,munt,1967.0,1967.0,-9.91,17.0
NZD1.00462MTL201;NZD1;metaal: brons;munt;1948.0;1948.0;-9.91;17.0;NZD1.00462MTL201,NZD1,metaal: brons,munt,1948.0,1948.0,-9.91,17.0
NZD1.00462MTL202;NZD1;metaal: koper;munt;1916.0;1916.0;-9.91;17.0;NZD1.00462MTL202,NZD1,metaal: koper,munt,1916.0,1916.0,-9.91,17.0
NZD1.00463MTL013;NZD1;metaal: koper-nikkel;munt;1960.0;1960.0;-10.42;23.0;NZD1.00463MTL013,NZD1,metaal: koper-nikkel,munt,1960.0,1960.0,-10.42,23.0
NZD1.00464MTL075;NZD1;metaal: zilver;munt;1521.0;1556.0;-10.42;16.0;NZD1.00464MTL075,NZD1,metaal: zilver,munt,1521.0,1556.0,-10.42,16.0
NZD1.00464MTL076;NZD1;metaal: koper;munt;1579.0;1579.0;-10.42;25.0;NZD1.00464MTL076,NZD1,metaal: koper,munt,1579.0,1579.0,-10.42,25.0
NZD1.00464MTL077;NZD1;metaal: koper;munt;1702.0;1702.0;-10.42;22.0;NZD1.00464MTL077,NZD1,metaal: koper,munt,1702.0,1702.0,-10.42,22.0
NZD1.00464MTL078;NZD1;metaal: koper;munt;1715.0;1715.0;-10.42;22.0;NZD1.00464MTL078,NZD1,metaal: koper,munt,1715.0,1715.0,-10.42,22.0
NZD1.00464MTL088;NZD1;metaal: koper;munt;1702.0;1780.0;-10.42;21.0;NZD1.00464MTL088,NZD1,metaal: koper,munt,1702.0,1780.0,-10.42,21.0
NZD1.00464MTL090;NZD1;metaal: brons;munt;1928.0;1928.0;-10.42;19.0;NZD1.00464MTL090,NZD1,metaal: brons,munt,1928.0,1928.0,-10.42,19.0
NZD1.00464MTL091;NZD1;metaal: zilver;munt;1931.0;1931.0;-10.42;28.0;NZD1.00464MTL091,NZD1,metaal: zilver,munt,1931.0,1931.0,-10.42,28.0
NZD1.00464MTL092;NZD1;metaal: nikkel;munt;1948.0;1948.0;-10.42;19.0;NZD1.00464MTL092,NZD1,metaal: nikkel,munt,1948.0,1948.0,-10.42,19.0
NZD1.00464MTL093;NZD1;metaal: nikkel;munt;1948.0;1948.0;-10.42;19.0;NZD1.00464MTL093,NZD1,metaal: nikkel,munt,1948.0,1948.0,-10.42,19.0
NZD1.00464MTL094;NZD1;metaal: nikkel;munt;1988.0;1988.0;-10.42;19.0;NZD1.00464MTL094,NZD1,metaal: nikkel,munt,1988.0,1988.0,-10.42,19.0
NZD1.00464MTL095;NZD1;metaal: nikkel;munt;1958.0;1958.0;-10.42;19.0;NZD1.00464MTL095,NZD1,metaal: nikkel,munt,1958.0,1958.0,-10.42,19.0
NZD1.00464MTL096;NZD1;metaal: nikkel;munt;1977.0;1977.0;-10.42;15.0;NZD1.00464MTL096,NZD1,metaal: nikkel,munt,1977.0,1977.0,-10.42,15.0
NZD1.00464MTL097;NZD1;metaal: nikkel;munt;1948.0;1948.0;-10.42;15.0;NZD1.00464MTL097,NZD1,metaal: nikkel,munt,1948.0,1948.0,-10.42,15.0
NZD1.00464MTL098;NZD1;metaal: nikkel;munt;1983.0;1983.0;-10.42;15.0;NZD1.00464MTL098,NZD1,metaal: nikkel,munt,1983.0,1983.0,-10.42,15.0
NZD1.00464MTL099;NZD1;metaal: nikkel;munt;1972.0;1972.0;-10.42;15.0;NZD1.00464MTL099,NZD1,metaal: nikkel,munt,1972.0,1972.0,-10.42,15.0
NZD1.00464MTL100;NZD1;metaal: nikkel;munt;1971.0;1971.0;-10.42;15.0;NZD1.00464MTL100,NZD1,metaal: nikkel,munt,1971.0,1971.0,-10.42,15.0
NZD1.00464MTL101;NZD1;metaal: nikkel;munt;1996.0;1996.0;-10.42;15.0;NZD1.00464MTL101,NZD1,metaal: nikkel,munt,1996.0,1996.0,-10.42,15.0
NZD1.00464MTL102;NZD1;metaal: nikkel;munt;1978.0;1978.0;-10.42;19.0;NZD1.00464MTL102,NZD1,metaal: nikkel,munt,1978.0,1978.0,-10.42,19.0
NZD1.00464MTL103;NZD1;metaal: nikkel;munt;1966.0;1966.0;-10.42;19.0;NZD1.00464MTL103,NZD1,metaal: nikkel,munt,1966.0,1966.0,-10.42,19.0
NZD1.00464MTL104;NZD1;metaal: ijzer-koper-nikkel;munt;1991.0;1991.0;-10.42;18.0;NZD1.00464MTL104,NZD1,metaal: ijzer-koper-nikkel,munt,1991.0,1991.0,-10.42,18.0
NZD1.00464MTL105;NZD1;metaal: nikkel;munt;1976.0;1976.0;-10.42;15.0;NZD1.00464MTL105,NZD1,metaal: nikkel,munt,1976.0,1976.0,-10.42,15.0
NZD1.00464MTL106;NZD1;metaal: staal;munt;2003.0;2003.0;-10.42;21.25;NZD1.00464MTL106,NZD1,metaal: staal,munt,2003.0,2003.0,-10.42,21.25
NZD1.00464MTL107;NZD1;metaal: ijzer;munt;1916.0;1916.0;-10.42;21.0;NZD1.00464MTL107,NZD1,metaal: ijzer,munt,1916.0,1916.0,-10.42,21.0
NZD1.00464MTL108;NZD1;metaal: brons;munt;1963.0;1963.0;-10.42;21.0;NZD1.00464MTL108,NZD1,metaal: brons,munt,1963.0,1963.0,-10.42,21.0
NZD1.00464MTL109;NZD1;metaal: ijzer-koper;munt;1999.0;1999.0;-10.42;20.0;NZD1.00464MTL109,NZD1,metaal: ijzer-koper,munt,1999.0,1999.0,-10.42,20.0
NZD1.00464MTL110;NZD1;metaal: brons;munt;1992.0;1992.0;-10.42;21.0;NZD1.00464MTL110,NZD1,metaal: brons,munt,1992.0,1992.0,-10.42,21.0
NZD1.00464MTL111;NZD1;metaal: ijzer-koper;munt;1950.0;1950.0;-10.42;18.0;NZD1.00464MTL111,NZD1,metaal: ijzer-koper,munt,1950.0,1950.0,-10.42,18.0
NZD1.00464MTL112;NZD1;metaal: staal;munt;1999.0;1999.0;-10.42;16.25;NZD1.00464MTL112,NZD1,metaal: staal,munt,1999.0,1999.0,-10.42,16.25
NZD1.00464MTL113;NZD1;metaal: staal;munt;2000.0;2000.0;-10.42;16.25;NZD1.00464MTL113,NZD1,metaal: staal,munt,2000.0,2000.0,-10.42,16.25
NZD1.00464MTL114;NZD1;metaal: brons;munt;1958.0;1958.0;-10.42;17.0;NZD1.00464MTL114,NZD1,metaal: brons,munt,1958.0,1958.0,-10.42,17.0
NZD1.00464MTL115;NZD1;metaal: ijzer-koper;munt;1997.0;1997.0;-10.42;16.5;NZD1.00464MTL115,NZD1,metaal: ijzer-koper,munt,1997.0,1997.0,-10.42,16.5
NZD1.00465MTL008;NZD1;metaal: brons;munt;1987.0;1987.0;-10.42;21.0;NZD1.00465MTL008,NZD1,metaal: brons,munt,1987.0,1987.0,-10.42,21.0
NZD1.00466MTL099;NZD1;metaal: goud;munt;1428.0;1433.0;-10.42;29.5;NZD1.00466MTL099,NZD1,metaal: goud,munt,1428.0,1433.0,-10.42,29.5
NZD1.00466MTL100;NZD1;metaal: zilver;munt;1506.0;1518.0;-10.42;19.0;NZD1.00466MTL100,NZD1,metaal: zilver,munt,1506.0,1518.0,-10.42,19.0
NZD1.00466MTL101;NZD1;metaal: koper;munt;1578.0;1578.0;-10.42;24.0;NZD1.00466MTL101,NZD1,metaal: koper,munt,1578.0,1578.0,-10.42,24.0
NZD1.00466MTL102;NZD1;metaal: koper;munt;1579.0;1579.0;-10.42;24.0;NZD1.00466MTL102,NZD1,metaal: koper,munt,1579.0,1579.0,-10.42,24.0
NZD1.00466MTL103;NZD1;metaal: koper;munt;1574.0;1579.0;-10.42;24.0;NZD1.00466MTL103,NZD1,metaal: koper,munt,1574.0,1579.0,-10.42,24.0
NZD1.00466MTL104;NZD1;metaal: zilver;munt;1599.0;1599.0;-10.42;21.0;NZD1.00466MTL104,NZD1,metaal: zilver,munt,1599.0,1599.0,-10.42,21.0
NZD1.00466MTL105;NZD1;metaal: zilver;munt;1601.0;1601.0;-10.42;31.0;NZD1.00466MTL105,NZD1,metaal: zilver,munt,1601.0,1601.0,-10.42,31.0
NZD1.00466MTL106;NZD1;metaal: zilver;munt;1601.0;1601.0;-10.42;30.0;NZD1.00466MTL106,NZD1,metaal: zilver,munt,1601.0,1601.0,-10.42,30.0
NZD1.00466MTL107;NZD1;metaal: zilver;munt;1676.0;1682.0;-10.42;36.0;NZD1.00466MTL107,NZD1,metaal: zilver,munt,1676.0,1682.0,-10.42,36.0
NZD1.00466MTL108;NZD1;metaal: zilver;munt;1689.0;1689.0;-10.42;27.0;NZD1.00466MTL108,NZD1,metaal: zilver,munt,1689.0,1689.0,-10.42,27.0
NZD1.00466MTL109;NZD1;metaal: koper;munt;1702.0;1780.0;-10.42;22.0;NZD1.00466MTL109,NZD1,metaal: koper,munt,1702.0,1780.0,-10.42,22.0
NZD1.00466MTL131;NZD1;metaal: nikkel;munt;1958.0;1958.0;-10.42;19.0;NZD1.00466MTL131,NZD1,metaal: nikkel,munt,1958.0,1958.0,-10.42,19.0
NZD1.00466MTL132;NZD1;metaal: nikkel;munt;1987.0;1987.0;-10.42;19.0;NZD1.00466MTL132,NZD1,metaal: nikkel,munt,1987.0,1987.0,-10.42,19.0
NZD1.00466MTL133;NZD1;metaal: nikkel;munt;1950.0;1950.0;-10.42;19.0;NZD1.00466MTL133,NZD1,metaal: nikkel,munt,1950.0,1950.0,-10.42,19.0
NZD1.00466MTL134;NZD1;metaal: nikkel;munt;1948.0;1948.0;-10.42;19.0;NZD1.00466MTL134,NZD1,metaal: nikkel,munt,1948.0,1948.0,-10.42,19.0
NZD1.00466MTL135;NZD1;metaal: nikkel;munt;1958.0;1958.0;-10.42;15.0;NZD1.00466MTL135,NZD1,metaal: nikkel,munt,1958.0,1958.0,-10.42,15.0
NZD1.00466MTL136;NZD1;metaal: nikkel;munt;1958.0;1958.0;-10.42;15.0;NZD1.00466MTL136,NZD1,metaal: nikkel,munt,1958.0,1958.0,-10.42,15.0
NZD1.00466MTL137;NZD1;metaal: nikkel;munt;1960.0;1960.0;-10.42;15.0;NZD1.00466MTL137,NZD1,metaal: nikkel,munt,1960.0,1960.0,-10.42,15.0
NZD1.00466MTL138;NZD1;metaal: nikkel;munt;1950.0;1950.0;-10.42;15.0;NZD1.00466MTL138,NZD1,metaal: nikkel,munt,1950.0,1950.0,-10.42,15.0
NZD1.00466MTL139;NZD1;metaal: nikkel;munt;1950.0;1950.0;-10.42;15.0;NZD1.00466MTL139,NZD1,metaal: nikkel,munt,1950.0,1950.0,-10.42,15.0
NZD1.00466MTL140;NZD1;metaal: nikkel;munt;1969.0;1969.0;-10.42;25.0;NZD1.00466MTL140,NZD1,metaal: nikkel,munt,1969.0,1969.0,-10.42,25.0
NZD1.00466MTL141;NZD1;metaal: brons;munt;1977.0;1977.0;-10.42;21.0;NZD1.00466MTL141,NZD1,metaal: brons,munt,1977.0,1977.0,-10.42,21.0
NZD1.00466MTL142;NZD1;metaal: brons;munt;1957.0;1957.0;-10.42;21.0;NZD1.00466MTL142,NZD1,metaal: brons,munt,1957.0,1957.0,-10.42,21.0
NZD1.00466MTL143;NZD1;metaal: brons;munt;1992.0;1992.0;-10.42;21.0;NZD1.00466MTL143,NZD1,metaal: brons,munt,1992.0,1992.0,-10.42,21.0
NZD1.00466MTL144;NZD1;metaal: staal;munt;2001.0;2001.0;-10.42;18.75;NZD1.00466MTL144,NZD1,metaal: staal,munt,2001.0,2001.0,-10.42,18.75
NZD1.00466MTL145;NZD1;metaal: staal;munt;2003.0;2003.0;-10.42;18.75;NZD1.00466MTL145,NZD1,metaal: staal,munt,2003.0,2003.0,-10.42,18.75
NZD1.00466MTL146;NZD1;metaal: staal;munt;1999.0;1999.0;-10.42;18.75;NZD1.00466MTL146,NZD1,metaal: staal,munt,1999.0,1999.0,-10.42,18.75
NZD1.00466MTL147;NZD1;metaal: brons;munt;1922.0;1922.0;-10.42;19.0;NZD1.00466MTL147,NZD1,metaal: brons,munt,1922.0,1922.0,-10.42,19.0
NZD1.00466MTL148;NZD1;metaal: brons;munt;1961.0;1961.0;-10.42;17.0;NZD1.00466MTL148,NZD1,metaal: brons,munt,1961.0,1961.0,-10.42,17.0
NZD1.00466MTL149;NZD1;metaal: brons;munt;1878.0;1878.0;-10.42;19.0;NZD1.00466MTL149,NZD1,metaal: brons,munt,1878.0,1878.0,-10.42,19.0
NZD1.00466MTL150;NZD1;metaal: brons;munt;1877.0;1907.0;-10.42;19.0;NZD1.00466MTL150,NZD1,metaal: brons,munt,1877.0,1907.0,-10.42,19.0
NZD1.00466MTL151;NZD1;metaal: staal;munt;2002.0;2002.0;-10.42;16.25;NZD1.00466MTL151,NZD1,metaal: staal,munt,2002.0,2002.0,-10.42,16.25
NZD1.00466MTL152;NZD1;metaal: nikkel-brons;munt;1989.0;1989.0;-10.42;23.5;NZD1.00466MTL152,NZD1,metaal: nikkel-brons,munt,1989.0,1989.0,-10.42,23.5
NZD1.00466MTL153;NZD1;metaal: zink;munt;1920.0;1920.0;-10.42;21.0;NZD1.00466MTL153,NZD1,metaal: zink,munt,1920.0,1920.0,-10.42,21.0
NZD1.00466MTL154;NZD1;metaal: zink;munt;1919.0;1919.0;-10.42;21.0;NZD1.00466MTL154,NZD1,metaal: zink,munt,1919.0,1919.0,-10.42,21.0
NZD1.00466MTL155;NZD1;metaal: koper-nikkel;munt;1983.0;1983.0;-10.42;21.4;NZD1.00466MTL155,NZD1,metaal: koper-nikkel,munt,1983.0,1983.0,-10.42,21.4
NZD1.00466MTL156;NZD1;metaal: koper-nikkel;munt;1991.0;1991.0;-10.42;16.5;NZD1.00466MTL156,NZD1,metaal: koper-nikkel,munt,1991.0,1991.0,-10.42,16.5
NZD1.00466MTL157;NZD1;metaal: ijzer-koper;munt;1970.0;1970.0;-10.42;18.0;NZD1.00466MTL157,NZD1,metaal: ijzer-koper,munt,1970.0,1970.0,-10.42,18.0
NZD1.00466MTL158;NZD1;metaal: ijzer-koper;munt;1992.0;1992.0;-10.42;19.5;NZD1.00466MTL158,NZD1,metaal: ijzer-koper,munt,1992.0,1992.0,-10.42,19.5
NZD1.00466MTL159;NZD1;metaal: aluminium-brons;munt;1980.0;1980.0;-10.42;27.0;NZD1.00466MTL159,NZD1,metaal: aluminium-brons,munt,1980.0,1980.0,-10.42,27.0
NZD1.00466MTL160;NZD1;metaal: koper-nikkel;munt;1988.0;1988.0;-10.42;30.0;NZD1.00466MTL160,NZD1,metaal: koper-nikkel,munt,1988.0,1988.0,-10.42,30.0
NZD1.00466MTL162;NZD1;metaal: koper;munt;1600.0;1620.0;-10.42;23.5;NZD1.00466MTL162,NZD1,metaal: koper,munt,1600.0,1620.0,-10.42,23.5
NZD1.00466MTL163;NZD1;metaal: nikkel;munt;1965.0;1965.0;-10.42;19.0;NZD1.00466MTL163,NZD1,metaal: nikkel,munt,1965.0,1965.0,-10.42,19.0
NZD1.00467MTL012;NZD1;metaal: brons;munt;1954.0;1954.0;-10.42;17.0;NZD1.00467MTL012,NZD1,metaal: brons,munt,1954.0,1954.0,-10.42,17.0
NZD1.00467MTL013;NZD1;metaal: brons;munt;1958.0;1958.0;-10.42;17.0;NZD1.00467MTL013,NZD1,metaal: brons,munt,1958.0,1958.0,-10.42,17.0
NZD1.00467MTL014;NZD1;metaal: koper-nikkel;munt;1993.0;1993.0;-10.42;19.0;NZD1.00467MTL014,NZD1,metaal: koper-nikkel,munt,1993.0,1993.0,-10.42,19.0
NZD1.00467MTL015;NZD1;metaal: brons;munt;1918.0;1918.0;-10.42;23.4;NZD1.00467MTL015,NZD1,metaal: brons,munt,1918.0,1918.0,-10.42,23.4
NZD1.00468MTL071;NZD1;metaal: zilver;munt;1489.0;1492.0;-10.42;23.5;NZD1.00468MTL071,NZD1,metaal: zilver,munt,1489.0,1492.0,-10.42,23.5
NZD1.00468MTL072;NZD1;metaal: koper;munt;1611.0;1615.0;-10.42;23.0;NZD1.00468MTL072,NZD1,metaal: koper,munt,1611.0,1615.0,-10.42,23.0
NZD1.00468MTL073;NZD1;metaal: zilver;munt;1601.0;1601.0;-10.42;32.0;NZD1.00468MTL073,NZD1,metaal: zilver,munt,1601.0,1601.0,-10.42,32.0
NZD1.00468MTL074;NZD1;metaal: koper;munt;1702.0;1702.0;-10.42;22.0;NZD1.00468MTL074,NZD1,metaal: koper,munt,1702.0,1702.0,-10.42,22.0
NZD1.00468MTL075;NZD1;metaal: koper;munt;1715.0;1715.0;-10.42;22.0;NZD1.00468MTL075,NZD1,metaal: koper,munt,1715.0,1715.0,-10.42,22.0
NZD1.00468MTL082;NZD1;metaal: nikkel;munt;1980.0;1980.0;-10.42;19.0;NZD1.00468MTL082,NZD1,metaal: nikkel,munt,1980.0,1980.0,-10.42,19.0
NZD1.00468MTL083;NZD1;metaal: nikkel;munt;1970.0;1970.0;-10.42;19.0;NZD1.00468MTL083,NZD1,metaal: nikkel,munt,1970.0,1970.0,-10.42,19.0
NZD1.00468MTL084;NZD1;metaal: nikkel;munt;1986.0;1986.0;-10.42;19.0;NZD1.00468MTL084,NZD1,metaal: nikkel,munt,1986.0,1986.0,-10.42,19.0
NZD1.00468MTL085;NZD1;metaal: nikkel;munt;1980.0;1980.0;-10.42;19.0;NZD1.00468MTL085,NZD1,metaal: nikkel,munt,1980.0,1980.0,-10.42,19.0
NZD1.00468MTL086;NZD1;metaal: nikkel;munt;1969.0;1969.0;-10.42;19.0;NZD1.00468MTL086,NZD1,metaal: nikkel,munt,1969.0,1969.0,-10.42,19.0
NZD1.00468MTL087;NZD1;metaal: nikkel;munt;1960.0;1960.0;-10.42;15.0;NZD1.00468MTL087,NZD1,metaal: nikkel,munt,1960.0,1960.0,-10.42,15.0
NZD1.00468MTL088;NZD1;metaal: nikkel;munt;1966.0;1966.0;-10.42;15.0;NZD1.00468MTL088,NZD1,metaal: nikkel,munt,1966.0,1966.0,-10.42,15.0
NZD1.00468MTL089;NZD1;metaal: nikkel;munt;1959.0;1959.0;-10.42;15.0;NZD1.00468MTL089,NZD1,metaal: nikkel,munt,1959.0,1959.0,-10.42,15.0
NZD1.00468MTL090;NZD1;metaal: brons;munt;1965.0;1965.0;-10.42;17.0;NZD1.00468MTL090,NZD1,metaal: brons,munt,1965.0,1965.0,-10.42,17.0
NZD1.00468MTL091;NZD1;metaal: brons;munt;1878.0;1878.0;-10.42;19.0;NZD1.00468MTL091,NZD1,metaal: brons,munt,1878.0,1878.0,-10.42,19.0
NZD1.00468MTL092;NZD1;metaal: brons;munt;1952.0;1952.0;-10.42;17.0;NZD1.00468MTL092,NZD1,metaal: brons,munt,1952.0,1952.0,-10.42,17.0
NZD1.00468MTL093;NZD1;metaal: brons;munt;1970.0;1970.0;-10.42;17.0;NZD1.00468MTL093,NZD1,metaal: brons,munt,1970.0,1970.0,-10.42,17.0
NZD1.00468MTL094;NZD1;metaal: brons;munt;1971.0;1971.0;-10.42;17.0;NZD1.00468MTL094,NZD1,metaal: brons,munt,1971.0,1971.0,-10.42,17.0
NZD1.00468MTL095;NZD1;metaal: brons;munt;1961.0;1961.0;-10.42;21.0;NZD1.00468MTL095,NZD1,metaal: brons,munt,1961.0,1961.0,-10.42,21.0
NZD1.00468MTL096;NZD1;metaal: staal;munt;2000.0;2000.0;-10.42;21.25;NZD1.00468MTL096,NZD1,metaal: staal,munt,2000.0,2000.0,-10.42,21.25
NZD1.00468MTL097;NZD1;metaal: brons;munt;1992.0;1992.0;-10.42;21.0;NZD1.00468MTL097,NZD1,metaal: brons,munt,1992.0,1992.0,-10.42,21.0
NZD1.00468MTL098;NZD1;metaal: zink;munt;1919.0;1919.0;-10.42;21.0;NZD1.00468MTL098,NZD1,metaal: zink,munt,1919.0,1919.0,-10.42,21.0
NZD1.00468MTL099;NZD1;metaal: brons;munt;1980.0;1980.0;-10.42;26.0;NZD1.00468MTL099,NZD1,metaal: brons,munt,1980.0,1980.0,-10.42,26.0
NZD1.00468MTL100;NZD1;metaal: brons;munt;1989.0;1989.0;-10.42;26.0;NZD1.00468MTL100,NZD1,metaal: brons,munt,1989.0,1989.0,-10.42,26.0
NZD1.00468MTL101;NZD1;metaal: koper-nikkel;munt;1974.0;1974.0;-10.42;24.0;NZD1.00468MTL101,NZD1,metaal: koper-nikkel,munt,1974.0,1974.0,-10.42,24.0
NZD1.00468MTL102;NZD1;metaal: roestvrij staal;munt;1979.0;1979.0;-10.42;24.8;NZD1.00468MTL102,NZD1,metaal: roestvrij staal,munt,1979.0,1979.0,-10.42,24.8
NZD1.00468MTL103;NZD1;metaal: koper-nikkel;munt;1987.0;1987.0;-10.42;21.4;NZD1.00468MTL103,NZD1,metaal: koper-nikkel,munt,1987.0,1987.0,-10.42,21.4
NZD1.00468MTL104;NZD1;metaal: aluminium-brons;munt;1978.0;1978.0;-10.42;24.0;NZD1.00468MTL104,NZD1,metaal: aluminium-brons,munt,1978.0,1978.0,-10.42,24.0
NZD1.00468MTL105;NZD1;metaal: aluminium-brons;munt;1984.0;1984.0;-10.42;24.0;NZD1.00468MTL105,NZD1,metaal: aluminium-brons,munt,1984.0,1984.0,-10.42,24.0
NZD1.00468MTL106;NZD1;metaal: aluminium-brons;munt;1967.0;1967.0;-10.42;20.0;NZD1.00468MTL106,NZD1,metaal: aluminium-brons,munt,1967.0,1967.0,-10.42,20.0
NZD1.00468MTL107;NZD1;metaal: koper-nikkel;munt;1977.0;1977.0;-10.42;21.0;NZD1.00468MTL107,NZD1,metaal: koper-nikkel,munt,1977.0,1977.0,-10.42,21.0
NZD1.00468MTL108;NZD1;metaal: ijzer-koper;munt;1950.0;1950.0;-10.42;16.5;NZD1.00468MTL108,NZD1,metaal: ijzer-koper,munt,1950.0,1950.0,-10.42,16.5
NZD1.00469MTL082;NZD1;metaal: zilver;munt;1400.0;1450.0;-10.42;20.0;NZD1.00469MTL082,NZD1,metaal: zilver,munt,1400.0,1450.0,-10.42,20.0
NZD1.00469MTL083;NZD1;metaal: zilver;munt;1521.0;1556.0;-10.42;23.0;NZD1.00469MTL083,NZD1,metaal: zilver,munt,1521.0,1556.0,-10.42,23.0
NZD1.00469MTL084;NZD1;metaal: koper;munt;1630.0;1639.0;-10.42;21.0;NZD1.00469MTL084,NZD1,metaal: koper,munt,1630.0,1639.0,-10.42,21.0
NZD1.00469MTL085;NZD1;metaal: zilver;munt;1686.0;1686.0;-10.42;26.0;NZD1.00469MTL085,NZD1,metaal: zilver,munt,1686.0,1686.0,-10.42,26.0
NZD1.00469MTL086;NZD1;metaal: koper;munt;1702.0;1702.0;-10.42;22.0;NZD1.00469MTL086,NZD1,metaal: koper,munt,1702.0,1702.0,-10.42,22.0
NZD1.00469MTL090;NZD1;metaal: messing;muntgewicht;1550.0;1800.0;-10.42;;NZD1.00469MTL090,NZD1,metaal: messing,muntgewicht,1550.0,1800.0,-10.42,
NZD1.00469MTL091;NZD1;metaal: zilver;munt;1850.0;1850.0;-10.42;19.0;NZD1.00469MTL091,NZD1,metaal: zilver,munt,1850.0,1850.0,-10.42,19.0
NZD1.00469MTL093;NZD1;metaal: nikkel;munt;1978.0;1978.0;-10.42;25.0;NZD1.00469MTL093,NZD1,metaal: nikkel,munt,1978.0,1978.0,-10.42,25.0
NZD1.00469MTL094;NZD1;metaal: nikkel;munt;1988.0;1988.0;-10.42;25.0;NZD1.00469MTL094,NZD1,metaal: nikkel,munt,1988.0,1988.0,-10.42,25.0
NZD1.00469MTL095;NZD1;metaal: nikkel;munt;1966.0;1966.0;-10.42;19.0;NZD1.00469MTL095,NZD1,metaal: nikkel,munt,1966.0,1966.0,-10.42,19.0
NZD1.00469MTL096;NZD1;metaal: nikkel;munt;1995.0;1995.0;-10.42;15.0;NZD1.00469MTL096,NZD1,metaal: nikkel,munt,1995.0,1995.0,-10.42,15.0
NZD1.00469MTL097;NZD1;metaal: nikkel;munt;1975.0;1975.0;-10.42;15.0;NZD1.00469MTL097,NZD1,metaal: nikkel,munt,1975.0,1975.0,-10.42,15.0
NZD1.00469MTL098;NZD1;metaal: nikkel;munt;1960.0;1969.0;-10.42;15.0;NZD1.00469MTL098,NZD1,metaal: nikkel,munt,1960.0,1969.0,-10.42,15.0
NZD1.00469MTL099;NZD1;metaal: brons;munt;1996.0;1996.0;-10.42;21.0;NZD1.00469MTL099,NZD1,metaal: brons,munt,1996.0,1996.0,-10.42,21.0
NZD1.00469MTL100;NZD1;metaal: brons;munt;1980.0;1980.0;-10.42;21.0;NZD1.00469MTL100,NZD1,metaal: brons,munt,1980.0,1980.0,-10.42,21.0
NZD1.00469MTL101;NZD1;metaal: brons;munt;1992.0;1992.0;-10.42;21.0;NZD1.00469MTL101,NZD1,metaal: brons,munt,1992.0,1992.0,-10.42,21.0
NZD1.00469MTL102;NZD1;metaal: brons;munt;1980.0;1980.0;-10.42;21.0;NZD1.00469MTL102,NZD1,metaal: brons,munt,1980.0,1980.0,-10.42,21.0
NZD1.00469MTL103;NZD1;metaal: brons;munt;1974.0;1974.0;-10.42;21.0;NZD1.00469MTL103,NZD1,metaal: brons,munt,1974.0,1974.0,-10.42,21.0
NZD1.00469MTL104;NZD1;metaal: brons;munt;1950.0;1950.0;-10.42;21.0;NZD1.00469MTL104,NZD1,metaal: brons,munt,1950.0,1950.0,-10.42,21.0
NZD1.00469MTL105;NZD1;metaal: brons;munt;1970.0;1970.0;-10.42;17.0;NZD1.00469MTL105,NZD1,metaal: brons,munt,1970.0,1970.0,-10.42,17.0
NZD1.00469MTL106;NZD1;metaal: staal;munt;2002.0;2002.0;-10.42;16.25;NZD1.00469MTL106,NZD1,metaal: staal,munt,2002.0,2002.0,-10.42,16.25
NZD1.00469MTL107;NZD1;metaal: brons;munt;1951.0;1951.0;-10.42;17.0;NZD1.00469MTL107,NZD1,metaal: brons,munt,1951.0,1951.0,-10.42,17.0
NZD1.00469MTL108;NZD1;metaal: brons;munt;1950.0;1950.0;-10.42;17.0;NZD1.00469MTL108,NZD1,metaal: brons,munt,1950.0,1950.0,-10.42,17.0
NZD1.00469MTL109;NZD1;metaal: brons;munt;1959.0;1959.0;-10.42;17.0;NZD1.00469MTL109,NZD1,metaal: brons,munt,1959.0,1959.0,-10.42,17.0
NZD1.00469MTL110;NZD1;metaal: brons;munt;1952.0;1952.0;-10.42;17.0;NZD1.00469MTL110,NZD1,metaal: brons,munt,1952.0,1952.0,-10.42,17.0
NZD1.00469MTL111;NZD1;metaal: brons;munt;1977.0;1977.0;-10.42;17.0;NZD1.00469MTL111,NZD1,metaal: brons,munt,1977.0,1977.0,-10.42,17.0
NZD1.00469MTL112;NZD1;metaal: brons;munt;1941.0;1941.0;-10.42;19.0;NZD1.00469MTL112,NZD1,metaal: brons,munt,1941.0,1941.0,-10.42,19.0
NZD1.00469MTL113;NZD1;metaal: brons;munt;1941.0;1941.0;-10.42;19.0;NZD1.00469MTL113,NZD1,metaal: brons,munt,1941.0,1941.0,-10.42,19.0
NZD1.00469MTL114;NZD1;metaal: koper-nikkel;munt;1971.0;1971.0;-10.42;23.5;NZD1.00469MTL114,NZD1,metaal: koper-nikkel,munt,1971.0,1971.0,-10.42,23.5
NZD1.00469MTL115;NZD1;metaal: ijzer-nikkel;munt;1993.0;1993.0;-10.42;20.0;NZD1.00469MTL115,NZD1,metaal: ijzer-nikkel,munt,1993.0,1993.0,-10.42,20.0
NZD1.00469MTL116;NZD1;metaal: koper-nikkel;munt;1970.0;1970.0;-10.42;18.0;NZD1.00469MTL116,NZD1,metaal: koper-nikkel,munt,1970.0,1970.0,-10.42,18.0
NZD1.00469MTL117;NZD1;metaal: zink;munt;1918.0;1918.0;-10.42;21.0;NZD1.00469MTL117,NZD1,metaal: zink,munt,1918.0,1918.0,-10.42,21.0
NZD1.00469MTL118;NZD1;metaal: ijzer-koper;munt;1979.0;1979.0;-10.42;21.5;NZD1.00469MTL118,NZD1,metaal: ijzer-koper,munt,1979.0,1979.0,-10.42,21.5
NZD1.00469MTL119;NZD1;metaal: koper-nikkel;munt;1950.0;1950.0;-10.42;21.0;NZD1.00469MTL119,NZD1,metaal: koper-nikkel,munt,1950.0,1950.0,-10.42,21.0
NZD1.00469MTL120;NZD1;metaal: koper-nikkel;munt;1980.0;1980.0;-10.42;15.0;NZD1.00469MTL120,NZD1,metaal: koper-nikkel,munt,1980.0,1980.0,-10.42,15.0
NZD1.00470MTL016;NZD1;metaal: koper;munt;1604.0;1605.0;-11.5;23.0;NZD1.00470MTL016,NZD1,metaal: koper,munt,1604.0,1605.0,-11.5,23.0
NZD1.00470MTL017;NZD1;metaal: nikkel;munt;1983.0;1983.0;-11.5;15.0;NZD1.00470MTL017,NZD1,metaal: nikkel,munt,1983.0,1983.0,-11.5,15.0
NZD1.00470MTL018;NZD1;metaal: ijzer-koper;munt;1974.0;1974.0;-11.5;16.5;NZD1.00470MTL018,NZD1,metaal: ijzer-koper,munt,1974.0,1974.0,-11.5,16.5
NZD1.00470MTL019;NZD1;metaal: ijzer-koper;munt;1949.0;2002.0;-11.5;16.5;NZD1.00470MTL019,NZD1,metaal: ijzer-koper,munt,1949.0,2002.0,-11.5,16.5
NZD1.00470MTL020;NZD1;metaal: brons;munt;1980.0;1980.0;-11.5;21.0;NZD1.00470MTL020,NZD1,metaal: brons,munt,1980.0,1980.0,-11.5,21.0
NZD1.00470MTL021;NZD1;metaal: brons;munt;1979.0;1979.0;-11.5;21.0;NZD1.00470MTL021,NZD1,metaal: brons,munt,1979.0,1979.0,-11.5,21.0
NZD1.00471MTL023;NZD1;metaal: nikkel;munt;1968.0;1968.0;-10.42;19.0;NZD1.00471MTL023,NZD1,metaal: nikkel,munt,1968.0,1968.0,-10.42,19.0
NZD1.00471MTL024;NZD1;metaal: nikkel;munt;1997.0;1997.0;-10.42;19.0;NZD1.00471MTL024,NZD1,metaal: nikkel,munt,1997.0,1997.0,-10.42,19.0
NZD1.00474MTL040;NZD1;metaal: nikkel;munt;1983.0;1983.0;-9.91;15.0;NZD1.00474MTL040,NZD1,metaal: nikkel,munt,1983.0,1983.0,-9.91,15.0
NZD1.00474MTL041;NZD1;metaal: nikkel;munt;1955.0;1955.0;-9.91;15.0;NZD1.00474MTL041,NZD1,metaal: nikkel,munt,1955.0,1955.0,-9.91,15.0
NZD1.00474MTL042;NZD1;metaal: koperlegering;munt;2000.0;2000.0;-9.91;19.75;NZD1.00474MTL042,NZD1,metaal: koperlegering,munt,2000.0,2000.0,-9.91,19.75
NZD1.00478MTL046;NZD1;metaal: ijzer-koper;munt;1968.0;1968.0;-10.42;21.5;NZD1.00478MTL046,NZD1,metaal: ijzer-koper,munt,1968.0,1968.0,-10.42,21.5
NZD1.00478MTL047;NZD1;metaal: ijzer-koper;munt;1981.0;1981.0;-10.42;21.5;NZD1.00478MTL047,NZD1,metaal: ijzer-koper,munt,1981.0,1981.0,-10.42,21.5
NZD1.00478MTL048;NZD1;metaal: ijzer-koper;munt;1979.0;1979.0;-10.42;21.5;NZD1.00478MTL048,NZD1,metaal: ijzer-koper,munt,1979.0,1979.0,-10.42,21.5
NZD1.00478MTL049;NZD1;metaal: staal;munt;2000.0;2000.0;-10.42;16.25;NZD1.00478MTL049,NZD1,metaal: staal,munt,2000.0,2000.0,-10.42,16.25
NZD1.00483MTL014;NZD1;metaal: koper;munt;1573.0;1579.0;-10.42;23.0;NZD1.00483MTL014,NZD1,metaal: koper,munt,1573.0,1579.0,-10.42,23.0
NZD1.00483MTL020;NZD1;metaal: nikkel;munt;1973.0;1973.0;-10.42;25.0;NZD1.00483MTL020,NZD1,metaal: nikkel,munt,1973.0,1973.0,-10.42,25.0
NZD1.00486MTL033;NZD1;metaal: nikkel;munt;1950.0;1950.0;-10.42;15.0;NZD1.00486MTL033,NZD1,metaal: nikkel,munt,1950.0,1950.0,-10.42,15.0
NZD1.00486MTL034;NZD1;metaal: nikkel;munt;1963.0;1963.0;-10.42;19.0;NZD1.00486MTL034,NZD1,metaal: nikkel,munt,1963.0,1963.0,-10.42,19.0
NZD1.00493MTL012;NZD1;metaal: nikkel;munt;1973.0;1973.0;-11.4;25.0;NZD1.00493MTL012,NZD1,metaal: nikkel,munt,1973.0,1973.0,-11.4,25.0
NZD1.00501MTL013;NZD1;metaal: zilver;munt;1482.0;1521.0;-11.4;22.0;NZD1.00501MTL013,NZD1,metaal: zilver,munt,1482.0,1521.0,-11.4,22.0
NZD1.00501MTL014;NZD1;metaal: zilver;munt;1482.0;1521.0;-11.4;21.0;NZD1.00501MTL014,NZD1,metaal: zilver,munt,1482.0,1521.0,-11.4,21.0
NZD1.00501MTL015;NZD1;metaal: zilver;munt;1482.0;1506.0;-11.4;28.0;NZD1.00501MTL015,NZD1,metaal: zilver,munt,1482.0,1506.0,-11.4,28.0
NZD1.00501MTL016;NZD1;metaal: koper;munt;1604.0;1604.0;-11.4;20.0;NZD1.00501MTL016,NZD1,metaal: koper,munt,1604.0,1604.0,-11.4,20.0
NZD1.00501MTL017;NZD1;metaal: koper;munt;1635.0;1635.0;-11.4;22.0;NZD1.00501MTL017,NZD1,metaal: koper,munt,1635.0,1635.0,-11.4,22.0
NZD1.00501MTL018;NZD1;metaal: koper;munt;1640.0;1643.0;-11.4;19.0;NZD1.00501MTL018,NZD1,metaal: koper,munt,1640.0,1643.0,-11.4,19.0
NZD1.00501MTL019;NZD1;metaal: koper;munt;1715.0;1715.0;-11.4;22.0;NZD1.00501MTL019,NZD1,metaal: koper,munt,1715.0,1715.0,-11.4,22.0
NZD1.00501MTL022;NZD1;metaal: ijzer-koper;munt;1994.0;1994.0;-11.4;16.5;NZD1.00501MTL022,NZD1,metaal: ijzer-koper,munt,1994.0,1994.0,-11.4,16.5
NZD1.00501MTL023;NZD1;metaal: aluminium-brons;munt;1986.0;1986.0;-11.4;24.0;NZD1.00501MTL023,NZD1,metaal: aluminium-brons,munt,1986.0,1986.0,-11.4,24.0
NZD1.00501MTL024;NZD1;metaal: koper-nikkel;munt;1992.0;1992.0;-11.4;20.25;NZD1.00501MTL024,NZD1,metaal: koper-nikkel,munt,1992.0,1992.0,-11.4,20.25
NZD1.00501MTL025;NZD1;metaal: ijzer-koper;munt;1986.0;1986.0;-11.4;16.5;NZD1.00501MTL025,NZD1,metaal: ijzer-koper,munt,1986.0,1986.0,-11.4,16.5
NZD1.00501MTL026;NZD1;metaal: nikkel;munt;1968.0;1968.0;-11.4;32.0;NZD1.00501MTL026,NZD1,metaal: nikkel,munt,1968.0,1968.0,-11.4,32.0
NZD1.00501MTL027;NZD1;metaal: brons;munt;1967.0;1967.0;-11.4;17.0;NZD1.00501MTL027,NZD1,metaal: brons,munt,1967.0,1967.0,-11.4,17.0
NZD1.00501MTL028;NZD1;metaal: brons;munt;1969.0;1969.0;-11.4;17.0;NZD1.00501MTL028,NZD1,metaal: brons,munt,1969.0,1969.0,-11.4,17.0
NZD1.00501MTL029;NZD1;metaal: brons;munt;1948.0;1948.0;-11.4;17.0;NZD1.00501MTL029,NZD1,metaal: brons,munt,1948.0,1948.0,-11.4,17.0
NZD1.00501MTL030;NZD1;metaal: brons;munt;1951.0;1951.0;-11.4;17.0;NZD1.00501MTL030,NZD1,metaal: brons,munt,1951.0,1951.0,-11.4,17.0
NZD1.00501MTL031;NZD1;metaal: brons;munt;1954.0;1954.0;-11.4;17.0;NZD1.00501MTL031,NZD1,metaal: brons,munt,1954.0,1954.0,-11.4,17.0
NZD1.00501MTL032;NZD1;metaal: brons;munt;1957.0;1957.0;-11.4;17.0;NZD1.00501MTL032,NZD1,metaal: brons,munt,1957.0,1957.0,-11.4,17.0
NZD1.00501MTL033;NZD1;metaal: brons;munt;1964.0;1964.0;-11.4;17.0;NZD1.00501MTL033,NZD1,metaal: brons,munt,1964.0,1964.0,-11.4,17.0
NZD1.00501MTL034;NZD1;metaal: brons;munt;1948.0;1948.0;-11.4;17.0;NZD1.00501MTL034,NZD1,metaal: brons,munt,1948.0,1948.0,-11.4,17.0
NZD1.00501MTL035;NZD1;metaal: brons;munt;1975.0;1975.0;-11.4;21.0;NZD1.00501MTL035,NZD1,metaal: brons,munt,1975.0,1975.0,-11.4,21.0
NZD1.00501MTL036;NZD1;metaal: brons;munt;1996.0;1996.0;-11.4;21.0;NZD1.00501MTL036,NZD1,metaal: brons,munt,1996.0,1996.0,-11.4,21.0
NZD1.00501MTL037;NZD1;metaal: nikkel;munt;1973.0;1973.0;-11.4;15.0;NZD1.00501MTL037,NZD1,metaal: nikkel,munt,1973.0,1973.0,-11.4,15.0
NZD1.00501MTL038;NZD1;metaal: brons;munt;1948.0;1948.0;-11.4;17.0;NZD1.00501MTL038,NZD1,metaal: brons,munt,1948.0,1948.0,-11.4,17.0
NZD1.00501MTL039;NZD1;metaal: nikkel;munt;1980.0;1980.0;-11.4;19.0;NZD1.00501MTL039,NZD1,metaal: nikkel,munt,1980.0,1980.0,-11.4,19.0
NZD1.00501MTL040;NZD1;metaal: nikkel;munt;1980.0;1980.0;-11.4;19.0;NZD1.00501MTL040,NZD1,metaal: nikkel,munt,1980.0,1980.0,-11.4,19.0
NZD1.00503MTL007;NZD1;metaal: koper;munt;1702.0;1702.0;-11.4;22.0;NZD1.00503MTL007,NZD1,metaal: koper,munt,1702.0,1702.0,-11.4,22.0
NZD1.00503MTL008;NZD1;metaal: koper-nikkel;munt;1978.0;1978.0;-11.4;21.0;NZD1.00503MTL008,NZD1,metaal: koper-nikkel,munt,1978.0,1978.0,-11.4,21.0
NZD1.00503MTL009;NZD1;metaal: koperlegering;munt;2002.0;2002.0;-11.4;22.25;NZD1.00503MTL009,NZD1,metaal: koperlegering,munt,2002.0,2002.0,-11.4,22.25
NZD1.00503MTL010;NZD1;metaal: ijzer;munt;1916.0;1916.0;-11.4;21.0;NZD1.00503MTL010,NZD1,metaal: ijzer,munt,1916.0,1916.0,-11.4,21.0
NZD1.00503MTL011;NZD1;metaal: brons;munt;1970.0;1970.0;-11.4;21.0;NZD1.00503MTL011,NZD1,metaal: brons,munt,1970.0,1970.0,-11.4,21.0
NZD1.00503MTL012;NZD1;metaal: nikkel;munt;1985.0;1985.0;-11.4;29.0;NZD1.00503MTL012,NZD1,metaal: nikkel,munt,1985.0,1985.0,-11.4,29.0
NZD1.00503MTL013;NZD1;metaal: nikkel;munt;1980.0;1980.0;-11.4;25.0;NZD1.00503MTL013,NZD1,metaal: nikkel,munt,1980.0,1980.0,-11.4,25.0
NZD1.00503MTL014;NZD1;metaal: nikkel;munt;1963.0;1963.0;-11.4;19.0;NZD1.00503MTL014,NZD1,metaal: nikkel,munt,1963.0,1963.0,-11.4,19.0
NZD1.00503MTL015;NZD1;metaal: nikkel;munt;1977.0;1977.0;-11.4;15.0;NZD1.00503MTL015,NZD1,metaal: nikkel,munt,1977.0,1977.0,-11.4,15.0
NZD1.00503MTL016;NZD1;metaal: brons;munt;1980.0;1980.0;-11.4;21.0;NZD1.00503MTL016,NZD1,metaal: brons,munt,1980.0,1980.0,-11.4,21.0
NZD1.00503MTL017;NZD1;metaal: brons;munt;1948.0;1948.0;-11.4;21.0;NZD1.00503MTL017,NZD1,metaal: brons,munt,1948.0,1948.0,-11.4,21.0
NZD1.00503MTL018;NZD1;metaal: staal;munt;2000.0;2000.0;-11.4;21.25;NZD1.00503MTL018,NZD1,metaal: staal,munt,2000.0,2000.0,-11.4,21.25
NZD1.00503MTL019;NZD1;metaal: staal;munt;2001.0;2001.0;-11.4;18.75;NZD1.00503MTL019,NZD1,metaal: staal,munt,2001.0,2001.0,-11.4,18.75
NZD1.00503MTL020;NZD1;metaal: brons;munt;1960.0;1960.0;-11.4;17.0;NZD1.00503MTL020,NZD1,metaal: brons,munt,1960.0,1960.0,-11.4,17.0
NZD1.00503MTL021;NZD1;metaal: brons;munt;1959.0;1959.0;-11.4;17.0;NZD1.00503MTL021,NZD1,metaal: brons,munt,1959.0,1959.0,-11.4,17.0
NZD1.00503MTL022;NZD1;metaal: nikkel;munt;1955.0;1955.0;-11.4;15.0;NZD1.00503MTL022,NZD1,metaal: nikkel,munt,1955.0,1955.0,-11.4,15.0
NZD1.00503MTL023;NZD1;metaal: nikkel;munt;1977.0;1977.0;-11.4;19.0;NZD1.00503MTL023,NZD1,metaal: nikkel,munt,1977.0,1977.0,-11.4,19.0
NZD1.00503MTL024;NZD1;metaal: nikkel;munt;1980.0;1980.0;-11.4;25.0;NZD1.00503MTL024,NZD1,metaal: nikkel,munt,1980.0,1980.0,-11.4,25.0
NZD1.00503MTL025;NZD1;metaal: brons;munt;1948.0;1948.0;-11.4;17.0;NZD1.00503MTL025,NZD1,metaal: brons,munt,1948.0,1948.0,-11.4,17.0
NZD1.00504MTL043;NZD1;metaal: zilver;munt;1586.0;1597.0;-11.4;25.0;NZD1.00504MTL043,NZD1,metaal: zilver,munt,1586.0,1597.0,-11.4,25.0
NZD1.00504MTL044;NZD1;metaal: zilver;munt;1601.0;1601.0;-11.4;31.0;NZD1.00504MTL044,NZD1,metaal: zilver,munt,1601.0,1601.0,-11.4,31.0
NZD1.00504MTL045;NZD1;metaal: koper;munt;1590.0;1598.0;-11.4;24.0;NZD1.00504MTL045,NZD1,metaal: koper,munt,1590.0,1598.0,-11.4,24.0
NZD1.00504MTL054;NZD1;metaal: koper;munt;1823.0;1823.0;-11.4;22.0;NZD1.00504MTL054,NZD1,metaal: koper,munt,1823.0,1823.0,-11.4,22.0
NZD1.00504MTL055;NZD1;metaal: nikkel;munt;1965.0;1965.0;-11.4;17.0;NZD1.00504MTL055,NZD1,metaal: nikkel,munt,1965.0,1965.0,-11.4,17.0
NZD1.00504MTL056;NZD1;metaal: ijzer-nikkel;munt;1997.0;1997.0;-11.4;18.0;NZD1.00504MTL056,NZD1,metaal: ijzer-nikkel,munt,1997.0,1997.0,-11.4,18.0
NZD1.00504MTL057;NZD1;metaal: brons;munt;1977.0;1977.0;-11.4;21.0;NZD1.00504MTL057,NZD1,metaal: brons,munt,1977.0,1977.0,-11.4,21.0
NZD1.00504MTL058;NZD1;metaal: nikkel;munt;1976.0;1976.0;-11.4;19.0;NZD1.00504MTL058,NZD1,metaal: nikkel,munt,1976.0,1976.0,-11.4,19.0
NZD1.00505MTL046;NZD1;metaal: zilver;munt;1482.0;1506.0;-11.4;29.0;NZD1.00505MTL046,NZD1,metaal: zilver,munt,1482.0,1506.0,-11.4,29.0
NZD1.00505MTL047;NZD1;metaal: zilver;munt;1614.0;1670.0;-11.4;23.0;NZD1.00505MTL047,NZD1,metaal: zilver,munt,1614.0,1670.0,-11.4,23.0
NZD1.00505MTL048;NZD1;metaal: koper;munt;1666.0;1666.0;-11.4;15.0;NZD1.00505MTL048,NZD1,metaal: koper,munt,1666.0,1666.0,-11.4,15.0
NZD1.00505MTL049;NZD1;metaal: zilver;munt;1681.0;1681.0;-11.4;30.0;NZD1.00505MTL049,NZD1,metaal: zilver,munt,1681.0,1681.0,-11.4,30.0
NZD1.00505MTL050;NZD1;metaal: koper;munt;1702.0;1780.0;-11.4;24.5;NZD1.00505MTL050,NZD1,metaal: koper,munt,1702.0,1780.0,-11.4,24.5
NZD1.00505MTL051;NZD1;metaal: koper;munt;1702.0;1780.0;-11.4;22.0;NZD1.00505MTL051,NZD1,metaal: koper,munt,1702.0,1780.0,-11.4,22.0
NZD1.00505MTL060;NZD1;metaal: nikkel;munt;1978.0;1978.0;-11.4;25.0;NZD1.00505MTL060,NZD1,metaal: nikkel,munt,1978.0,1978.0,-11.4,25.0
NZD1.00505MTL061;NZD1;metaal: brons;munt;1970.0;1970.0;-11.4;21.0;NZD1.00505MTL061,NZD1,metaal: brons,munt,1970.0,1970.0,-11.4,21.0
NZD1.00505MTL062;NZD1;metaal: brons;munt;1948.0;1948.0;-11.4;21.0;NZD1.00505MTL062,NZD1,metaal: brons,munt,1948.0,1948.0,-11.4,21.0
NZD1.00505MTL063;NZD1;metaal: brons;munt;1963.0;1963.0;-11.4;17.0;NZD1.00505MTL063,NZD1,metaal: brons,munt,1963.0,1963.0,-11.4,17.0
NZD1.00505MTL064;NZD1;metaal: brons;munt;1969.0;1969.0;-11.4;17.0;NZD1.00505MTL064,NZD1,metaal: brons,munt,1969.0,1969.0,-11.4,17.0
NZD1.00505MTL065;NZD1;metaal: brons;munt;1954.0;1954.0;-11.4;17.0;NZD1.00505MTL065,NZD1,metaal: brons,munt,1954.0,1954.0,-11.4,17.0
NZD1.00505MTL066;NZD1;metaal: nikkel;munt;1980.0;1980.0;-11.4;15.0;NZD1.00505MTL066,NZD1,metaal: nikkel,munt,1980.0,1980.0,-11.4,15.0
NZD1.00505MTL067;NZD1;metaal: nikkel;munt;1948.0;1948.0;-11.4;15.0;NZD1.00505MTL067,NZD1,metaal: nikkel,munt,1948.0,1948.0,-11.4,15.0
NZD1.00505MTL068;NZD1;metaal: nikkel;munt;1965.0;1965.0;-11.4;15.0;NZD1.00505MTL068,NZD1,metaal: nikkel,munt,1965.0,1965.0,-11.4,15.0
NZD1.00505MTL069;NZD1;metaal: nikkel;munt;1951.0;1951.0;-11.4;19.0;NZD1.00505MTL069,NZD1,metaal: nikkel,munt,1951.0,1951.0,-11.4,19.0
NZD1.00505MTL070;NZD1;metaal: koper-nikkel;munt;1969.0;1969.0;-11.4;21.0;NZD1.00505MTL070,NZD1,metaal: koper-nikkel,munt,1969.0,1969.0,-11.4,21.0
NZD1.00506MTL024;NZD1;metaal: brons;munt;1920.0;1920.0;-11.8;31.0;NZD1.00506MTL024,NZD1,metaal: brons,munt,1920.0,1920.0,-11.8,31.0
NZD1.00506MTL041;NZD1;metaal: brons;munt;1980.0;1980.0;-11.8;21.0;NZD1.00506MTL041,NZD1,metaal: brons,munt,1980.0,1980.0,-11.8,21.0
NZD1.00506MTL042;NZD1;metaal: brons;munt;1951.0;1951.0;-11.8;17.0;NZD1.00506MTL042,NZD1,metaal: brons,munt,1951.0,1951.0,-11.8,17.0
NZD1.00506MTL043;NZD1;metaal: brons;munt;1954.0;1954.0;-11.8;17.0;NZD1.00506MTL043,NZD1,metaal: brons,munt,1954.0,1954.0,-11.8,17.0
NZD1.00506MTL044;NZD1;metaal: staal;munt;1999.0;1999.0;-11.8;16.25;NZD1.00506MTL044,NZD1,metaal: staal,munt,1999.0,1999.0,-11.8,16.25
NZD1.00507MTL080;NZD1;metaal: lood;muntgewicht;1600.0;1800.0;-12.25;;NZD1.00507MTL080,NZD1,metaal: lood,muntgewicht,1600.0,1800.0,-12.25,
NZD1.00507MTL123;NZD1;metaal: goud;munt;1423.0;1455.0;-12.25;22.0;NZD1.00507MTL123,NZD1,metaal: goud,munt,1423.0,1455.0,-12.25,22.0
NZD1.00507MTL124;NZD1;metaal: zilver;munt;1599.0;1599.0;-12.25;25.0;NZD1.00507MTL124,NZD1,metaal: zilver,munt,1599.0,1599.0,-12.25,25.0
NZD1.00507MTL125;NZD1;metaal: zilver;munt;1599.0;1599.0;-12.25;19.0;NZD1.00507MTL125,NZD1,metaal: zilver,munt,1599.0,1599.0,-12.25,19.0
NZD1.00507MTL126;NZD1;metaal: koper;munt;1604.0;1605.0;-12.25;22.0;NZD1.00507MTL126,NZD1,metaal: koper,munt,1604.0,1605.0,-12.25,22.0
NZD1.00507MTL127;NZD1;metaal: koper;munt;1668.0;1668.0;-12.25;26.0;NZD1.00507MTL127,NZD1,metaal: koper,munt,1668.0,1668.0,-12.25,26.0
NZD1.00507MTL156;NZD1;metaal: koper;munt;1843.0;1843.0;-12.25;16.0;NZD1.00507MTL156,NZD1,metaal: koper,munt,1843.0,1843.0,-12.25,16.0
NZD1.00507MTL157;NZD1;metaal: koper;munt;1827.0;1827.0;-12.25;22.0;NZD1.00507MTL157,NZD1,metaal: koper,munt,1827.0,1827.0,-12.25,22.0
NZD1.00507MTL158;NZD1;metaal: koper;munt;1833.0;1919.0;-12.25;22.0;NZD1.00507MTL158,NZD1,metaal: koper,munt,1833.0,1919.0,-12.25,22.0
NZD1.00507MTL159;NZD1;metaal: koper;munt;1833.0;1919.0;-12.25;22.0;NZD1.00507MTL159,NZD1,metaal: koper,munt,1833.0,1919.0,-12.25,22.0
NZD1.00507MTL160;NZD1;metaal: brons;munt;1980.0;1980.0;-12.25;21.0;NZD1.00507MTL160,NZD1,metaal: brons,munt,1980.0,1980.0,-12.25,21.0
NZD1.00507MTL161;NZD1;metaal: brons;munt;1977.0;1977.0;-12.25;21.0;NZD1.00507MTL161,NZD1,metaal: brons,munt,1977.0,1977.0,-12.25,21.0
NZD1.00507MTL162;NZD1;metaal: brons;munt;1959.0;1959.0;-12.25;17.0;NZD1.00507MTL162,NZD1,metaal: brons,munt,1959.0,1959.0,-12.25,17.0
NZD1.00507MTL163;NZD1;metaal: brons;munt;1953.0;1953.0;-12.25;17.0;NZD1.00507MTL163,NZD1,metaal: brons,munt,1953.0,1953.0,-12.25,17.0
NZD1.00507MTL164;NZD1;metaal: brons;munt;1951.0;1951.0;-12.25;17.0;NZD1.00507MTL164,NZD1,metaal: brons,munt,1951.0,1951.0,-12.25,17.0
NZD1.00507MTL165;NZD1;metaal: brons;munt;1970.0;1970.0;-12.25;17.0;NZD1.00507MTL165,NZD1,metaal: brons,munt,1970.0,1970.0,-12.25,17.0
NZD1.00507MTL166;NZD1;metaal: brons;munt;1948.0;1948.0;-12.25;17.0;NZD1.00507MTL166,NZD1,metaal: brons,munt,1948.0,1948.0,-12.25,17.0
NZD1.00507MTL167;NZD1;metaal: brons;munt;1948.0;1948.0;-12.25;17.0;NZD1.00507MTL167,NZD1,metaal: brons,munt,1948.0,1948.0,-12.25,17.0
NZD1.00507MTL168;NZD1;metaal: brons;munt;1965.0;1965.0;-12.25;17.0;NZD1.00507MTL168,NZD1,metaal: brons,munt,1965.0,1965.0,-12.25,17.0
NZD1.00507MTL169;NZD1;metaal: brons;munt;1915.0;1915.0;-12.25;19.0;NZD1.00507MTL169,NZD1,metaal: brons,munt,1915.0,1915.0,-12.25,19.0
NZD1.00507MTL170;NZD1;metaal: brons;munt;1917.0;1917.0;-12.25;19.0;NZD1.00507MTL170,NZD1,metaal: brons,munt,1917.0,1917.0,-12.25,19.0
NZD1.00507MTL171;NZD1;metaal: nikkel;munt;1954.0;1954.0;-12.25;15.0;NZD1.00507MTL171,NZD1,metaal: nikkel,munt,1954.0,1954.0,-12.25,15.0
NZD1.00507MTL172;NZD1;metaal: nikkel;munt;1993.0;1993.0;-12.25;15.0;NZD1.00507MTL172,NZD1,metaal: nikkel,munt,1993.0,1993.0,-12.25,15.0
NZD1.00507MTL173;NZD1;metaal: nikkel;munt;1980.0;1980.0;-12.25;15.0;NZD1.00507MTL173,NZD1,metaal: nikkel,munt,1980.0,1980.0,-12.25,15.0
NZD1.00507MTL174;NZD1;metaal: nikkel;munt;1980.0;1980.0;-12.25;15.0;NZD1.00507MTL174,NZD1,metaal: nikkel,munt,1980.0,1980.0,-12.25,15.0
NZD1.00507MTL175;NZD1;metaal: nikkel;munt;1980.0;1980.0;-12.25;19.0;NZD1.00507MTL175,NZD1,metaal: nikkel,munt,1980.0,1980.0,-12.25,19.0
NZD1.00507MTL176;NZD1;metaal: nikkel;munt;1976.0;1976.0;-12.25;19.0;NZD1.00507MTL176,NZD1,metaal: nikkel,munt,1976.0,1976.0,-12.25,19.0
NZD1.00507MTL177;NZD1;metaal: nikkel;munt;1988.0;1988.0;-12.25;19.0;NZD1.00507MTL177,NZD1,metaal: nikkel,munt,1988.0,1988.0,-12.25,19.0
NZD1.00507MTL178;NZD1;metaal: nikkel-brons;munt;1988.0;1988.0;-12.25;23.5;NZD1.00507MTL178,NZD1,metaal: nikkel-brons,munt,1988.0,1988.0,-12.25,23.5
NZD1.00507MTL179;NZD1;metaal: nikkel;munt;1930.0;1930.0;-12.25;18.0;NZD1.00507MTL179,NZD1,metaal: nikkel,munt,1930.0,1930.0,-12.25,18.0
NZD1.00507MTL180;NZD1;metaal: brons;munt;1948.0;1948.0;-12.25;17.0;NZD1.00507MTL180,NZD1,metaal: brons,munt,1948.0,1948.0,-12.25,17.0
NZD1.00507MTL181;NZD1;metaal: brons;munt;1988.0;1988.0;-12.25;20.0;NZD1.00507MTL181,NZD1,metaal: brons,munt,1988.0,1988.0,-12.25,20.0
NZD1.00507MTL182;NZD1;metaal: ijzer-koper;munt;1994.0;1994.0;-12.25;16.5;NZD1.00507MTL182,NZD1,metaal: ijzer-koper,munt,1994.0,1994.0,-12.25,16.5
NZD1.00507MTL183;NZD1;metaal: aluminium-messing;munt;1983.0;1983.0;-12.25;17.0;NZD1.00507MTL183,NZD1,metaal: aluminium-messing,munt,1983.0,1983.0,-12.25,17.0
NZD1.00507MTL184;NZD1;metaal: zilver;munt;1945.0;1945.0;-12.25;15.0;NZD1.00507MTL184,NZD1,metaal: zilver,munt,1945.0,1945.0,-12.25,15.0
NZD1.00507MTL193;NZD1;metaal: messing;muntgewicht;1500.0;1800.0;-12.25;;NZD1.00507MTL193,NZD1,metaal: messing,muntgewicht,1500.0,1800.0,-12.25,
NZD1.00507MTL194;NZD1;metaal: brons;munt;1877.0;1907.0;-12.25;19.0;NZD1.00507MTL194,NZD1,metaal: brons,munt,1877.0,1907.0,-12.25,19.0
NZD1.00508MTL009;NZD1;metaal: brons;munt;1991.0;1991.0;-12.25;21.0;NZD1.00508MTL009,NZD1,metaal: brons,munt,1991.0,1991.0,-12.25,21.0
NZD1.00508MTL010;NZD1;metaal: brons;munt;1958.0;1958.0;-12.25;17.0;NZD1.00508MTL010,NZD1,metaal: brons,munt,1958.0,1958.0,-12.25,17.0
NZD1.00508MTL011;NZD1;metaal: koper-zink;munt;1945.0;1945.0;-12.25;19.0;NZD1.00508MTL011,NZD1,metaal: koper-zink,munt,1945.0,1945.0,-12.25,19.0
NZD1.00509MTL039;NZD1;metaal: nikkel;munt;1972.0;1972.0;-12.25;15.0;NZD1.00509MTL039,NZD1,metaal: nikkel,munt,1972.0,1972.0,-12.25,15.0
NZD1.00509MTL040;NZD1;metaal: brons;munt;1951.0;1951.0;-12.25;25.5;NZD1.00509MTL040,NZD1,metaal: brons,munt,1951.0,1951.0,-12.25,25.5
NZD1.00510MTL018;NZD1;metaal: nikkel;munt;1948.0;1948.0;-12.85;15.0;NZD1.00510MTL018,NZD1,metaal: nikkel,munt,1948.0,1948.0,-12.85,15.0
NZD1.00510MTL030;NZD1;metaal: zilver;munt;1686.0;1686.0;-12.85;27.0;NZD1.00510MTL030,NZD1,metaal: zilver,munt,1686.0,1686.0,-12.85,27.0
NZD1.00510MTL033;NZD1;metaal: brons;munt;1915.0;1915.0;-12.85;23.4;NZD1.00510MTL033,NZD1,metaal: brons,munt,1915.0,1915.0,-12.85,23.4
NZD1.00510MTL034;NZD1;metaal: koper-nikkel;munt;1971.0;1971.0;-12.85;24.0;NZD1.00510MTL034,NZD1,metaal: koper-nikkel,munt,1971.0,1971.0,-12.85,24.0
NZD1.00510MTL035;NZD1;metaal: brons;munt;1991.0;1991.0;-12.85;21.0;NZD1.00510MTL035,NZD1,metaal: brons,munt,1991.0,1991.0,-12.85,21.0
NZD1.00510MTL036;NZD1;metaal: brons;munt;1980.0;1980.0;-12.85;21.0;NZD1.00510MTL036,NZD1,metaal: brons,munt,1980.0,1980.0,-12.85,21.0
NZD1.00510MTL037;NZD1;metaal: messing;muntgewicht;1500.0;1800.0;-12.85;;NZD1.00510MTL037,NZD1,metaal: messing,muntgewicht,1500.0,1800.0,-12.85,
NZD1.00510MTL038;NZD1;metaal: messing;muntgewicht;1500.0;1800.0;-12.85;;NZD1.00510MTL038,NZD1,metaal: messing,muntgewicht,1500.0,1800.0,-12.85,
NZD1.00512MTL010;NZD1;metaal: brons;munt;1950.0;1950.0;-12.85;21.0;NZD1.00512MTL010,NZD1,metaal: brons,munt,1950.0,1950.0,-12.85,21.0
NZD1.00512MTL011;NZD1;metaal: koperlegering;munt;1999.0;1999.0;-12.85;19.75;NZD1.00512MTL011,NZD1,metaal: koperlegering,munt,1999.0,1999.0,-12.85,19.75
NZD1.00513MTL023;NZD1;metaal: brons;munt;1948.0;1948.0;-12.85;21.0;NZD1.00513MTL023,NZD1,metaal: brons,munt,1948.0,1948.0,-12.85,21.0
NZD1.00513MTL024;NZD1;metaal: brons;munt;1951.0;1951.0;-12.85;17.0;NZD1.00513MTL024,NZD1,metaal: brons,munt,1951.0,1951.0,-12.85,17.0
NZD1.00513MTL025;NZD1;metaal: brons;munt;1967.0;1967.0;-12.85;17.0;NZD1.00513MTL025,NZD1,metaal: brons,munt,1967.0,1967.0,-12.85,17.0
NZD1.00513MTL026;NZD1;metaal: nikkel;munt;1974.0;1974.0;-12.85;15.0;NZD1.00513MTL026,NZD1,metaal: nikkel,munt,1974.0,1974.0,-12.85,15.0
NZD1.00513MTL027;NZD1;metaal: brons;munt;1934.0;1934.0;-12.85;14.0;NZD1.00513MTL027,NZD1,metaal: brons,munt,1934.0,1934.0,-12.85,14.0
NZD1.00513MTL028;NZD1;metaal: ijzer-koper;munt;1999.0;1999.0;-12.85;20.0;NZD1.00513MTL028,NZD1,metaal: ijzer-koper,munt,1999.0,1999.0,-12.85,20.0
NZD1.00515MTL014;NZD1;metaal: koper;munt;1581.0;1581.0;-12.85;26.0;NZD1.00515MTL014,NZD1,metaal: koper,munt,1581.0,1581.0,-12.85,26.0
NZD1.00515MTL017;NZD1;metaal: brons;munt;1955.0;1955.0;-12.85;17.0;NZD1.00515MTL017,NZD1,metaal: brons,munt,1955.0,1955.0,-12.85,17.0
NZD1.00516MTL016;NZD1;metaal: nikkel;munt;1984.0;1984.0;-12.85;27.5;NZD1.00516MTL016,NZD1,metaal: nikkel,munt,1984.0,1984.0,-12.85,27.5
NZD1.00516MTL017;NZD1;metaal: ijzer-koper;munt;1975.0;1975.0;-12.85;21.5;NZD1.00516MTL017,NZD1,metaal: ijzer-koper,munt,1975.0,1975.0,-12.85,21.5
NZD1.00516MTL018;NZD1;metaal: brons;munt;1980.0;1980.0;-12.85;21.0;NZD1.00516MTL018,NZD1,metaal: brons,munt,1980.0,1980.0,-12.85,21.0
NZD1.00516MTL019;NZD1;metaal: staal;munt;1999.0;1999.0;-12.85;16.25;NZD1.00516MTL019,NZD1,metaal: staal,munt,1999.0,1999.0,-12.85,16.25
NZD1.00516MTL020;NZD1;metaal: nikkel;munt;1980.0;1980.0;-12.85;19.0;NZD1.00516MTL020,NZD1,metaal: nikkel,munt,1980.0,1980.0,-12.85,19.0
NZD1.00517MTL067;NZD1;metaal: biljoen;munt;1550.0;1650.0;-12.85;16.0;NZD1.00517MTL067,NZD1,metaal: biljoen,munt,1550.0,1650.0,-12.85,16.0
NZD1.00517MTL078;NZD1;metaal: zilver;munt;1964.0;1964.0;-12.85;25.0;NZD1.00517MTL078,NZD1,metaal: zilver,munt,1964.0,1964.0,-12.85,25.0
NZD1.00517MTL079;NZD1;metaal: koperlegering;munt;1995.0;1995.0;-12.85;27.5;NZD1.00517MTL079,NZD1,metaal: koperlegering,munt,1995.0,1995.0,-12.85,27.5
NZD1.00517MTL080;NZD1;metaal: nikkel;munt;1976.0;1976.0;-12.85;15.0;NZD1.00517MTL080,NZD1,metaal: nikkel,munt,1976.0,1976.0,-12.85,15.0
NZD1.00517MTL081;NZD1;metaal: nikkel;munt;1991.0;1991.0;-12.85;15.0;NZD1.00517MTL081,NZD1,metaal: nikkel,munt,1991.0,1991.0,-12.85,15.0
NZD1.00517MTL082;NZD1;metaal: koper-nikkel;munt;1967.0;1967.0;-12.85;18.0;NZD1.00517MTL082,NZD1,metaal: koper-nikkel,munt,1967.0,1967.0,-12.85,18.0
NZD1.00517MTL083;NZD1;metaal: aluminium-messing;munt;1995.0;1995.0;-12.85;17.0;NZD1.00517MTL083,NZD1,metaal: aluminium-messing,munt,1995.0,1995.0,-12.85,17.0
NZD1.00517MTL084;NZD1;metaal: brons;munt;1954.0;1954.0;-12.85;17.0;NZD1.00517MTL084,NZD1,metaal: brons,munt,1954.0,1954.0,-12.85,17.0
NZD1.00517MTL085;NZD1;metaal: brons;munt;1952.0;1952.0;-12.85;21.0;NZD1.00517MTL085,NZD1,metaal: brons,munt,1952.0,1952.0,-12.85,21.0
NZD1.00517MTL086;NZD1;metaal: staal;munt;2001.0;2001.0;-12.85;18.75;NZD1.00517MTL086,NZD1,metaal: staal,munt,2001.0,2001.0,-12.85,18.75
NZD1.00517MTL087;NZD1;metaal: brons;munt;1966.0;1966.0;-12.85;17.0;NZD1.00517MTL087,NZD1,metaal: brons,munt,1966.0,1966.0,-12.85,17.0
NZD1.00528MTL002;NZD1;metaal: brons;munt;1950.0;1950.0;-12.25;17.0;NZD1.00528MTL002,NZD1,metaal: brons,munt,1950.0,1950.0,-12.25,17.0
NZD1.00528MTL010;NZD1;metaal: ijzer-koper;munt;1950.0;1950.0;-12.25;21.5;NZD1.00528MTL010,NZD1,metaal: ijzer-koper,munt,1950.0,1950.0,-12.25,21.5
NZD1.00529MTL022;NZD1;metaal: brons;munt;1891.0;1891.0;-12.25;14.0;NZD1.00529MTL022,NZD1,metaal: brons,munt,1891.0,1891.0,-12.25,14.0
NZD1.00529MTL079;NZD1;metaal: zilver;munt;1474.0;1516.0;-12.25;23.0;NZD1.00529MTL079,NZD1,metaal: zilver,munt,1474.0,1516.0,-12.25,23.0
NZD1.00529MTL080;NZD1;metaal: koper;munt;1574.0;1579.0;-12.25;24.0;NZD1.00529MTL080,NZD1,metaal: koper,munt,1574.0,1579.0,-12.25,24.0
NZD1.00529MTL081;NZD1;metaal: zilver;munt;1601.0;1601.0;-12.25;31.0;NZD1.00529MTL081,NZD1,metaal: zilver,munt,1601.0,1601.0,-12.25,31.0
NZD1.00529MTL082;NZD1;metaal: koper;munt;1543.0;1556.0;-12.25;18.0;NZD1.00529MTL082,NZD1,metaal: koper,munt,1543.0,1556.0,-12.25,18.0
NZD1.00529MTL102;NZD1;metaal: brons;munt;1963.0;1963.0;-12.25;17.0;NZD1.00529MTL102,NZD1,metaal: brons,munt,1963.0,1963.0,-12.25,17.0
NZD1.00529MTL103;NZD1;metaal: zink;munt;1921.0;1921.0;-12.25;21.0;NZD1.00529MTL103,NZD1,metaal: zink,munt,1921.0,1921.0,-12.25,21.0
NZD1.00529MTL104;NZD1;metaal: koper-nikkel;munt;1996.0;1996.0;-12.25;24.5;NZD1.00529MTL104,NZD1,metaal: koper-nikkel,munt,1996.0,1996.0,-12.25,24.5
NZD1.00529MTL105;NZD1;metaal: koper-nikkel;munt;1979.0;1979.0;-12.25;24.3;NZD1.00529MTL105,NZD1,metaal: koper-nikkel,munt,1979.0,1979.0,-12.25,24.3
NZD1.00529MTL106;NZD1;metaal: zilver;munt;1957.0;1957.0;-12.25;25.0;NZD1.00529MTL106,NZD1,metaal: zilver,munt,1957.0,1957.0,-12.25,25.0
NZD1.00529MTL107;NZD1;metaal: koper-nikkel;munt;1978.0;1978.0;-12.25;21.0;NZD1.00529MTL107,NZD1,metaal: koper-nikkel,munt,1978.0,1978.0,-12.25,21.0
NZD1.00529MTL108;NZD1;metaal: brons;munt;1985.0;1985.0;-12.25;21.0;NZD1.00529MTL108,NZD1,metaal: brons,munt,1985.0,1985.0,-12.25,21.0
NZD1.00529MTL109;NZD1;metaal: ijzer-koper;munt;1994.0;1994.0;-12.25;16.5;NZD1.00529MTL109,NZD1,metaal: ijzer-koper,munt,1994.0,1994.0,-12.25,16.5
NZD1.00529MTL110;NZD1;metaal: brons;munt;1979.0;1979.0;-12.25;20.0;NZD1.00529MTL110,NZD1,metaal: brons,munt,1979.0,1979.0,-12.25,20.0
NZD1.00529MTL111;NZD1;metaal: ijzer-koper;munt;1975.0;1975.0;-12.25;21.5;NZD1.00529MTL111,NZD1,metaal: ijzer-koper,munt,1975.0,1975.0,-12.25,21.5
NZD1.00529MTL112;NZD1;metaal: ijzer-koper;munt;1967.0;1967.0;-12.25;21.5;NZD1.00529MTL112,NZD1,metaal: ijzer-koper,munt,1967.0,1967.0,-12.25,21.5
NZD1.00529MTL113;NZD1;metaal: ijzer-koper;munt;1950.0;1950.0;-12.25;18.0;NZD1.00529MTL113,NZD1,metaal: ijzer-koper,munt,1950.0,1950.0,-12.25,18.0
NZD1.00529MTL114;NZD1;metaal: nikkel;munt;1962.0;1962.0;-12.25;19.0;NZD1.00529MTL114,NZD1,metaal: nikkel,munt,1962.0,1962.0,-12.25,19.0
NZD1.00529MTL115;NZD1;metaal: nikkel;munt;1980.0;1980.0;-12.25;19.0;NZD1.00529MTL115,NZD1,metaal: nikkel,munt,1980.0,1980.0,-12.25,19.0
NZD1.00529MTL116;NZD1;metaal: nikkel;munt;1975.0;1975.0;-12.25;19.0;NZD1.00529MTL116,NZD1,metaal: nikkel,munt,1975.0,1975.0,-12.25,19.0
NZD1.00529MTL117;NZD1;metaal: nikkel;munt;1951.0;1951.0;-12.25;19.0;NZD1.00529MTL117,NZD1,metaal: nikkel,munt,1951.0,1951.0,-12.25,19.0
NZD1.00529MTL118;NZD1;metaal: nikkel;munt;1965.0;1965.0;-12.25;15.0;NZD1.00529MTL118,NZD1,metaal: nikkel,munt,1965.0,1965.0,-12.25,15.0
NZD1.00529MTL123;NZD1;metaal: messing;muntgewicht;1500.0;1800.0;-12.25;;NZD1.00529MTL123,NZD1,metaal: messing,muntgewicht,1500.0,1800.0,-12.25,
NZD1.00533MTL027;NZD1;metaal: koper-nikkel;munt;1978.0;1978.0;-12.25;24.0;NZD1.00533MTL027,NZD1,metaal: koper-nikkel,munt,1978.0,1978.0,-12.25,24.0
NZD1.00533MTL028;NZD1;metaal: nikkel;munt;1975.0;1975.0;-12.25;15.0;NZD1.00533MTL028,NZD1,metaal: nikkel,munt,1975.0,1975.0,-12.25,15.0
NZD1.00533MTL029;NZD1;metaal: nikkel;munt;1951.0;1951.0;-12.25;15.0;NZD1.00533MTL029,NZD1,metaal: nikkel,munt,1951.0,1951.0,-12.25,15.0
NZD1.00533MTL030;NZD1;metaal: nikkel;munt;1980.0;1980.0;-12.25;19.0;NZD1.00533MTL030,NZD1,metaal: nikkel,munt,1980.0,1980.0,-12.25,19.0
NZD1.00533MTL031;NZD1;metaal: brons;munt;1966.0;1966.0;-12.25;21.0;NZD1.00533MTL031,NZD1,metaal: brons,munt,1966.0,1966.0,-12.25,21.0
NZD1.00533MTL032;NZD1;metaal: brons;munt;1924.0;1924.0;-12.25;17.5;NZD1.00533MTL032,NZD1,metaal: brons,munt,1924.0,1924.0,-12.25,17.5
NZD1.00533MTL033;NZD1;metaal: brons;munt;1950.0;1959.0;-12.25;17.0;NZD1.00533MTL033,NZD1,metaal: brons,munt,1950.0,1959.0,-12.25,17.0
NZD1.00533MTL034;NZD1;metaal: koper-zink;munt;1959.0;1959.0;-12.25;19.0;NZD1.00533MTL034,NZD1,metaal: koper-zink,munt,1959.0,1959.0,-12.25,19.0
NZD1.00533MTL035;NZD1;metaal: koper-nikkel;munt;1992.0;1992.0;-12.25;18.5;NZD1.00533MTL035,NZD1,metaal: koper-nikkel,munt,1992.0,1992.0,-12.25,18.5
NZD1.00549MTL002;NZD1;metaal: brons;munt;1906.0;1906.0;;23.4;NZD1.00549MTL002,NZD1,metaal: brons,munt,1906.0,1906.0,,23.4
NZD1.00551MTL002;NZD1;metaal: brons;munt;1961.0;1961.0;-9.3;17.0;NZD1.00551MTL002,NZD1,metaal: brons,munt,1961.0,1961.0,-9.3,17.0
NZD1.00555MTL004;NZD1;metaal: brons;munt;1980.0;1980.0;;21.0;NZD1.00555MTL004,NZD1,metaal: brons,munt,1980.0,1980.0,,21.0
NZD1.00555MTL005;NZD1;metaal: ijzer-koper;munt;1950.0;1999.0;;16.5;NZD1.00555MTL005,NZD1,metaal: ijzer-koper,munt,1950.0,1999.0,,16.5
NZD1.00556MTL008;NZD1;metaal: nikkel;munt;1969.0;1969.0;;25.0;NZD1.00556MTL008,NZD1,metaal: nikkel,munt,1969.0,1969.0,,25.0
NZD1.00556MTL009;NZD1;metaal: nikkel;munt;1968.0;1968.0;;25.0;NZD1.00556MTL009,NZD1,metaal: nikkel,munt,1968.0,1968.0,,25.0
NZD1.00556MTL010;NZD1;metaal: staal;munt;2003.0;2003.0;;21.25;NZD1.00556MTL010,NZD1,metaal: staal,munt,2003.0,2003.0,,21.25
NZD1.00556MTL011;NZD1;metaal: brons;munt;1984.0;1984.0;;21.0;NZD1.00556MTL011,NZD1,metaal: brons,munt,1984.0,1984.0,,21.0
NZD1.00556MTL012;NZD1;metaal: brons;munt;1989.0;1989.0;;21.0;NZD1.00556MTL012,NZD1,metaal: brons,munt,1989.0,1989.0,,21.0
NZD1.00556MTL013;NZD1;metaal: brons;munt;1991.0;1991.0;;26.0;NZD1.00556MTL013,NZD1,metaal: brons,munt,1991.0,1991.0,,26.0
NZD1.00556MTL014;NZD1;metaal: koper-nikkel-zink;munt;1998.0;1998.0;;20.5;NZD1.00556MTL014,NZD1,metaal: koper-nikkel-zink,munt,1998.0,1998.0,,20.5
NZD1.00556MTL015;NZD1;metaal: brons;munt;1917.0;1917.0;;14.0;NZD1.00556MTL015,NZD1,metaal: brons,munt,1917.0,1917.0,,14.0
NZD1.00558MTL004;NZD1;metaal: ijzer-koper;munt;1992.0;1992.0;;19.5;NZD1.00558MTL004,NZD1,metaal: ijzer-koper,munt,1992.0,1992.0,,19.5
NZD1.00558MTL005;NZD1;metaal: ijzer-koper;munt;1995.0;1995.0;;26.0;NZD1.00558MTL005,NZD1,metaal: ijzer-koper,munt,1995.0,1995.0,,26.0
NZD1.00558MTL006;NZD1;metaal: brons;munt;1880.0;1880.0;;23.4;NZD1.00558MTL006,NZD1,metaal: brons,munt,1880.0,1880.0,,23.4
NZD1.00559MTL007;NZD1;metaal: brons;munt;1955.0;1955.0;;17.0;NZD1.00559MTL007,NZD1,metaal: brons,munt,1955.0,1955.0,,17.0
NZD1.00559MTL008;NZD1;metaal: brons;munt;1969.0;1969.0;;17.0;NZD1.00559MTL008,NZD1,metaal: brons,munt,1969.0,1969.0,,17.0
NZD1.00559MTL009;NZD1;metaal: brons;munt;1972.0;1972.0;;17.0;NZD1.00559MTL009,NZD1,metaal: brons,munt,1972.0,1972.0,,17.0
NZD1.00559MTL010;NZD1;metaal: brons;munt;1954.0;1954.0;;17.0;NZD1.00559MTL010,NZD1,metaal: brons,munt,1954.0,1954.0,,17.0
NZD1.00559MTL011;NZD1;metaal: brons;munt;1965.0;1965.0;;17.0;NZD1.00559MTL011,NZD1,metaal: brons,munt,1965.0,1965.0,,17.0
NZD1.00559MTL012;NZD1;metaal: brons;munt;1984.0;1984.0;;21.0;NZD1.00559MTL012,NZD1,metaal: brons,munt,1984.0,1984.0,,21.0
NZD1.00559MTL013;NZD1;metaal: nikkel;munt;1979.0;1979.0;;26.5;NZD1.00559MTL013,NZD1,metaal: nikkel,munt,1979.0,1979.0,,26.5
NZD1.00559MTL014;NZD1;metaal: koper-nikkel;munt;1975.0;1975.0;;26.0;NZD1.00559MTL014,NZD1,metaal: koper-nikkel,munt,1975.0,1975.0,,26.0
NZD1.00560MTL004;NZD1;metaal: messing;munt;1991.0;1991.0;;18.0;NZD1.00560MTL004,NZD1,metaal: messing,munt,1991.0,1991.0,,18.0
NZD1.00560MTL005;NZD1;metaal: ijzer-koper;munt;1986.0;1986.0;;18.0;NZD1.00560MTL005,NZD1,metaal: ijzer-koper,munt,1986.0,1986.0,,18.0
NZD1.00560MTL006;NZD1;metaal: brons;munt;1996.0;1996.0;;21.0;NZD1.00560MTL006,NZD1,metaal: brons,munt,1996.0,1996.0,,21.0
NZD1.00561MTL005;NZD1;metaal: brons;munt;1950.0;1950.0;-15.3;21.0;NZD1.00561MTL005,NZD1,metaal: brons,munt,1950.0,1950.0,-15.3,21.0
NZD1.00561MTL006;NZD1;metaal: koperlegering;munt;2001.0;2001.0;-15.3;19.75;NZD1.00561MTL006,NZD1,metaal: koperlegering,munt,2001.0,2001.0,-15.3,19.75
NZD1.00573MTL001;NZD1;metaal: zilver;munt;1697.0;1697.0;-16.7;41.6;NZD1.00573MTL001,NZD1,metaal: zilver,munt,1697.0,1697.0,-16.7,41.6
NZD1.00574MTL008;NZD1;metaal: ijzer-koper;munt;1979.0;1979.0;-16.4;19.0;NZD1.00574MTL008,NZD1,metaal: ijzer-koper,munt,1979.0,1979.0,-16.4,19.0
NZD1.00578MTL005;NZD1;metaal: koper;munt;1590.0;1598.0;-16.18;23.0;NZD1.00578MTL005,NZD1,metaal: koper,munt,1590.0,1598.0,-16.18,23.0
NZD1.00578MTL055;NZD1;metaal: brons;munt;1948.0;1948.0;-16.18;21.0;NZD1.00578MTL055,NZD1,metaal: brons,munt,1948.0,1948.0,-16.18,21.0
NZD1.00578MTL056;NZD1;metaal: brons;munt;1961.0;1961.0;-16.18;21.0;NZD1.00578MTL056,NZD1,metaal: brons,munt,1961.0,1961.0,-16.18,21.0
NZD1.00578MTL057;NZD1;metaal: brons;munt;1957.0;1957.0;-16.18;17.0;NZD1.00578MTL057,NZD1,metaal: brons,munt,1957.0,1957.0,-16.18,17.0
NZD1.00578MTL058;NZD1;metaal: brons;munt;1917.0;1917.0;-16.18;19.0;NZD1.00578MTL058,NZD1,metaal: brons,munt,1917.0,1917.0,-16.18,19.0
NZD1.00578MTL059;NZD1;metaal: zilver;munt;1845.0;1845.0;-16.18;28.0;NZD1.00578MTL059,NZD1,metaal: zilver,munt,1845.0,1845.0,-16.18,28.0
NZD1.00578MTL060;NZD1;metaal: nikkel;munt;1976.0;1976.0;-16.18;19.0;NZD1.00578MTL060,NZD1,metaal: nikkel,munt,1976.0,1976.0,-16.18,19.0
NZD1.00578MTL061;NZD1;metaal: ijzer-koper;munt;1978.0;1978.0;-16.18;21.5;NZD1.00578MTL061,NZD1,metaal: ijzer-koper,munt,1978.0,1978.0,-16.18,21.5
NZD1.00578MTL062;NZD1;metaal: ijzer-koper;munt;1980.0;1980.0;-16.18;18.0;NZD1.00578MTL062,NZD1,metaal: ijzer-koper,munt,1980.0,1980.0,-16.18,18.0
NZD1.00579MTL017;NZD1;metaal: brons;munt;1984.0;1984.0;-16.18;21.0;NZD1.00579MTL017,NZD1,metaal: brons,munt,1984.0,1984.0,-16.18,21.0
NZD1.00579MTL034;NZD1;metaal: koper;munt;1821.0;1828.0;-16.18;22.0;NZD1.00579MTL034,NZD1,metaal: koper,munt,1821.0,1828.0,-16.18,22.0
NZD1.00579MTL035;NZD1;metaal: brons;munt;1966.0;1966.0;-16.18;17.0;NZD1.00579MTL035,NZD1,metaal: brons,munt,1966.0,1966.0,-16.18,17.0
NZD1.00579MTL036;NZD1;metaal: brons;munt;1977.0;1977.0;-16.18;17.0;NZD1.00579MTL036,NZD1,metaal: brons,munt,1977.0,1977.0,-16.18,17.0
NZD1.00579MTL037;NZD1;metaal: zilver;munt;1965.0;1965.0;-16.18;25.0;NZD1.00579MTL037,NZD1,metaal: zilver,munt,1965.0,1965.0,-16.18,25.0
NZD1.00579MTL039;NZD1;metaal: ijzer-koper;munt;1988.0;1988.0;-16.18;21.5;NZD1.00579MTL039,NZD1,metaal: ijzer-koper,munt,1988.0,1988.0,-16.18,21.5
NZD1.00579MTL040;NZD1;metaal: koper-nikkel;munt;1977.0;1977.0;-16.18;21.0;NZD1.00579MTL040,NZD1,metaal: koper-nikkel,munt,1977.0,1977.0,-16.18,21.0
NZD1.00581MTL013;NZD1;metaal: brons;munt;1979.0;1979.0;-18.3;19.1;NZD1.00581MTL013,NZD1,metaal: brons,munt,1979.0,1979.0,-18.3,19.1
NZD1.00581MTL032;NZD1;metaal: nikkel;munt;1993.0;1993.0;-18.3;15.0;NZD1.00581MTL032,NZD1,metaal: nikkel,munt,1993.0,1993.0,-18.3,15.0
NZD1.00581MTL033;NZD1;metaal: nikkel;munt;1978.0;1978.0;-18.3;15.0;NZD1.00581MTL033,NZD1,metaal: nikkel,munt,1978.0,1978.0,-18.3,15.0
NZD1.00581MTL034;NZD1;metaal: staal;munt;2002.0;2002.0;-18.3;21.25;NZD1.00581MTL034,NZD1,metaal: staal,munt,2002.0,2002.0,-18.3,21.25
NZD1.00585MTL011;NZD1;metaal: nikkel;munt;1975.0;1975.0;-18.3;15.0;NZD1.00585MTL011,NZD1,metaal: nikkel,munt,1975.0,1975.0,-18.3,15.0
NZD1.00585MTL030;NZD1;metaal: nikkel;munt;1966.0;1966.0;-18.3;19.0;NZD1.00585MTL030,NZD1,metaal: nikkel,munt,1966.0,1966.0,-18.3,19.0
NZD1.00589MTL015;NZD1;metaal: brons;munt;1980.0;1980.0;-18.9;21.0;NZD1.00589MTL015,NZD1,metaal: brons,munt,1980.0,1980.0,-18.9,21.0
NZD1.00589MTL054;NZD1;metaal: brons;munt;1962.0;1962.0;-18.9;21.0;NZD1.00589MTL054,NZD1,metaal: brons,munt,1962.0,1962.0,-18.9,21.0
NZD1.00589MTL055;NZD1;metaal: brons;munt;1966.0;1966.0;-18.9;17.0;NZD1.00589MTL055,NZD1,metaal: brons,munt,1966.0,1966.0,-18.9,17.0
NZD1.00589MTL056;NZD1;metaal: brons;munt;1940.0;1940.0;-18.9;19.0;NZD1.00589MTL056,NZD1,metaal: brons,munt,1940.0,1940.0,-18.9,19.0
NZD1.00589MTL057;NZD1;metaal: koper;munt;1741.0;1741.0;-18.9;21.0;NZD1.00589MTL057,NZD1,metaal: koper,munt,1741.0,1741.0,-18.9,21.0
NZD1.00589MTL058;NZD1;metaal: ijzer-koper;munt;1950.0;1950.0;-18.9;21.5;NZD1.00589MTL058,NZD1,metaal: ijzer-koper,munt,1950.0,1950.0,-18.9,21.5
NZD1.00589MTL059;NZD1;metaal: brons;munt;1966.0;1966.0;-18.9;19.0;NZD1.00589MTL059,NZD1,metaal: brons,munt,1966.0,1966.0,-18.9,19.0
NZD1.00590MTL013;NZD1;metaal: koper;munt;1600.0;1800.0;-19.2;19.0;NZD1.00590MTL013,NZD1,metaal: koper,munt,1600.0,1800.0,-19.2,19.0
NZD1.00594MTL011;NZD1;;munt;1948.0;2001.0;-19.2;;NZD1.00594MTL011,NZD1,,munt,1948.0,2001.0,-19.2,
NZD1.00595MTL006;NZD1;;munt;1964.0;1964.0;-19.63;;NZD1.00595MTL006,NZD1,,munt,1964.0,1964.0,-19.63,
NZD1.00600MTL002;NZD1;metaal: nikkel;munt;1993.0;1993.0;-23.75;15.0;NZD1.00600MTL002,NZD1,metaal: nikkel,munt,1993.0,1993.0,-23.75,15.0
NZD1.00600MTL004;NZD1;metaal: ijzer-koper;munt;1950.0;1950.0;-23.75;21.5;NZD1.00600MTL004,NZD1,metaal: ijzer-koper,munt,1950.0,1950.0,-23.75,21.5
NZD1.00600MTL005;NZD1;metaal: koper;munt;1819.0;1877.0;-23.75;22.0;NZD1.00600MTL005,NZD1,metaal: koper,munt,1819.0,1877.0,-23.75,22.0
NZD1.00604MTL002;NZD1;metaal: nikkel;munt;1951.0;1951.0;-22.66;15.0;NZD1.00604MTL002,NZD1,metaal: nikkel,munt,1951.0,1951.0,-22.66,15.0
NZD1.00604MTL003;NZD1;metaal: ijzer-koper;munt;1966.0;1966.0;-22.66;16.5;NZD1.00604MTL003,NZD1,metaal: ijzer-koper,munt,1966.0,1966.0,-22.66,16.5
NZD1.00612MTL001;NZD1;metaal: brons;munt;1880.0;1880.0;;19.0;NZD1.00612MTL001,NZD1,metaal: brons,munt,1880.0,1880.0,,19.0
NZD1.00612MTL002;NZD1;metaal: nikkel;munt;1948.0;1948.0;;15.0;NZD1.00612MTL002,NZD1,metaal: nikkel,munt,1948.0,1948.0,,15.0
NZD1.00612MTL003;NZD1;metaal: brons;munt;1952.0;1952.0;;21.0;NZD1.00612MTL003,NZD1,metaal: brons,munt,1952.0,1952.0,,21.0
NZD1.00612MTL004;NZD1;metaal: aluminium-brons;munt;1963.0;1963.0;;20.0;NZD1.00612MTL004,NZD1,metaal: aluminium-brons,munt,1963.0,1963.0,,20.0
NZD1.00612MTL005;NZD1;metaal: staal;munt;2002.0;2002.0;;21.25;NZD1.00612MTL005,NZD1,metaal: staal,munt,2002.0,2002.0,,21.25
NZD1.00614MTL001;NZD1;metaal: nikkel;munt;1950.0;1950.0;;19.0;NZD1.00614MTL001,NZD1,metaal: nikkel,munt,1950.0,1950.0,,19.0
NZD1.00614MTL002;NZD1;metaal: brons;munt;1963.0;1963.0;;21.0;NZD1.00614MTL002,NZD1,metaal: brons,munt,1963.0,1963.0,,21.0
NZD1.00614MTL003;NZD1;metaal: brons;munt;1878.0;1878.0;;19.0;NZD1.00614MTL003,NZD1,metaal: brons,munt,1878.0,1878.0,,19.0
NZD1.00614MTL004;NZD1;metaal: brons;munt;1883.0;1883.0;;19.0;NZD1.00614MTL004,NZD1,metaal: brons,munt,1883.0,1883.0,,19.0
NZD1.00614MTL005;NZD1;metaal: brons;munt;1884.0;1884.0;;19.0;NZD1.00614MTL005,NZD1,metaal: brons,munt,1884.0,1884.0,,19.0
NZD1.00614MTL006;NZD1;metaal: brons;munt;1892.0;1892.0;;19.0;NZD1.00614MTL006,NZD1,metaal: brons,munt,1892.0,1892.0,,19.0
NZD1.00614MTL007;NZD1;metaal: brons;munt;1928.0;1928.0;;19.0;NZD1.00614MTL007,NZD1,metaal: brons,munt,1928.0,1928.0,,19.0
NZD1.00614MTL008;NZD1;metaal: brons;munt;1948.0;1948.0;;17.0;NZD1.00614MTL008,NZD1,metaal: brons,munt,1948.0,1948.0,,17.0
NZD1.00614MTL009;NZD1;metaal: brons;munt;1967.0;1967.0;;17.0;NZD1.00614MTL009,NZD1,metaal: brons,munt,1967.0,1967.0,,17.0
NZD1.00614MTL010;NZD1;metaal: koper-nikkel;munt;1972.0;1972.0;;18.0;NZD1.00614MTL010,NZD1,metaal: koper-nikkel,munt,1972.0,1972.0,,18.0
NZD1.00614MTL011;NZD1;metaal: koper-zink;munt;1981.0;1981.0;;19.0;NZD1.00614MTL011,NZD1,metaal: koper-zink,munt,1981.0,1981.0,,19.0
NZD1.00614MTL012;NZD1;metaal: zink;munt;1941.0;1941.0;;23.4;NZD1.00614MTL012,NZD1,metaal: zink,munt,1941.0,1941.0,,23.4
NZD1.00615MTL002;NZD1;metaal: nikkel;munt;1962.0;1962.0;;15.0;NZD1.00615MTL002,NZD1,metaal: nikkel,munt,1962.0,1962.0,,15.0
NZD1.00615MTL003;NZD1;metaal: brons;munt;1877.0;1890.0;;23.4;NZD1.00615MTL003,NZD1,metaal: brons,munt,1877.0,1890.0,,23.4
NZD1.00615MTL004;NZD1;metaal: brons;munt;1997.0;1997.0;;21.0;NZD1.00615MTL004,NZD1,metaal: brons,munt,1997.0,1997.0,,21.0
NZD1.00615MTL005;NZD1;metaal: messing;munt;1986.0;1986.0;;24.0;NZD1.00615MTL005,NZD1,metaal: messing,munt,1986.0,1986.0,,24.0
NZD1.00616MTL002;NZD1;metaal: brons;munt;1968.0;1968.0;;24.0;NZD1.00616MTL002,NZD1,metaal: brons,munt,1968.0,1968.0,,24.0
NZD1.00619MTL002;NZD1;metaal: nikkel;munt;1975.0;1975.0;;19.0;NZD1.00619MTL002,NZD1,metaal: nikkel,munt,1975.0,1975.0,,19.0
NZD1.00619MTL003;NZD1;metaal: zilver;munt;1919.0;1919.0;;15.0;NZD1.00619MTL003,NZD1,metaal: zilver,munt,1919.0,1919.0,,15.0
NZD1.00619MTL004;NZD1;metaal: nikkel;munt;1950.0;1950.0;;15.0;NZD1.00619MTL004,NZD1,metaal: nikkel,munt,1950.0,1950.0,,15.0
NZD1.00619MTL005;NZD1;metaal: nikkel;munt;1969.0;1969.0;;15.0;NZD1.00619MTL005,NZD1,metaal: nikkel,munt,1969.0,1969.0,,15.0
NZD1.00619MTL006;NZD1;metaal: brons;munt;1948.0;1948.0;;21.0;NZD1.00619MTL006,NZD1,metaal: brons,munt,1948.0,1948.0,,21.0
NZD1.00619MTL007;NZD1;metaal: brons;munt;1980.0;1980.0;;21.0;NZD1.00619MTL007,NZD1,metaal: brons,munt,1980.0,1980.0,,21.0
NZD1.00619MTL008;NZD1;metaal: brons;munt;1905.0;1905.0;;23.4;NZD1.00619MTL008,NZD1,metaal: brons,munt,1905.0,1905.0,,23.4
NZD1.00619MTL009;NZD1;metaal: brons;munt;1918.0;1918.0;;19.0;NZD1.00619MTL009,NZD1,metaal: brons,munt,1918.0,1918.0,,19.0
NZD1.00619MTL010;NZD1;metaal: brons;munt;1925.0;1925.0;;19.0;NZD1.00619MTL010,NZD1,metaal: brons,munt,1925.0,1925.0,,19.0
NZD1.00619MTL011;NZD1;metaal: brons;munt;1927.0;1927.0;;19.0;NZD1.00619MTL011,NZD1,metaal: brons,munt,1927.0,1927.0,,19.0
NZD1.00619MTL012;NZD1;metaal: brons;munt;1948.0;1948.0;;17.0;NZD1.00619MTL012,NZD1,metaal: brons,munt,1948.0,1948.0,,17.0
NZD1.00619MTL013;NZD1;metaal: brons;munt;1948.0;1948.0;;17.0;NZD1.00619MTL013,NZD1,metaal: brons,munt,1948.0,1948.0,,17.0
NZD1.00619MTL014;NZD1;metaal: brons;munt;1948.0;1948.0;;17.0;NZD1.00619MTL014,NZD1,metaal: brons,munt,1948.0,1948.0,,17.0
NZD1.00619MTL015;NZD1;metaal: brons;munt;1951.0;1951.0;;17.0;NZD1.00619MTL015,NZD1,metaal: brons,munt,1951.0,1951.0,,17.0
NZD1.00619MTL016;NZD1;metaal: brons;munt;1954.0;1954.0;;17.0;NZD1.00619MTL016,NZD1,metaal: brons,munt,1954.0,1954.0,,17.0
NZD1.00619MTL017;NZD1;metaal: brons;munt;1958.0;1958.0;;17.0;NZD1.00619MTL017,NZD1,metaal: brons,munt,1958.0,1958.0,,17.0
NZD1.00619MTL018;NZD1;metaal: koper-nikkel;munt;1952.0;1952.0;;20.0;NZD1.00619MTL018,NZD1,metaal: koper-nikkel,munt,1952.0,1952.0,,20.0
NZD1.00620MTL001;NZD1;metaal: nikkel;munt;1978.0;1978.0;;25.0;NZD1.00620MTL001,NZD1,metaal: nikkel,munt,1978.0,1978.0,,25.0
NZD1.00620MTL002;NZD1;metaal: nikkel;munt;1980.0;1980.0;;25.0;NZD1.00620MTL002,NZD1,metaal: nikkel,munt,1980.0,1980.0,,25.0
NZD1.00620MTL003;NZD1;metaal: nikkel;munt;1950.0;1950.0;;19.0;NZD1.00620MTL003,NZD1,metaal: nikkel,munt,1950.0,1950.0,,19.0
NZD1.00620MTL004;NZD1;metaal: nikkel;munt;1980.0;1980.0;;19.0;NZD1.00620MTL004,NZD1,metaal: nikkel,munt,1980.0,1980.0,,19.0
NZD1.00620MTL005;NZD1;metaal: zilver;munt;1913.0;1913.0;;15.0;NZD1.00620MTL005,NZD1,metaal: zilver,munt,1913.0,1913.0,,15.0
NZD1.00620MTL006;NZD1;metaal: nikkel;munt;1950.0;1950.0;;15.0;NZD1.00620MTL006,NZD1,metaal: nikkel,munt,1950.0,1950.0,,15.0
NZD1.00620MTL007;NZD1;metaal: brons;munt;1880.0;1880.0;;19.0;NZD1.00620MTL007,NZD1,metaal: brons,munt,1880.0,1880.0,,19.0
NZD1.00620MTL008;NZD1;metaal: brons;munt;1940.0;1940.0;;19.0;NZD1.00620MTL008,NZD1,metaal: brons,munt,1940.0,1940.0,,19.0
NZD1.00620MTL009;NZD1;metaal: brons;munt;1941.0;1941.0;;19.0;NZD1.00620MTL009,NZD1,metaal: brons,munt,1941.0,1941.0,,19.0
NZD1.00620MTL010;NZD1;metaal: brons;munt;1948.0;1948.0;;17.0;NZD1.00620MTL010,NZD1,metaal: brons,munt,1948.0,1948.0,,17.0
NZD1.00620MTL011;NZD1;metaal: brons;munt;1948.0;1948.0;;17.0;NZD1.00620MTL011,NZD1,metaal: brons,munt,1948.0,1948.0,,17.0
NZD1.00620MTL012;NZD1;metaal: brons;munt;1948.0;1948.0;;17.0;NZD1.00620MTL012,NZD1,metaal: brons,munt,1948.0,1948.0,,17.0
NZD1.00620MTL013;NZD1;metaal: brons;munt;1950.0;1950.0;;17.0;NZD1.00620MTL013,NZD1,metaal: brons,munt,1950.0,1950.0,,17.0
NZD1.00620MTL014;NZD1;metaal: brons;munt;1952.0;1952.0;;17.0;NZD1.00620MTL014,NZD1,metaal: brons,munt,1952.0,1952.0,,17.0
NZD1.00620MTL015;NZD1;metaal: brons;munt;1954.0;1954.0;;17.0;NZD1.00620MTL015,NZD1,metaal: brons,munt,1954.0,1954.0,,17.0
NZD1.00620MTL016;NZD1;metaal: brons;munt;1938.0;1938.0;;16.0;NZD1.00620MTL016,NZD1,metaal: brons,munt,1938.0,1938.0,,16.0
NZD1.00620MTL017;NZD1;metaal: aluminium-brons;munt;1976.0;1976.0;;22.5;NZD1.00620MTL017,NZD1,metaal: aluminium-brons,munt,1976.0,1976.0,,22.5
NZD1.00620MTL018;NZD1;metaal: koper-nikkel;munt;1970.0;1970.0;;18.0;NZD1.00620MTL018,NZD1,metaal: koper-nikkel,munt,1970.0,1970.0,,18.0
NZD1.00620MTL019;NZD1;metaal: ijzer-koper;munt;1949.0;1949.0;;21.5;NZD1.00620MTL019,NZD1,metaal: ijzer-koper,munt,1949.0,1949.0,,21.5
NZD1.00620MTL020;NZD1;metaal: brons;munt;1925.0;1925.0;;20.0;NZD1.00620MTL020,NZD1,metaal: brons,munt,1925.0,1925.0,,20.0
NZD1.00620MTL021;NZD1;metaal: zink;munt;1944.0;1944.0;;17.0;NZD1.00620MTL021,NZD1,metaal: zink,munt,1944.0,1944.0,,17.0
NZD1.00620MTL022;NZD1;metaal: zink;munt;1941.0;1944.0;;17.0;NZD1.00620MTL022,NZD1,metaal: zink,munt,1941.0,1944.0,,17.0
NZD1.00620MTL023;NZD1;metaal: zink;munt;1946.0;1946.0;;22.0;NZD1.00620MTL023,NZD1,metaal: zink,munt,1946.0,1946.0,,22.0
NZD1.00621MTL004;NZD1;metaal: brons;munt;1928.0;1928.0;;19.0;NZD1.00621MTL004,NZD1,metaal: brons,munt,1928.0,1928.0,,19.0
NZD1.00621MTL005;NZD1;metaal: brons;munt;1904.0;1904.0;;19.0;NZD1.00621MTL005,NZD1,metaal: brons,munt,1904.0,1904.0,,19.0
NZD1.00621MTL006;NZD1;metaal: brons;munt;1921.0;1921.0;;19.0;NZD1.00621MTL006,NZD1,metaal: brons,munt,1921.0,1921.0,,19.0
NZD1.00621MTL007;NZD1;metaal: brons;munt;1928.0;1928.0;;19.0;NZD1.00621MTL007,NZD1,metaal: brons,munt,1928.0,1928.0,,19.0
NZD1.00621MTL008;NZD1;metaal: brons;munt;1939.0;1939.0;;19.0;NZD1.00621MTL008,NZD1,metaal: brons,munt,1939.0,1939.0,,19.0
NZD1.00621MTL009;NZD1;metaal: brons;munt;1890.0;1890.0;;23.4;NZD1.00621MTL009,NZD1,metaal: brons,munt,1890.0,1890.0,,23.4
NZD1.00621MTL010;NZD1;metaal: nikkel;munt;1957.0;1957.0;;15.0;NZD1.00621MTL010,NZD1,metaal: nikkel,munt,1957.0,1957.0,,15.0
NZD1.00621MTL011;NZD1;metaal: nikkel;munt;1948.0;1948.0;;15.0;NZD1.00621MTL011,NZD1,metaal: nikkel,munt,1948.0,1948.0,,15.0
NZD1.00621MTL012;NZD1;metaal: brons;munt;1961.0;1961.0;;17.0;NZD1.00621MTL012,NZD1,metaal: brons,munt,1961.0,1961.0,,17.0
NZD1.00621MTL013;NZD1;metaal: ijzer-koper;munt;1991.0;1991.0;;18.0;NZD1.00621MTL013,NZD1,metaal: ijzer-koper,munt,1991.0,1991.0,,18.0
NZD1.00621MTL014;NZD1;metaal: zink;munt;1941.0;1944.0;;17.0;NZD1.00621MTL014,NZD1,metaal: zink,munt,1941.0,1944.0,,17.0
NZD1.00621MTL015;NZD1;metaal: zink;munt;1941.0;1944.0;;17.0;NZD1.00621MTL015,NZD1,metaal: zink,munt,1941.0,1944.0,,17.0
NZD1.00622MTL006;NZD1;metaal: nikkel;munt;1987.0;1987.0;;29.0;NZD1.00622MTL006,NZD1,metaal: nikkel,munt,1987.0,1987.0,,29.0
NZD1.00622MTL007;NZD1;metaal: nikkel;munt;1948.0;1948.0;;19.0;NZD1.00622MTL007,NZD1,metaal: nikkel,munt,1948.0,1948.0,,19.0
NZD1.00622MTL008;NZD1;metaal: nikkel;munt;1980.0;1980.0;;19.0;NZD1.00622MTL008,NZD1,metaal: nikkel,munt,1980.0,1980.0,,19.0
NZD1.00622MTL009;NZD1;metaal: nikkel;munt;1986.0;1986.0;;19.0;NZD1.00622MTL009,NZD1,metaal: nikkel,munt,1986.0,1986.0,,19.0
NZD1.00622MTL010;NZD1;metaal: nikkel;munt;1948.0;1948.0;;15.0;NZD1.00622MTL010,NZD1,metaal: nikkel,munt,1948.0,1948.0,,15.0
NZD1.00622MTL011;NZD1;metaal: nikkel;munt;1950.0;1950.0;;15.0;NZD1.00622MTL011,NZD1,metaal: nikkel,munt,1950.0,1950.0,,15.0
NZD1.00622MTL012;NZD1;metaal: nikkel;munt;1963.0;1963.0;;15.0;NZD1.00622MTL012,NZD1,metaal: nikkel,munt,1963.0,1963.0,,15.0
NZD1.00622MTL013;NZD1;metaal: brons;munt;1952.0;1952.0;;21.0;NZD1.00622MTL013,NZD1,metaal: brons,munt,1952.0,1952.0,,21.0
NZD1.00622MTL014;NZD1;metaal: brons;munt;1977.0;1977.0;;21.0;NZD1.00622MTL014,NZD1,metaal: brons,munt,1977.0,1977.0,,21.0
NZD1.00622MTL015;NZD1;metaal: brons;munt;1980.0;1980.0;;21.0;NZD1.00622MTL015,NZD1,metaal: brons,munt,1980.0,1980.0,,21.0
NZD1.00622MTL016;NZD1;metaal: brons;munt;1985.0;1985.0;;21.0;NZD1.00622MTL016,NZD1,metaal: brons,munt,1985.0,1985.0,,21.0
NZD1.00622MTL017;NZD1;metaal: brons;munt;1996.0;1996.0;;21.0;NZD1.00622MTL017,NZD1,metaal: brons,munt,1996.0,1996.0,,21.0
NZD1.00622MTL018;NZD1;metaal: brons;munt;1878.0;1878.0;;19.0;NZD1.00622MTL018,NZD1,metaal: brons,munt,1878.0,1878.0,,19.0
NZD1.00622MTL019;NZD1;metaal: brons;munt;1916.0;1916.0;;19.0;NZD1.00622MTL019,NZD1,metaal: brons,munt,1916.0,1916.0,,19.0
NZD1.00622MTL020;NZD1;metaal: brons;munt;1940.0;1940.0;;19.0;NZD1.00622MTL020,NZD1,metaal: brons,munt,1940.0,1940.0,,19.0
NZD1.00622MTL021;NZD1;metaal: brons;munt;1913.0;1941.0;;19.0;NZD1.00622MTL021,NZD1,metaal: brons,munt,1913.0,1941.0,,19.0
NZD1.00622MTL022;NZD1;metaal: brons;munt;1898.0;1898.0;;19.0;NZD1.00622MTL022,NZD1,metaal: brons,munt,1898.0,1898.0,,19.0
NZD1.00622MTL023;NZD1;metaal: brons;munt;1952.0;1952.0;;17.0;NZD1.00622MTL023,NZD1,metaal: brons,munt,1952.0,1952.0,,17.0
NZD1.00622MTL024;NZD1;metaal: brons;munt;1950.0;1980.0;;17.0;NZD1.00622MTL024,NZD1,metaal: brons,munt,1950.0,1980.0,,17.0
NZD1.00622MTL025;NZD1;metaal: brons;munt;1950.0;1980.0;;17.0;NZD1.00622MTL025,NZD1,metaal: brons,munt,1950.0,1980.0,,17.0
NZD1.00622MTL026;NZD1;metaal: brons;munt;1948.0;1948.0;;17.0;NZD1.00622MTL026,NZD1,metaal: brons,munt,1948.0,1948.0,,17.0
NZD1.00622MTL027;NZD1;metaal: brons;munt;1948.0;1948.0;;17.0;NZD1.00622MTL027,NZD1,metaal: brons,munt,1948.0,1948.0,,17.0
NZD1.00622MTL028;NZD1;metaal: brons;munt;1948.0;1948.0;;17.0;NZD1.00622MTL028,NZD1,metaal: brons,munt,1948.0,1948.0,,17.0
NZD1.00622MTL029;NZD1;metaal: brons;munt;1950.0;1950.0;;17.0;NZD1.00622MTL029,NZD1,metaal: brons,munt,1950.0,1950.0,,17.0
NZD1.00622MTL030;NZD1;metaal: brons;munt;1950.0;1950.0;;17.0;NZD1.00622MTL030,NZD1,metaal: brons,munt,1950.0,1950.0,,17.0
NZD1.00622MTL031;NZD1;metaal: brons;munt;1951.0;1951.0;;17.0;NZD1.00622MTL031,NZD1,metaal: brons,munt,1951.0,1951.0,,17.0
NZD1.00622MTL032;NZD1;metaal: brons;munt;1956.0;1956.0;;17.0;NZD1.00622MTL032,NZD1,metaal: brons,munt,1956.0,1956.0,,17.0
NZD1.00622MTL033;NZD1;metaal: brons;munt;1958.0;1958.0;;17.0;NZD1.00622MTL033,NZD1,metaal: brons,munt,1958.0,1958.0,,17.0
NZD1.00622MTL034;NZD1;metaal: brons;munt;1959.0;1959.0;;17.0;NZD1.00622MTL034,NZD1,metaal: brons,munt,1959.0,1959.0,,17.0
NZD1.00622MTL035;NZD1;metaal: brons;munt;1971.0;1971.0;;17.0;NZD1.00622MTL035,NZD1,metaal: brons,munt,1971.0,1971.0,,17.0
NZD1.00622MTL036;NZD1;metaal: koper-nikkel;munt;1972.0;1972.0;;30.0;NZD1.00622MTL036,NZD1,metaal: koper-nikkel,munt,1972.0,1972.0,,30.0
NZD1.00622MTL037;NZD1;metaal: koper-nikkel;munt;1978.0;1978.0;;20.0;NZD1.00622MTL037,NZD1,metaal: koper-nikkel,munt,1978.0,1978.0,,20.0
NZD1.00622MTL038;NZD1;metaal: koper-nikkel;munt;1995.0;1995.0;;24.3;NZD1.00622MTL038,NZD1,metaal: koper-nikkel,munt,1995.0,1995.0,,24.3
NZD1.00622MTL039;NZD1;metaal: brons;munt;1940.0;1940.0;;19.0;NZD1.00622MTL039,NZD1,metaal: brons,munt,1940.0,1940.0,,19.0
NZD1.00622MTL040;NZD1;metaal: koper-nikkel;munt;1992.0;1992.0;;16.5;NZD1.00622MTL040,NZD1,metaal: koper-nikkel,munt,1992.0,1992.0,,16.5
NZD1.00622MTL041;NZD1;metaal: zilver;munt;1956.0;1956.0;;15.0;NZD1.00622MTL041,NZD1,metaal: zilver,munt,1956.0,1956.0,,15.0
NZD1.00622MTL042;NZD1;metaal: koper-nikkel;munt;2002.0;2002.0;;22.5;NZD1.00622MTL042,NZD1,metaal: koper-nikkel,munt,2002.0,2002.0,,22.5
NZD1.00622MTL043;NZD1;metaal: koper-nikkel;munt;1992.0;1992.0;;24.5;NZD1.00622MTL043,NZD1,metaal: koper-nikkel,munt,1992.0,1992.0,,24.5
NZD1.00622MTL044;NZD1;metaal: koper-nikkel;munt;1975.0;1975.0;;24.0;NZD1.00622MTL044,NZD1,metaal: koper-nikkel,munt,1975.0,1975.0,,24.0
NZD1.00622MTL045;NZD1;metaal: ijzer-koper-nikkel;munt;1990.0;1990.0;;18.0;NZD1.00622MTL045,NZD1,metaal: ijzer-koper-nikkel,munt,1990.0,1990.0,,18.0
NZD1.00622MTL046;NZD1;metaal: aluminium-brons;munt;1924.0;1924.0;;18.0;NZD1.00622MTL046,NZD1,metaal: aluminium-brons,munt,1924.0,1924.0,,18.0
NZD1.00622MTL047;NZD1;metaal: koper;munt;1908.0;1908.0;;17.5;NZD1.00622MTL047,NZD1,metaal: koper,munt,1908.0,1908.0,,17.5
NZD1.00622MTL048;NZD1;metaal: zink;munt;1942.0;1942.0;;17.0;NZD1.00622MTL048,NZD1,metaal: zink,munt,1942.0,1942.0,,17.0
NZD1.00622MTL049;NZD1;metaal: zink;munt;1942.0;1942.0;;17.0;NZD1.00622MTL049,NZD1,metaal: zink,munt,1942.0,1942.0,,17.0
NZD1.00622MTL050;NZD1;metaal: zink;munt;1941.0;1944.0;;17.0;NZD1.00622MTL050,NZD1,metaal: zink,munt,1941.0,1944.0,,17.0
NZD1.00622MTL051;NZD1;metaal: zink;munt;1941.0;1944.0;;17.0;NZD1.00622MTL051,NZD1,metaal: zink,munt,1941.0,1944.0,,17.0
NZD1.00622MTL052;NZD1;metaal: zink;munt;1941.0;1944.0;;17.0;NZD1.00622MTL052,NZD1,metaal: zink,munt,1941.0,1944.0,,17.0
NZD1.00622MTL053;NZD1;metaal: zink;munt;1941.0;1943.0;;22.0;NZD1.00622MTL053,NZD1,metaal: zink,munt,1941.0,1943.0,,22.0
NZD1.00622MTL054;NZD1;metaal: zink;munt;1941.0;1943.0;;22.0;NZD1.00622MTL054,NZD1,metaal: zink,munt,1941.0,1943.0,,22.0
NZD1.00623MTL001;NZD1;metaal: zilver;munt;1957.0;1957.0;;25.0;NZD1.00623MTL001,NZD1,metaal: zilver,munt,1957.0,1957.0,,25.0
NZD1.00623MTL002;NZD1;metaal: brons;munt;1954.0;1954.0;;21.0;NZD1.00623MTL002,NZD1,metaal: brons,munt,1954.0,1954.0,,21.0
NZD1.00623MTL003;NZD1;metaal: brons;munt;1906.0;1906.0;;23.4;NZD1.00623MTL003,NZD1,metaal: brons,munt,1906.0,1906.0,,23.4
NZD1.00623MTL004;NZD1;metaal: brons;munt;1892.0;1892.0;;19.0;NZD1.00623MTL004,NZD1,metaal: brons,munt,1892.0,1892.0,,19.0
NZD1.00623MTL005;NZD1;metaal: brons;munt;1950.0;1950.0;;17.0;NZD1.00623MTL005,NZD1,metaal: brons,munt,1950.0,1950.0,,17.0
NZD1.00623MTL006;NZD1;metaal: brons;munt;1955.0;1955.0;;17.0;NZD1.00623MTL006,NZD1,metaal: brons,munt,1955.0,1955.0,,17.0
NZD1.00623MTL007;NZD1;metaal: ijzer-koper;munt;1949.0;1949.0;;16.5;NZD1.00623MTL007,NZD1,metaal: ijzer-koper,munt,1949.0,1949.0,,16.5
NZD1.00623MTL008;NZD1;metaal: brons;munt;1913.0;1941.0;;19.0;NZD1.00623MTL008,NZD1,metaal: brons,munt,1913.0,1941.0,,19.0
NZD1.00624MTL003;NZD1;metaal: zilver;munt;1958.0;1958.0;;25.0;NZD1.00624MTL003,NZD1,metaal: zilver,munt,1958.0,1958.0,,25.0
NZD1.00624MTL004;NZD1;metaal: zilver;munt;1955.0;1955.0;;25.0;NZD1.00624MTL004,NZD1,metaal: zilver,munt,1955.0,1955.0,,25.0
NZD1.00624MTL005;NZD1;metaal: zilver;munt;1956.0;1956.0;;25.0;NZD1.00624MTL005,NZD1,metaal: zilver,munt,1956.0,1956.0,,25.0
NZD1.00624MTL006;NZD1;metaal: nikkel;munt;1948.0;1948.0;;19.0;NZD1.00624MTL006,NZD1,metaal: nikkel,munt,1948.0,1948.0,,19.0
NZD1.00624MTL007;NZD1;metaal: nikkel;munt;1950.0;1950.0;;19.0;NZD1.00624MTL007,NZD1,metaal: nikkel,munt,1950.0,1950.0,,19.0
NZD1.00624MTL008;NZD1;metaal: brons;munt;1880.0;1880.0;;23.4;NZD1.00624MTL008,NZD1,metaal: brons,munt,1880.0,1880.0,,23.4
NZD1.00624MTL009;NZD1;metaal: brons;munt;1960.0;1960.0;;21.0;NZD1.00624MTL009,NZD1,metaal: brons,munt,1960.0,1960.0,,21.0
NZD1.00624MTL010;NZD1;metaal: brons;munt;1878.0;1878.0;;19.0;NZD1.00624MTL010,NZD1,metaal: brons,munt,1878.0,1878.0,,19.0
NZD1.00624MTL011;NZD1;metaal: brons;munt;1918.0;1918.0;;19.0;NZD1.00624MTL011,NZD1,metaal: brons,munt,1918.0,1918.0,,19.0
NZD1.00624MTL012;NZD1;metaal: brons;munt;1929.0;1929.0;;19.0;NZD1.00624MTL012,NZD1,metaal: brons,munt,1929.0,1929.0,,19.0
NZD1.00624MTL013;NZD1;metaal: brons;munt;1926.0;1926.0;;19.0;NZD1.00624MTL013,NZD1,metaal: brons,munt,1926.0,1926.0,,19.0
NZD1.00624MTL014;NZD1;metaal: brons;munt;1954.0;1954.0;;17.0;NZD1.00624MTL014,NZD1,metaal: brons,munt,1954.0,1954.0,,17.0
NZD1.00624MTL015;NZD1;metaal: brons;munt;1954.0;1954.0;;17.0;NZD1.00624MTL015,NZD1,metaal: brons,munt,1954.0,1954.0,,17.0
NZD1.00624MTL016;NZD1;metaal: brons;munt;1968.0;1968.0;;17.0;NZD1.00624MTL016,NZD1,metaal: brons,munt,1968.0,1968.0,,17.0
NZD1.00624MTL017;NZD1;metaal: brons;munt;1953.0;1953.0;;17.0;NZD1.00624MTL017,NZD1,metaal: brons,munt,1953.0,1953.0,,17.0
NZD1.00624MTL018;NZD1;metaal: brons;munt;1951.0;1951.0;;17.0;NZD1.00624MTL018,NZD1,metaal: brons,munt,1951.0,1951.0,,17.0
NZD1.00624MTL019;NZD1;metaal: ijzer-koper;munt;1949.0;1949.0;;21.5;NZD1.00624MTL019,NZD1,metaal: ijzer-koper,munt,1949.0,1949.0,,21.5
NZD1.00624MTL020;NZD1;metaal: koper-nikkel;munt;1957.0;1957.0;;27.0;NZD1.00624MTL020,NZD1,metaal: koper-nikkel,munt,1957.0,1957.0,,27.0
NZD1.00624MTL021;NZD1;metaal: koper-nikkel;munt;1979.0;1979.0;;21.0;NZD1.00624MTL021,NZD1,metaal: koper-nikkel,munt,1979.0,1979.0,,21.0
NZD1.00624MTL022;NZD1;metaal: aluminium-brons;munt;1972.0;1972.0;;22.5;NZD1.00624MTL022,NZD1,metaal: aluminium-brons,munt,1972.0,1972.0,,22.5
NZD1.00624MTL023;NZD1;metaal: ijzer-koper;munt;1950.0;1950.0;;16.5;NZD1.00624MTL023,NZD1,metaal: ijzer-koper,munt,1950.0,1950.0,,16.5
NZD1.00624MTL024;NZD1;metaal: zink;munt;1943.0;1943.0;;17.0;NZD1.00624MTL024,NZD1,metaal: zink,munt,1943.0,1943.0,,17.0
NZD1.00624MTL025;NZD1;metaal: zink;munt;1941.0;1941.0;;22.0;NZD1.00624MTL025,NZD1,metaal: zink,munt,1941.0,1941.0,,22.0
NZD1.00625MTL005;NZD1;metaal: zilver;munt;1956.0;1956.0;;25.0;NZD1.00625MTL005,NZD1,metaal: zilver,munt,1956.0,1956.0,,25.0
NZD1.00625MTL006;NZD1;metaal: nikkel;munt;1948.0;1948.0;;19.0;NZD1.00625MTL006,NZD1,metaal: nikkel,munt,1948.0,1948.0,,19.0
NZD1.00625MTL007;NZD1;metaal: nikkel;munt;1948.0;1948.0;;19.0;NZD1.00625MTL007,NZD1,metaal: nikkel,munt,1948.0,1948.0,,19.0
NZD1.00625MTL008;NZD1;metaal: nikkel;munt;1948.0;1948.0;;19.0;NZD1.00625MTL008,NZD1,metaal: nikkel,munt,1948.0,1948.0,,19.0
NZD1.00625MTL009;NZD1;metaal: nikkel;munt;1980.0;1980.0;;19.0;NZD1.00625MTL009,NZD1,metaal: nikkel,munt,1980.0,1980.0,,19.0
NZD1.00625MTL010;NZD1;metaal: zilver;munt;1910.0;1925.0;;15.0;NZD1.00625MTL010,NZD1,metaal: zilver,munt,1910.0,1925.0,,15.0
NZD1.00625MTL011;NZD1;metaal: zilver;munt;1936.0;1936.0;;15.0;NZD1.00625MTL011,NZD1,metaal: zilver,munt,1936.0,1936.0,,15.0
NZD1.00625MTL012;NZD1;metaal: zilver;munt;1936.0;1936.0;;15.0;NZD1.00625MTL012,NZD1,metaal: zilver,munt,1936.0,1936.0,,15.0
NZD1.00625MTL013;NZD1;metaal: nikkel;munt;1948.0;1948.0;;15.0;NZD1.00625MTL013,NZD1,metaal: nikkel,munt,1948.0,1948.0,,15.0
NZD1.00625MTL014;NZD1;metaal: nikkel;munt;1950.0;1950.0;;15.0;NZD1.00625MTL014,NZD1,metaal: nikkel,munt,1950.0,1950.0,,15.0
NZD1.00625MTL015;NZD1;metaal: nikkel;munt;1951.0;1951.0;;15.0;NZD1.00625MTL015,NZD1,metaal: nikkel,munt,1951.0,1951.0,,15.0
NZD1.00625MTL016;NZD1;metaal: brons;munt;1955.0;1955.0;;21.0;NZD1.00625MTL016,NZD1,metaal: brons,munt,1955.0,1955.0,,21.0
NZD1.00625MTL017;NZD1;metaal: brons;munt;1996.0;1996.0;;21.0;NZD1.00625MTL017,NZD1,metaal: brons,munt,1996.0,1996.0,,21.0
NZD1.00625MTL018;NZD1;metaal: brons;munt;1877.0;1943.0;;19.0;NZD1.00625MTL018,NZD1,metaal: brons,munt,1877.0,1943.0,,19.0
NZD1.00625MTL019;NZD1;metaal: brons;munt;1881.0;1881.0;;19.0;NZD1.00625MTL019,NZD1,metaal: brons,munt,1881.0,1881.0,,19.0
NZD1.00625MTL020;NZD1;metaal: brons;munt;1881.0;1881.0;;19.0;NZD1.00625MTL020,NZD1,metaal: brons,munt,1881.0,1881.0,,19.0
NZD1.00625MTL021;NZD1;metaal: brons;munt;1904.0;1904.0;;19.0;NZD1.00625MTL021,NZD1,metaal: brons,munt,1904.0,1904.0,,19.0
NZD1.00625MTL022;NZD1;metaal: brons;munt;1913.0;1913.0;;19.0;NZD1.00625MTL022,NZD1,metaal: brons,munt,1913.0,1913.0,,19.0
NZD1.00625MTL023;NZD1;metaal: brons;munt;1922.0;1922.0;;19.0;NZD1.00625MTL023,NZD1,metaal: brons,munt,1922.0,1922.0,,19.0
NZD1.00625MTL024;NZD1;metaal: brons;munt;1926.0;1926.0;;19.0;NZD1.00625MTL024,NZD1,metaal: brons,munt,1926.0,1926.0,,19.0
NZD1.00625MTL025;NZD1;metaal: brons;munt;1928.0;1928.0;;19.0;NZD1.00625MTL025,NZD1,metaal: brons,munt,1928.0,1928.0,,19.0
NZD1.00625MTL026;NZD1;metaal: brons;munt;1930.0;1930.0;;19.0;NZD1.00625MTL026,NZD1,metaal: brons,munt,1930.0,1930.0,,19.0
NZD1.00625MTL027;NZD1;metaal: brons;munt;1937.0;1937.0;;19.0;NZD1.00625MTL027,NZD1,metaal: brons,munt,1937.0,1937.0,,19.0
NZD1.00625MTL028;NZD1;metaal: brons;munt;1937.0;1937.0;;19.0;NZD1.00625MTL028,NZD1,metaal: brons,munt,1937.0,1937.0,,19.0
NZD1.00625MTL029;NZD1;metaal: brons;munt;1939.0;1939.0;;19.0;NZD1.00625MTL029,NZD1,metaal: brons,munt,1939.0,1939.0,,19.0
NZD1.00625MTL030;NZD1;metaal: brons;munt;1941.0;1941.0;;19.0;NZD1.00625MTL030,NZD1,metaal: brons,munt,1941.0,1941.0,,19.0
NZD1.00625MTL031;NZD1;metaal: brons;munt;1948.0;1948.0;;17.0;NZD1.00625MTL031,NZD1,metaal: brons,munt,1948.0,1948.0,,17.0
NZD1.00625MTL032;NZD1;metaal: brons;munt;1948.0;1948.0;;17.0;NZD1.00625MTL032,NZD1,metaal: brons,munt,1948.0,1948.0,,17.0
NZD1.00625MTL033;NZD1;metaal: brons;munt;1948.0;1948.0;;17.0;NZD1.00625MTL033,NZD1,metaal: brons,munt,1948.0,1948.0,,17.0
NZD1.00625MTL034;NZD1;metaal: brons;munt;1948.0;1948.0;;17.0;NZD1.00625MTL034,NZD1,metaal: brons,munt,1948.0,1948.0,,17.0
NZD1.00625MTL035;NZD1;metaal: brons;munt;1948.0;1948.0;;17.0;NZD1.00625MTL035,NZD1,metaal: brons,munt,1948.0,1948.0,,17.0
NZD1.00625MTL036;NZD1;metaal: brons;munt;1948.0;1948.0;;17.0;NZD1.00625MTL036,NZD1,metaal: brons,munt,1948.0,1948.0,,17.0
NZD1.00625MTL037;NZD1;metaal: brons;munt;1948.0;1948.0;;17.0;NZD1.00625MTL037,NZD1,metaal: brons,munt,1948.0,1948.0,,17.0
NZD1.00625MTL038;NZD1;metaal: brons;munt;1948.0;1948.0;;17.0;NZD1.00625MTL038,NZD1,metaal: brons,munt,1948.0,1948.0,,17.0
NZD1.00625MTL039;NZD1;metaal: brons;munt;1948.0;1948.0;;17.0;NZD1.00625MTL039,NZD1,metaal: brons,munt,1948.0,1948.0,,17.0
NZD1.00625MTL040;NZD1;metaal: brons;munt;1948.0;1948.0;;17.0;NZD1.00625MTL040,NZD1,metaal: brons,munt,1948.0,1948.0,,17.0
NZD1.00625MTL041;NZD1;metaal: brons;munt;1948.0;1948.0;;17.0;NZD1.00625MTL041,NZD1,metaal: brons,munt,1948.0,1948.0,,17.0
NZD1.00625MTL042;NZD1;metaal: brons;munt;1950.0;1950.0;;17.0;NZD1.00625MTL042,NZD1,metaal: brons,munt,1950.0,1950.0,,17.0
NZD1.00625MTL043;NZD1;metaal: brons;munt;1952.0;1952.0;;17.0;NZD1.00625MTL043,NZD1,metaal: brons,munt,1952.0,1952.0,,17.0
NZD1.00625MTL044;NZD1;metaal: brons;munt;1952.0;1952.0;;17.0;NZD1.00625MTL044,NZD1,metaal: brons,munt,1952.0,1952.0,,17.0
NZD1.00625MTL045;NZD1;metaal: brons;munt;1954.0;1954.0;;17.0;NZD1.00625MTL045,NZD1,metaal: brons,munt,1954.0,1954.0,,17.0
NZD1.00625MTL046;NZD1;metaal: brons;munt;1955.0;1955.0;;17.0;NZD1.00625MTL046,NZD1,metaal: brons,munt,1955.0,1955.0,,17.0
NZD1.00625MTL047;NZD1;metaal: brons;munt;1956.0;1956.0;;17.0;NZD1.00625MTL047,NZD1,metaal: brons,munt,1956.0,1956.0,,17.0
NZD1.00625MTL048;NZD1;metaal: brons;munt;1960.0;1960.0;;17.0;NZD1.00625MTL048,NZD1,metaal: brons,munt,1960.0,1960.0,,17.0
NZD1.00625MTL049;NZD1;metaal: brons;munt;1878.0;1940.0;;14.0;NZD1.00625MTL049,NZD1,metaal: brons,munt,1878.0,1940.0,,14.0
NZD1.00625MTL050;NZD1;metaal: brons;munt;1911.0;1911.0;;14.0;NZD1.00625MTL050,NZD1,metaal: brons,munt,1911.0,1911.0,,14.0
NZD1.00625MTL051;NZD1;metaal: nikkel;munt;1919.0;1919.0;;21.0;NZD1.00625MTL051,NZD1,metaal: nikkel,munt,1919.0,1919.0,,21.0
NZD1.00625MTL052;NZD1;metaal: koper-nikkel;munt;1949.0;1949.0;;19.0;NZD1.00625MTL052,NZD1,metaal: koper-nikkel,munt,1949.0,1949.0,,19.0
NZD1.00625MTL053;NZD1;metaal: koperlegering;munt;1989.0;1989.0;;26.0;NZD1.00625MTL053,NZD1,metaal: koperlegering,munt,1989.0,1989.0,,26.0
NZD1.00625MTL054;NZD1;metaal: aluminium-brons;munt;1992.0;1992.0;;23.0;NZD1.00625MTL054,NZD1,metaal: aluminium-brons,munt,1992.0,1992.0,,23.0
NZD1.00625MTL055;NZD1;metaal: staal;munt;1963.0;1963.0;;19.0;NZD1.00625MTL055,NZD1,metaal: staal,munt,1963.0,1963.0,,19.0
NZD1.00625MTL056;NZD1;metaal: zink;munt;1941.0;1944.0;;17.0;NZD1.00625MTL056,NZD1,metaal: zink,munt,1941.0,1944.0,,17.0
NZD1.00625MTL057;NZD1;metaal: zink;munt;1941.0;1944.0;;17.0;NZD1.00625MTL057,NZD1,metaal: zink,munt,1941.0,1944.0,,17.0
NZD1.00625MTL058;NZD1;metaal: zink;munt;1941.0;1941.0;;23.4;NZD1.00625MTL058,NZD1,metaal: zink,munt,1941.0,1941.0,,23.4
NZD1.00625MTL059;NZD1;metaal: zink;munt;1941.0;1943.0;;22.0;NZD1.00625MTL059,NZD1,metaal: zink,munt,1941.0,1943.0,,22.0
NZD1.00625MTL060;NZD1;metaal: zink;munt;1941.0;1943.0;;22.0;NZD1.00625MTL060,NZD1,metaal: zink,munt,1941.0,1943.0,,22.0
NZD1.00625MTL061;NZD1;metaal: zink;munt;1941.0;1943.0;;26.0;NZD1.00625MTL061,NZD1,metaal: zink,munt,1941.0,1943.0,,26.0
NZD1.00625MTL062;NZD1;metaal: zink;munt;1941.0;1943.0;;26.0;NZD1.00625MTL062,NZD1,metaal: zink,munt,1941.0,1943.0,,26.0
NZD1.00626MTL003;NZD1;metaal: nikkel;munt;1951.0;1951.0;;19.0;NZD1.00626MTL003,NZD1,metaal: nikkel,munt,1951.0,1951.0,,19.0
NZD1.00626MTL004;NZD1;metaal: nikkel;munt;1955.0;1955.0;;15.0;NZD1.00626MTL004,NZD1,metaal: nikkel,munt,1955.0,1955.0,,15.0
NZD1.00626MTL005;NZD1;metaal: nikkel;munt;1955.0;1955.0;;15.0;NZD1.00626MTL005,NZD1,metaal: nikkel,munt,1955.0,1955.0,,15.0
NZD1.00626MTL006;NZD1;metaal: nikkel;munt;1955.0;1955.0;;15.0;NZD1.00626MTL006,NZD1,metaal: nikkel,munt,1955.0,1955.0,,15.0
NZD1.00626MTL007;NZD1;metaal: nikkel;munt;1950.0;1950.0;;15.0;NZD1.00626MTL007,NZD1,metaal: nikkel,munt,1950.0,1950.0,,15.0
NZD1.00626MTL008;NZD1;metaal: brons;munt;1951.0;1951.0;;21.0;NZD1.00626MTL008,NZD1,metaal: brons,munt,1951.0,1951.0,,21.0
NZD1.00626MTL009;NZD1;metaal: brons;munt;1960.0;1969.0;;19.0;NZD1.00626MTL009,NZD1,metaal: brons,munt,1960.0,1969.0,,19.0
NZD1.00626MTL010;NZD1;metaal: brons;munt;1951.0;1951.0;;17.0;NZD1.00626MTL010,NZD1,metaal: brons,munt,1951.0,1951.0,,17.0
NZD1.00626MTL011;NZD1;metaal: brons;munt;1973.0;1973.0;;17.0;NZD1.00626MTL011,NZD1,metaal: brons,munt,1973.0,1973.0,,17.0
NZD1.00626MTL012;NZD1;metaal: brons;munt;1916.0;1916.0;;19.0;NZD1.00626MTL012,NZD1,metaal: brons,munt,1916.0,1916.0,,19.0
NZD1.00626MTL013;NZD1;metaal: brons;munt;1877.0;1943.0;;19.0;NZD1.00626MTL013,NZD1,metaal: brons,munt,1877.0,1943.0,,19.0
NZD1.00626MTL014;NZD1;metaal: zink;munt;1942.0;1942.0;;22.0;NZD1.00626MTL014,NZD1,metaal: zink,munt,1942.0,1942.0,,22.0
NZD1.00626MTL015;NZD1;metaal: zink;munt;1941.0;1943.0;;22.0;NZD1.00626MTL015,NZD1,metaal: zink,munt,1941.0,1943.0,,22.0
NZD1.00627MTL003;NZD1;metaal: nikkel;munt;1965.0;1965.0;;19.0;NZD1.00627MTL003,NZD1,metaal: nikkel,munt,1965.0,1965.0,,19.0
NZD1.00627MTL004;NZD1;metaal: nikkel;munt;1962.0;1962.0;;19.0;NZD1.00627MTL004,NZD1,metaal: nikkel,munt,1962.0,1962.0,,19.0
NZD1.00627MTL005;NZD1;metaal: nikkel;munt;1956.0;1956.0;;19.0;NZD1.00627MTL005,NZD1,metaal: nikkel,munt,1956.0,1956.0,,19.0
NZD1.00627MTL006;NZD1;metaal: nikkel;munt;1950.0;1950.0;;15.0;NZD1.00627MTL006,NZD1,metaal: nikkel,munt,1950.0,1950.0,,15.0
NZD1.00627MTL007;NZD1;metaal: brons;munt;1955.0;1955.0;;21.0;NZD1.00627MTL007,NZD1,metaal: brons,munt,1955.0,1955.0,,21.0
NZD1.00627MTL008;NZD1;metaal: brons;munt;1980.0;1980.0;;21.0;NZD1.00627MTL008,NZD1,metaal: brons,munt,1980.0,1980.0,,21.0
NZD1.00627MTL009;NZD1;metaal: brons;munt;1985.0;1985.0;;21.0;NZD1.00627MTL009,NZD1,metaal: brons,munt,1985.0,1985.0,,21.0
NZD1.00627MTL010;NZD1;metaal: brons;munt;1983.0;1983.0;;21.0;NZD1.00627MTL010,NZD1,metaal: brons,munt,1983.0,1983.0,,21.0
NZD1.00627MTL011;NZD1;metaal: brons;munt;1907.0;1907.0;;19.0;NZD1.00627MTL011,NZD1,metaal: brons,munt,1907.0,1907.0,,19.0
NZD1.00627MTL012;NZD1;metaal: brons;munt;1914.0;1914.0;;19.0;NZD1.00627MTL012,NZD1,metaal: brons,munt,1914.0,1914.0,,19.0
NZD1.00627MTL013;NZD1;metaal: brons;munt;1924.0;1924.0;;19.0;NZD1.00627MTL013,NZD1,metaal: brons,munt,1924.0,1924.0,,19.0
NZD1.00627MTL014;NZD1;metaal: brons;munt;1939.0;1939.0;;19.0;NZD1.00627MTL014,NZD1,metaal: brons,munt,1939.0,1939.0,,19.0
NZD1.00627MTL015;NZD1;metaal: brons;munt;1941.0;1941.0;;19.0;NZD1.00627MTL015,NZD1,metaal: brons,munt,1941.0,1941.0,,19.0
NZD1.00627MTL016;NZD1;metaal: brons;munt;1950.0;1950.0;;17.0;NZD1.00627MTL016,NZD1,metaal: brons,munt,1950.0,1950.0,,17.0
NZD1.00627MTL017;NZD1;metaal: brons;munt;1951.0;1951.0;;17.0;NZD1.00627MTL017,NZD1,metaal: brons,munt,1951.0,1951.0,,17.0
NZD1.00627MTL018;NZD1;metaal: brons;munt;1951.0;1951.0;;17.0;NZD1.00627MTL018,NZD1,metaal: brons,munt,1951.0,1951.0,,17.0
NZD1.00627MTL019;NZD1;metaal: brons;munt;1951.0;1951.0;;17.0;NZD1.00627MTL019,NZD1,metaal: brons,munt,1951.0,1951.0,,17.0
NZD1.00627MTL020;NZD1;metaal: brons;munt;1954.0;1954.0;;17.0;NZD1.00627MTL020,NZD1,metaal: brons,munt,1954.0,1954.0,,17.0
NZD1.00627MTL021;NZD1;metaal: brons;munt;1954.0;1954.0;;17.0;NZD1.00627MTL021,NZD1,metaal: brons,munt,1954.0,1954.0,,17.0
NZD1.00627MTL022;NZD1;metaal: brons;munt;1955.0;1955.0;;17.0;NZD1.00627MTL022,NZD1,metaal: brons,munt,1955.0,1955.0,,17.0
NZD1.00627MTL023;NZD1;metaal: brons;munt;1959.0;1959.0;;17.0;NZD1.00627MTL023,NZD1,metaal: brons,munt,1959.0,1959.0,,17.0
NZD1.00627MTL024;NZD1;metaal: ijzer-koper;munt;1950.0;1950.0;;18.0;NZD1.00627MTL024,NZD1,metaal: ijzer-koper,munt,1950.0,1950.0,,18.0
NZD1.00627MTL025;NZD1;metaal: ijzer-koper;munt;1970.0;1970.0;;18.0;NZD1.00627MTL025,NZD1,metaal: ijzer-koper,munt,1970.0,1970.0,,18.0
NZD1.00627MTL026;NZD1;metaal: brons;munt;1938.0;1938.0;;20.0;NZD1.00627MTL026,NZD1,metaal: brons,munt,1938.0,1938.0,,20.0
NZD1.00628MTL004;NZD1;metaal: zilver;munt;1964.0;1964.0;;33.0;NZD1.00628MTL004,NZD1,metaal: zilver,munt,1964.0,1964.0,,33.0
NZD1.00628MTL005;NZD1;metaal: zilver;munt;1957.0;1957.0;;25.0;NZD1.00628MTL005,NZD1,metaal: zilver,munt,1957.0,1957.0,,25.0
NZD1.00628MTL006;NZD1;metaal: zilver;munt;1928.0;1928.0;;19.0;NZD1.00628MTL006,NZD1,metaal: zilver,munt,1928.0,1928.0,,19.0
NZD1.00628MTL007;NZD1;metaal: nikkel;munt;1948.0;1948.0;;19.0;NZD1.00628MTL007,NZD1,metaal: nikkel,munt,1948.0,1948.0,,19.0
NZD1.00628MTL008;NZD1;metaal: nikkel;munt;1958.0;1958.0;;19.0;NZD1.00628MTL008,NZD1,metaal: nikkel,munt,1958.0,1958.0,,19.0
NZD1.00628MTL009;NZD1;metaal: nikkel;munt;1948.0;1948.0;;15.0;NZD1.00628MTL009,NZD1,metaal: nikkel,munt,1948.0,1948.0,,15.0
NZD1.00628MTL010;NZD1;metaal: nikkel;munt;1948.0;1948.0;;15.0;NZD1.00628MTL010,NZD1,metaal: nikkel,munt,1948.0,1948.0,,15.0
NZD1.00628MTL011;NZD1;metaal: nikkel;munt;1951.0;1951.0;;15.0;NZD1.00628MTL011,NZD1,metaal: nikkel,munt,1951.0,1951.0,,15.0
NZD1.00628MTL012;NZD1;metaal: nikkel;munt;1959.0;1959.0;;15.0;NZD1.00628MTL012,NZD1,metaal: nikkel,munt,1959.0,1959.0,,15.0
NZD1.00628MTL013;NZD1;metaal: nikkel;munt;1959.0;1959.0;;15.0;NZD1.00628MTL013,NZD1,metaal: nikkel,munt,1959.0,1959.0,,15.0
NZD1.00628MTL014;NZD1;metaal: nikkel;munt;1959.0;1959.0;;15.0;NZD1.00628MTL014,NZD1,metaal: nikkel,munt,1959.0,1959.0,,15.0
NZD1.00628MTL015;NZD1;metaal: brons;munt;1948.0;1948.0;;21.0;NZD1.00628MTL015,NZD1,metaal: brons,munt,1948.0,1948.0,,21.0
NZD1.00628MTL016;NZD1;metaal: brons;munt;1954.0;1954.0;;21.0;NZD1.00628MTL016,NZD1,metaal: brons,munt,1954.0,1954.0,,21.0
NZD1.00628MTL017;NZD1;metaal: brons;munt;1972.0;1972.0;;21.0;NZD1.00628MTL017,NZD1,metaal: brons,munt,1972.0,1972.0,,21.0
NZD1.00628MTL018;NZD1;metaal: brons;munt;1976.0;1976.0;;21.0;NZD1.00628MTL018,NZD1,metaal: brons,munt,1976.0,1976.0,,21.0
NZD1.00628MTL019;NZD1;metaal: brons;munt;1979.0;1979.0;;21.0;NZD1.00628MTL019,NZD1,metaal: brons,munt,1979.0,1979.0,,21.0
NZD1.00628MTL020;NZD1;metaal: brons;munt;1913.0;1913.0;;23.4;NZD1.00628MTL020,NZD1,metaal: brons,munt,1913.0,1913.0,,23.4
NZD1.00628MTL021;NZD1;metaal: brons;munt;1877.0;1907.0;;19.0;NZD1.00628MTL021,NZD1,metaal: brons,munt,1877.0,1907.0,,19.0
NZD1.00628MTL022;NZD1;metaal: brons;munt;1877.0;1907.0;;19.0;NZD1.00628MTL022,NZD1,metaal: brons,munt,1877.0,1907.0,,19.0
NZD1.00628MTL023;NZD1;metaal: brons;munt;1877.0;1907.0;;19.0;NZD1.00628MTL023,NZD1,metaal: brons,munt,1877.0,1907.0,,19.0
NZD1.00628MTL024;NZD1;metaal: brons;munt;1877.0;1907.0;;19.0;NZD1.00628MTL024,NZD1,metaal: brons,munt,1877.0,1907.0,,19.0
NZD1.00628MTL025;NZD1;metaal: brons;munt;1877.0;1907.0;;19.0;NZD1.00628MTL025,NZD1,metaal: brons,munt,1877.0,1907.0,,19.0
NZD1.00628MTL026;NZD1;metaal: brons;munt;1913.0;1941.0;;19.0;NZD1.00628MTL026,NZD1,metaal: brons,munt,1913.0,1941.0,,19.0
NZD1.00628MTL027;NZD1;metaal: brons;munt;1913.0;1941.0;;19.0;NZD1.00628MTL027,NZD1,metaal: brons,munt,1913.0,1941.0,,19.0
NZD1.00628MTL028;NZD1;metaal: brons;munt;1878.0;1878.0;;19.0;NZD1.00628MTL028,NZD1,metaal: brons,munt,1878.0,1878.0,,19.0
NZD1.00628MTL029;NZD1;metaal: brons;munt;1915.0;1915.0;;19.0;NZD1.00628MTL029,NZD1,metaal: brons,munt,1915.0,1915.0,,19.0
NZD1.00628MTL030;NZD1;metaal: brons;munt;1916.0;1916.0;;19.0;NZD1.00628MTL030,NZD1,metaal: brons,munt,1916.0,1916.0,,19.0
NZD1.00628MTL031;NZD1;metaal: brons;munt;1929.0;1929.0;;19.0;NZD1.00628MTL031,NZD1,metaal: brons,munt,1929.0,1929.0,,19.0
NZD1.00628MTL032;NZD1;metaal: brons;munt;1929.0;1929.0;;19.0;NZD1.00628MTL032,NZD1,metaal: brons,munt,1929.0,1929.0,,19.0
NZD1.00628MTL033;NZD1;metaal: brons;munt;1940.0;1940.0;;19.0;NZD1.00628MTL033,NZD1,metaal: brons,munt,1940.0,1940.0,,19.0
NZD1.00628MTL034;NZD1;metaal: brons;munt;1941.0;1941.0;;19.0;NZD1.00628MTL034,NZD1,metaal: brons,munt,1941.0,1941.0,,19.0
NZD1.00628MTL035;NZD1;metaal: brons;munt;1948.0;1948.0;;17.0;NZD1.00628MTL035,NZD1,metaal: brons,munt,1948.0,1948.0,,17.0
NZD1.00628MTL036;NZD1;metaal: brons;munt;1948.0;1948.0;;17.0;NZD1.00628MTL036,NZD1,metaal: brons,munt,1948.0,1948.0,,17.0
NZD1.00628MTL037;NZD1;metaal: brons;munt;1948.0;1948.0;;17.0;NZD1.00628MTL037,NZD1,metaal: brons,munt,1948.0,1948.0,,17.0
NZD1.00628MTL038;NZD1;metaal: brons;munt;1948.0;1948.0;;17.0;NZD1.00628MTL038,NZD1,metaal: brons,munt,1948.0,1948.0,,17.0
NZD1.00628MTL039;NZD1;metaal: brons;munt;1948.0;1948.0;;17.0;NZD1.00628MTL039,NZD1,metaal: brons,munt,1948.0,1948.0,,17.0
NZD1.00628MTL040;NZD1;metaal: brons;munt;1948.0;1948.0;;17.0;NZD1.00628MTL040,NZD1,metaal: brons,munt,1948.0,1948.0,,17.0
NZD1.00628MTL041;NZD1;metaal: brons;munt;1948.0;1948.0;;17.0;NZD1.00628MTL041,NZD1,metaal: brons,munt,1948.0,1948.0,,17.0
NZD1.00628MTL042;NZD1;metaal: brons;munt;1950.0;1950.0;;17.0;NZD1.00628MTL042,NZD1,metaal: brons,munt,1950.0,1950.0,,17.0
NZD1.00628MTL043;NZD1;metaal: brons;munt;1950.0;1950.0;;17.0;NZD1.00628MTL043,NZD1,metaal: brons,munt,1950.0,1950.0,,17.0
NZD1.00628MTL044;NZD1;metaal: brons;munt;1950.0;1950.0;;17.0;NZD1.00628MTL044,NZD1,metaal: brons,munt,1950.0,1950.0,,17.0
NZD1.00628MTL045;NZD1;metaal: brons;munt;1950.0;1950.0;;17.0;NZD1.00628MTL045,NZD1,metaal: brons,munt,1950.0,1950.0,,17.0
NZD1.00628MTL046;NZD1;metaal: brons;munt;1951.0;1951.0;;17.0;NZD1.00628MTL046,NZD1,metaal: brons,munt,1951.0,1951.0,,17.0
NZD1.00628MTL047;NZD1;metaal: brons;munt;1951.0;1951.0;;17.0;NZD1.00628MTL047,NZD1,metaal: brons,munt,1951.0,1951.0,,17.0
NZD1.00628MTL048;NZD1;metaal: brons;munt;1951.0;1951.0;;17.0;NZD1.00628MTL048,NZD1,metaal: brons,munt,1951.0,1951.0,,17.0
NZD1.00628MTL049;NZD1;metaal: brons;munt;1951.0;1951.0;;17.0;NZD1.00628MTL049,NZD1,metaal: brons,munt,1951.0,1951.0,,17.0
NZD1.00628MTL050;NZD1;metaal: brons;munt;1954.0;1954.0;;17.0;NZD1.00628MTL050,NZD1,metaal: brons,munt,1954.0,1954.0,,17.0
NZD1.00628MTL051;NZD1;metaal: brons;munt;1954.0;1954.0;;17.0;NZD1.00628MTL051,NZD1,metaal: brons,munt,1954.0,1954.0,,17.0
NZD1.00628MTL052;NZD1;metaal: brons;munt;1954.0;1954.0;;17.0;NZD1.00628MTL052,NZD1,metaal: brons,munt,1954.0,1954.0,,17.0
NZD1.00628MTL053;NZD1;metaal: brons;munt;1954.0;1954.0;;17.0;NZD1.00628MTL053,NZD1,metaal: brons,munt,1954.0,1954.0,,17.0
NZD1.00628MTL054;NZD1;metaal: brons;munt;1966.0;1966.0;;17.0;NZD1.00628MTL054,NZD1,metaal: brons,munt,1966.0,1966.0,,17.0
NZD1.00628MTL055;NZD1;metaal: brons;munt;1972.0;1972.0;;17.0;NZD1.00628MTL055,NZD1,metaal: brons,munt,1972.0,1972.0,,17.0
NZD1.00628MTL056;NZD1;metaal: brons;munt;1975.0;1975.0;;17.0;NZD1.00628MTL056,NZD1,metaal: brons,munt,1975.0,1975.0,,17.0
NZD1.00628MTL057;NZD1;metaal: brons;munt;1928.0;1928.0;;14.0;NZD1.00628MTL057,NZD1,metaal: brons,munt,1928.0,1928.0,,14.0
NZD1.00628MTL058;NZD1;metaal: brons;munt;1930.0;1930.0;;14.0;NZD1.00628MTL058,NZD1,metaal: brons,munt,1930.0,1930.0,,14.0
NZD1.00628MTL059;NZD1;metaal: brons;munt;1967.0;1967.0;;31.0;NZD1.00628MTL059,NZD1,metaal: brons,munt,1967.0,1967.0,,31.0
NZD1.00628MTL060;NZD1;metaal: koper-nikkel;munt;1902.0;1902.0;;22.0;NZD1.00628MTL060,NZD1,metaal: koper-nikkel,munt,1902.0,1902.0,,22.0
NZD1.00628MTL061;NZD1;metaal: koper;munt;1878.0;1878.0;;22.0;NZD1.00628MTL061,NZD1,metaal: koper,munt,1878.0,1878.0,,22.0
NZD1.00628MTL062;NZD1;metaal: koper;munt;1875.0;1875.0;;20.0;NZD1.00628MTL062,NZD1,metaal: koper,munt,1875.0,1875.0,,20.0
NZD1.00628MTL063;NZD1;metaal: ijzer-koper;munt;1950.0;1950.0;;16.5;NZD1.00628MTL063,NZD1,metaal: ijzer-koper,munt,1950.0,1950.0,,16.5
NZD1.00628MTL064;NZD1;metaal: aluminium-brons;munt;1952.0;1952.0;;24.0;NZD1.00628MTL064,NZD1,metaal: aluminium-brons,munt,1952.0,1952.0,,24.0
NZD1.00628MTL065;NZD1;metaal: zink;munt;1942.0;1942.0;;17.0;NZD1.00628MTL065,NZD1,metaal: zink,munt,1942.0,1942.0,,17.0
NZD1.00628MTL066;NZD1;metaal: zink;munt;1941.0;1943.0;;22.0;NZD1.00628MTL066,NZD1,metaal: zink,munt,1941.0,1943.0,,22.0
NZD1.00628MTL067;NZD1;metaal: zink;munt;1942.0;1942.0;;22.0;NZD1.00628MTL067,NZD1,metaal: zink,munt,1942.0,1942.0,,22.0
NZD1.00628MTL068;NZD1;metaal: zink;munt;1941.0;1946.0;;26.0;NZD1.00628MTL068,NZD1,metaal: zink,munt,1941.0,1946.0,,26.0
NZD1.00628MTL070;NZD1;metaal: zilver;munt;1919.0;1919.0;;19.0;NZD1.00628MTL070,NZD1,metaal: zilver,munt,1919.0,1919.0,,19.0
NZD1.00629MTL006;NZD1;metaal: zilver;munt;1961.0;1961.0;;33.0;NZD1.00629MTL006,NZD1,metaal: zilver,munt,1961.0,1961.0,,33.0
NZD1.00629MTL007;NZD1;metaal: nikkel;munt;1948.0;1948.0;;19.0;NZD1.00629MTL007,NZD1,metaal: nikkel,munt,1948.0,1948.0,,19.0
NZD1.00629MTL008;NZD1;metaal: nikkel;munt;1948.0;1948.0;;19.0;NZD1.00629MTL008,NZD1,metaal: nikkel,munt,1948.0,1948.0,,19.0
NZD1.00629MTL009;NZD1;metaal: nikkel;munt;1950.0;1950.0;;19.0;NZD1.00629MTL009,NZD1,metaal: nikkel,munt,1950.0,1950.0,,19.0
NZD1.00629MTL010;NZD1;metaal: nikkel;munt;1950.0;1950.0;;19.0;NZD1.00629MTL010,NZD1,metaal: nikkel,munt,1950.0,1950.0,,19.0
NZD1.00629MTL011;NZD1;metaal: nikkel;munt;1951.0;1951.0;;19.0;NZD1.00629MTL011,NZD1,metaal: nikkel,munt,1951.0,1951.0,,19.0
NZD1.00629MTL012;NZD1;metaal: nikkel;munt;1975.0;1975.0;;19.0;NZD1.00629MTL012,NZD1,metaal: nikkel,munt,1975.0,1975.0,,19.0
NZD1.00629MTL013;NZD1;metaal: nikkel;munt;1988.0;1988.0;;19.0;NZD1.00629MTL013,NZD1,metaal: nikkel,munt,1988.0,1988.0,,19.0
NZD1.00629MTL014;NZD1;metaal: nikkel;munt;2000.0;2000.0;;19.0;NZD1.00629MTL014,NZD1,metaal: nikkel,munt,2000.0,2000.0,,19.0
NZD1.00629MTL015;NZD1;metaal: zilver;munt;1918.0;1918.0;;15.0;NZD1.00629MTL015,NZD1,metaal: zilver,munt,1918.0,1918.0,,15.0
NZD1.00629MTL016;NZD1;metaal: zilver;munt;1928.0;1928.0;;15.0;NZD1.00629MTL016,NZD1,metaal: zilver,munt,1928.0,1928.0,,15.0
NZD1.00629MTL017;NZD1;metaal: nikkel;munt;1948.0;1948.0;;15.0;NZD1.00629MTL017,NZD1,metaal: nikkel,munt,1948.0,1948.0,,15.0
NZD1.00629MTL018;NZD1;metaal: nikkel;munt;1950.0;1950.0;;15.0;NZD1.00629MTL018,NZD1,metaal: nikkel,munt,1950.0,1950.0,,15.0
NZD1.00629MTL019;NZD1;metaal: nikkel;munt;1951.0;1951.0;;15.0;NZD1.00629MTL019,NZD1,metaal: nikkel,munt,1951.0,1951.0,,15.0
NZD1.00629MTL020;NZD1;metaal: nikkel;munt;1951.0;1951.0;;15.0;NZD1.00629MTL020,NZD1,metaal: nikkel,munt,1951.0,1951.0,,15.0
NZD1.00629MTL021;NZD1;metaal: nikkel;munt;1959.0;1959.0;;15.0;NZD1.00629MTL021,NZD1,metaal: nikkel,munt,1959.0,1959.0,,15.0
NZD1.00629MTL022;NZD1;metaal: brons;munt;1952.0;1952.0;;21.0;NZD1.00629MTL022,NZD1,metaal: brons,munt,1952.0,1952.0,,21.0
NZD1.00629MTL023;NZD1;metaal: brons;munt;1948.0;1948.0;;21.0;NZD1.00629MTL023,NZD1,metaal: brons,munt,1948.0,1948.0,,21.0
NZD1.00629MTL024;NZD1;metaal: brons;munt;1950.0;1950.0;;21.0;NZD1.00629MTL024,NZD1,metaal: brons,munt,1950.0,1950.0,,21.0
NZD1.00629MTL025;NZD1;metaal: brons;munt;1953.0;1953.0;;21.0;NZD1.00629MTL025,NZD1,metaal: brons,munt,1953.0,1953.0,,21.0
NZD1.00629MTL026;NZD1;metaal: brons;munt;1964.0;1964.0;;21.0;NZD1.00629MTL026,NZD1,metaal: brons,munt,1964.0,1964.0,,21.0
NZD1.00629MTL027;NZD1;metaal: brons;munt;1975.0;1975.0;;21.0;NZD1.00629MTL027,NZD1,metaal: brons,munt,1975.0,1975.0,,21.0
NZD1.00629MTL028;NZD1;metaal: brons;munt;1996.0;1996.0;;21.0;NZD1.00629MTL028,NZD1,metaal: brons,munt,1996.0,1996.0,,21.0
NZD1.00629MTL029;NZD1;metaal: brons;munt;1883.0;1883.0;;23.4;NZD1.00629MTL029,NZD1,metaal: brons,munt,1883.0,1883.0,,23.4
NZD1.00629MTL030;NZD1;metaal: brons;munt;1903.0;1903.0;;23.4;NZD1.00629MTL030,NZD1,metaal: brons,munt,1903.0,1903.0,,23.4
NZD1.00629MTL031;NZD1;metaal: brons;munt;1904.0;1904.0;;23.4;NZD1.00629MTL031,NZD1,metaal: brons,munt,1904.0,1904.0,,23.4
NZD1.00629MTL032;NZD1;metaal: brons;munt;1898.0;1898.0;;19.0;NZD1.00629MTL032,NZD1,metaal: brons,munt,1898.0,1898.0,,19.0
NZD1.00629MTL033;NZD1;metaal: brons;munt;1899.0;1899.0;;19.0;NZD1.00629MTL033,NZD1,metaal: brons,munt,1899.0,1899.0,,19.0
NZD1.00629MTL034;NZD1;metaal: brons;munt;1900.0;1900.0;;19.0;NZD1.00629MTL034,NZD1,metaal: brons,munt,1900.0,1900.0,,19.0
NZD1.00629MTL035;NZD1;metaal: brons;munt;1902.0;1902.0;;19.0;NZD1.00629MTL035,NZD1,metaal: brons,munt,1902.0,1902.0,,19.0
NZD1.00629MTL036;NZD1;metaal: brons;munt;1906.0;1906.0;;19.0;NZD1.00629MTL036,NZD1,metaal: brons,munt,1906.0,1906.0,,19.0
NZD1.00629MTL037;NZD1;metaal: brons;munt;1914.0;1914.0;;19.0;NZD1.00629MTL037,NZD1,metaal: brons,munt,1914.0,1914.0,,19.0
NZD1.00629MTL038;NZD1;metaal: brons;munt;1915.0;1915.0;;19.0;NZD1.00629MTL038,NZD1,metaal: brons,munt,1915.0,1915.0,,19.0
NZD1.00629MTL039;NZD1;metaal: brons;munt;1917.0;1917.0;;19.0;NZD1.00629MTL039,NZD1,metaal: brons,munt,1917.0,1917.0,,19.0
NZD1.00629MTL040;NZD1;metaal: brons;munt;1917.0;1917.0;;19.0;NZD1.00629MTL040,NZD1,metaal: brons,munt,1917.0,1917.0,,19.0
NZD1.00629MTL041;NZD1;metaal: brons;munt;1919.0;1919.0;;19.0;NZD1.00629MTL041,NZD1,metaal: brons,munt,1919.0,1919.0,,19.0
NZD1.00629MTL042;NZD1;metaal: brons;munt;1921.0;1921.0;;19.0;NZD1.00629MTL042,NZD1,metaal: brons,munt,1921.0,1921.0,,19.0
NZD1.00629MTL043;NZD1;metaal: brons;munt;1922.0;1922.0;;19.0;NZD1.00629MTL043,NZD1,metaal: brons,munt,1922.0,1922.0,,19.0
NZD1.00629MTL044;NZD1;metaal: brons;munt;1922.0;1922.0;;19.0;NZD1.00629MTL044,NZD1,metaal: brons,munt,1922.0,1922.0,,19.0
NZD1.00629MTL045;NZD1;metaal: brons;munt;1937.0;1937.0;;19.0;NZD1.00629MTL045,NZD1,metaal: brons,munt,1937.0,1937.0,,19.0
NZD1.00629MTL046;NZD1;metaal: brons;munt;1937.0;1937.0;;19.0;NZD1.00629MTL046,NZD1,metaal: brons,munt,1937.0,1937.0,,19.0
NZD1.00629MTL047;NZD1;metaal: brons;munt;1941.0;1941.0;;19.0;NZD1.00629MTL047,NZD1,metaal: brons,munt,1941.0,1941.0,,19.0
NZD1.00629MTL048;NZD1;metaal: brons;munt;1941.0;1941.0;;19.0;NZD1.00629MTL048,NZD1,metaal: brons,munt,1941.0,1941.0,,19.0
NZD1.00629MTL049;NZD1;metaal: brons;munt;1941.0;1941.0;;19.0;NZD1.00629MTL049,NZD1,metaal: brons,munt,1941.0,1941.0,,19.0
NZD1.00629MTL050;NZD1;metaal: brons;munt;1941.0;1941.0;;19.0;NZD1.00629MTL050,NZD1,metaal: brons,munt,1941.0,1941.0,,19.0
NZD1.00629MTL051;NZD1;metaal: brons;munt;1948.0;1980.0;;17.0;NZD1.00629MTL051,NZD1,metaal: brons,munt,1948.0,1980.0,,17.0
NZD1.00629MTL052;NZD1;metaal: brons;munt;1948.0;1948.0;;17.0;NZD1.00629MTL052,NZD1,metaal: brons,munt,1948.0,1948.0,,17.0
NZD1.00629MTL053;NZD1;metaal: brons;munt;1948.0;1948.0;;17.0;NZD1.00629MTL053,NZD1,metaal: brons,munt,1948.0,1948.0,,17.0
NZD1.00629MTL054;NZD1;metaal: brons;munt;1948.0;1948.0;;17.0;NZD1.00629MTL054,NZD1,metaal: brons,munt,1948.0,1948.0,,17.0
NZD1.00629MTL055;NZD1;metaal: brons;munt;1948.0;1948.0;;17.0;NZD1.00629MTL055,NZD1,metaal: brons,munt,1948.0,1948.0,,17.0
NZD1.00629MTL056;NZD1;metaal: brons;munt;1948.0;1948.0;;17.0;NZD1.00629MTL056,NZD1,metaal: brons,munt,1948.0,1948.0,,17.0
NZD1.00629MTL057;NZD1;metaal: brons;munt;1948.0;1948.0;;17.0;NZD1.00629MTL057,NZD1,metaal: brons,munt,1948.0,1948.0,,17.0
NZD1.00629MTL058;NZD1;metaal: brons;munt;1948.0;1948.0;;17.0;NZD1.00629MTL058,NZD1,metaal: brons,munt,1948.0,1948.0,,17.0
NZD1.00629MTL059;NZD1;metaal: brons;munt;1950.0;1950.0;;17.0;NZD1.00629MTL059,NZD1,metaal: brons,munt,1950.0,1950.0,,17.0
NZD1.00629MTL060;NZD1;metaal: brons;munt;1950.0;1950.0;;17.0;NZD1.00629MTL060,NZD1,metaal: brons,munt,1950.0,1950.0,,17.0
NZD1.00629MTL061;NZD1;metaal: brons;munt;1950.0;1950.0;;17.0;NZD1.00629MTL061,NZD1,metaal: brons,munt,1950.0,1950.0,,17.0
NZD1.00629MTL062;NZD1;metaal: brons;munt;1950.0;1950.0;;17.0;NZD1.00629MTL062,NZD1,metaal: brons,munt,1950.0,1950.0,,17.0
NZD1.00629MTL063;NZD1;metaal: brons;munt;1950.0;1950.0;;17.0;NZD1.00629MTL063,NZD1,metaal: brons,munt,1950.0,1950.0,,17.0
NZD1.00629MTL064;NZD1;metaal: brons;munt;1951.0;1951.0;;17.0;NZD1.00629MTL064,NZD1,metaal: brons,munt,1951.0,1951.0,,17.0
NZD1.00629MTL065;NZD1;metaal: brons;munt;1951.0;1951.0;;17.0;NZD1.00629MTL065,NZD1,metaal: brons,munt,1951.0,1951.0,,17.0
NZD1.00629MTL066;NZD1;metaal: brons;munt;1951.0;1951.0;;17.0;NZD1.00629MTL066,NZD1,metaal: brons,munt,1951.0,1951.0,,17.0
NZD1.00629MTL067;NZD1;metaal: brons;munt;1951.0;1951.0;;17.0;NZD1.00629MTL067,NZD1,metaal: brons,munt,1951.0,1951.0,,17.0
NZD1.00629MTL068;NZD1;metaal: brons;munt;1953.0;1953.0;;17.0;NZD1.00629MTL068,NZD1,metaal: brons,munt,1953.0,1953.0,,17.0
NZD1.00629MTL069;NZD1;metaal: brons;munt;1954.0;1954.0;;17.0;NZD1.00629MTL069,NZD1,metaal: brons,munt,1954.0,1954.0,,17.0
NZD1.00629MTL070;NZD1;metaal: brons;munt;1954.0;1954.0;;17.0;NZD1.00629MTL070,NZD1,metaal: brons,munt,1954.0,1954.0,,17.0
NZD1.00629MTL071;NZD1;metaal: brons;munt;1956.0;1956.0;;17.0;NZD1.00629MTL071,NZD1,metaal: brons,munt,1956.0,1956.0,,17.0
NZD1.00629MTL072;NZD1;metaal: brons;munt;1957.0;1957.0;;17.0;NZD1.00629MTL072,NZD1,metaal: brons,munt,1957.0,1957.0,,17.0
NZD1.00629MTL073;NZD1;metaal: brons;munt;1965.0;1965.0;;17.0;NZD1.00629MTL073,NZD1,metaal: brons,munt,1965.0,1965.0,,17.0
NZD1.00629MTL074;NZD1;metaal: brons;munt;1970.0;1970.0;;17.0;NZD1.00629MTL074,NZD1,metaal: brons,munt,1970.0,1970.0,,17.0
NZD1.00629MTL075;NZD1;metaal: brons;munt;1971.0;1971.0;;26.0;NZD1.00629MTL075,NZD1,metaal: brons,munt,1971.0,1971.0,,26.0
NZD1.00629MTL076;NZD1;metaal: koper-nikkel;munt;1973.0;1973.0;;20.0;NZD1.00629MTL076,NZD1,metaal: koper-nikkel,munt,1973.0,1973.0,,20.0
NZD1.00629MTL077;NZD1;metaal: koper-zink;munt;1973.0;1973.0;;19.0;NZD1.00629MTL077,NZD1,metaal: koper-zink,munt,1973.0,1973.0,,19.0
NZD1.00629MTL078;NZD1;metaal: aluminium-brons;munt;1952.0;1952.0;;20.0;NZD1.00629MTL078,NZD1,metaal: aluminium-brons,munt,1952.0,1952.0,,20.0
NZD1.00629MTL079;NZD1;metaal: nikkel-messing;munt;1984.0;1984.0;;26.0;NZD1.00629MTL079,NZD1,metaal: nikkel-messing,munt,1984.0,1984.0,,26.0
NZD1.00629MTL080;NZD1;metaal: koper;munt;1902.0;1919.0;;22.0;NZD1.00629MTL080,NZD1,metaal: koper,munt,1902.0,1919.0,,22.0
NZD1.00629MTL081;NZD1;metaal: brons;munt;1957.0;1957.0;;19.0;NZD1.00629MTL081,NZD1,metaal: brons,munt,1957.0,1957.0,,19.0
NZD1.00629MTL082;NZD1;metaal: brons;munt;1958.0;2001.0;;19.0;NZD1.00629MTL082,NZD1,metaal: brons,munt,1958.0,2001.0,,19.0
NZD1.00629MTL083;NZD1;metaal: koper-nikkel;munt;1951.0;1951.0;;25.5;NZD1.00629MTL083,NZD1,metaal: koper-nikkel,munt,1951.0,1951.0,,25.5
NZD1.00629MTL084;NZD1;metaal: ijzer-koper;munt;1949.0;1949.0;;18.0;NZD1.00629MTL084,NZD1,metaal: ijzer-koper,munt,1949.0,1949.0,,18.0
NZD1.00629MTL085;NZD1;metaal: ijzer-koper;munt;1991.0;1991.0;;18.0;NZD1.00629MTL085,NZD1,metaal: ijzer-koper,munt,1991.0,1991.0,,18.0
NZD1.00629MTL086;NZD1;metaal: ijzer-koper;munt;1959.0;1959.0;;19.0;NZD1.00629MTL086,NZD1,metaal: ijzer-koper,munt,1959.0,1959.0,,19.0
NZD1.00629MTL087;NZD1;metaal: ijzer-koper;munt;1950.0;1950.0;;16.5;NZD1.00629MTL087,NZD1,metaal: ijzer-koper,munt,1950.0,1950.0,,16.5
NZD1.00629MTL088;NZD1;metaal: ijzer-koper;munt;1950.0;1950.0;;16.5;NZD1.00629MTL088,NZD1,metaal: ijzer-koper,munt,1950.0,1950.0,,16.5
NZD1.00629MTL089;NZD1;metaal: zink;munt;1941.0;1943.0;;26.0;NZD1.00629MTL089,NZD1,metaal: zink,munt,1941.0,1943.0,,26.0
NZD1.00629MTL090;NZD1;metaal: zink;munt;1941.0;1943.0;;22.0;NZD1.00629MTL090,NZD1,metaal: zink,munt,1941.0,1943.0,,22.0
NZD1.00629MTL091;NZD1;metaal: zink;munt;1941.0;1943.0;;22.0;NZD1.00629MTL091,NZD1,metaal: zink,munt,1941.0,1943.0,,22.0
NZD1.00629MTL092;NZD1;metaal: zink;munt;1941.0;1944.0;;17.0;NZD1.00629MTL092,NZD1,metaal: zink,munt,1941.0,1944.0,,17.0
NZD1.00629MTL093;NZD1;metaal: zink;munt;1941.0;1944.0;;17.0;NZD1.00629MTL093,NZD1,metaal: zink,munt,1941.0,1944.0,,17.0
NZD1.00629MTL094;NZD1;metaal: zink;munt;1941.0;1944.0;;17.0;NZD1.00629MTL094,NZD1,metaal: zink,munt,1941.0,1944.0,,17.0
NZD1.00629MTL095;NZD1;metaal: koper-nikkel-zink;munt;1997.0;1999.0;;20.5;NZD1.00629MTL095,NZD1,metaal: koper-nikkel-zink,munt,1997.0,1999.0,,20.5
NZD1.00629MTL096;NZD1;metaal: koper;munt;1833.0;1919.0;;22.0;NZD1.00629MTL096,NZD1,metaal: koper,munt,1833.0,1919.0,,22.0
NZD1.00630MTL001;NZD1;metaal: nikkel;munt;1948.0;1948.0;;19.0;NZD1.00630MTL001,NZD1,metaal: nikkel,munt,1948.0,1948.0,,19.0
NZD1.00630MTL002;NZD1;metaal: brons;munt;1948.0;1980.0;;21.0;NZD1.00630MTL002,NZD1,metaal: brons,munt,1948.0,1980.0,,21.0
NZD1.00630MTL003;NZD1;metaal: brons;munt;1960.0;1960.0;;17.0;NZD1.00630MTL003,NZD1,metaal: brons,munt,1960.0,1960.0,,17.0
NZD1.00630MTL004;NZD1;metaal: brons;munt;1957.0;1957.0;;17.0;NZD1.00630MTL004,NZD1,metaal: brons,munt,1957.0,1957.0,,17.0
NZD1.00630MTL005;NZD1;metaal: brons;munt;1956.0;1956.0;;17.0;NZD1.00630MTL005,NZD1,metaal: brons,munt,1956.0,1956.0,,17.0
NZD1.00630MTL006;NZD1;metaal: brons;munt;1916.0;1916.0;;19.0;NZD1.00630MTL006,NZD1,metaal: brons,munt,1916.0,1916.0,,19.0
NZD1.00630MTL007;NZD1;metaal: ijzer-koper;munt;1950.0;1950.0;;18.0;NZD1.00630MTL007,NZD1,metaal: ijzer-koper,munt,1950.0,1950.0,,18.0
NZD1.00630MTL008;NZD1;metaal: brons;munt;1939.0;1939.0;;17.5;NZD1.00630MTL008,NZD1,metaal: brons,munt,1939.0,1939.0,,17.5
NZD1.00630MTL009;NZD1;metaal: ijzer-koper-nikkel;munt;1989.0;1989.0;;18.0;NZD1.00630MTL009,NZD1,metaal: ijzer-koper-nikkel,munt,1989.0,1989.0,,18.0
NZD1.00630MTL010;NZD1;metaal: aluminium-brons;munt;1975.0;1975.0;;26.0;NZD1.00630MTL010,NZD1,metaal: aluminium-brons,munt,1975.0,1975.0,,26.0
NZD1.00630MTL011;NZD1;metaal: zink;munt;1941.0;1944.0;;17.0;NZD1.00630MTL011,NZD1,metaal: zink,munt,1941.0,1944.0,,17.0
NZD1.00630MTL012;NZD1;metaal: zink;munt;1941.0;1946.0;;26.0;NZD1.00630MTL012,NZD1,metaal: zink,munt,1941.0,1946.0,,26.0
NZD1.00630MTL013;NZD1;metaal: zink;munt;1941.0;1946.0;;22.0;NZD1.00630MTL013,NZD1,metaal: zink,munt,1941.0,1946.0,,22.0
NZD1.00631MTL004;NZD1;metaal: nikkel;munt;1948.0;1948.0;;19.0;NZD1.00631MTL004,NZD1,metaal: nikkel,munt,1948.0,1948.0,,19.0
NZD1.00631MTL005;NZD1;metaal: nikkel;munt;1950.0;1950.0;;19.0;NZD1.00631MTL005,NZD1,metaal: nikkel,munt,1950.0,1950.0,,19.0
NZD1.00631MTL006;NZD1;metaal: zilver;munt;1910.0;1925.0;;15.0;NZD1.00631MTL006,NZD1,metaal: zilver,munt,1910.0,1925.0,,15.0
NZD1.00631MTL007;NZD1;metaal: zilver;munt;1941.0;1941.0;;15.0;NZD1.00631MTL007,NZD1,metaal: zilver,munt,1941.0,1941.0,,15.0
NZD1.00631MTL008;NZD1;metaal: nikkel;munt;1948.0;1948.0;;15.0;NZD1.00631MTL008,NZD1,metaal: nikkel,munt,1948.0,1948.0,,15.0
NZD1.00631MTL009;NZD1;metaal: nikkel;munt;1948.0;1948.0;;15.0;NZD1.00631MTL009,NZD1,metaal: nikkel,munt,1948.0,1948.0,,15.0
NZD1.00631MTL010;NZD1;metaal: nikkel;munt;1948.0;1948.0;;15.0;NZD1.00631MTL010,NZD1,metaal: nikkel,munt,1948.0,1948.0,,15.0
NZD1.00631MTL011;NZD1;metaal: nikkel;munt;1950.0;1950.0;;15.0;NZD1.00631MTL011,NZD1,metaal: nikkel,munt,1950.0,1950.0,,15.0
NZD1.00631MTL012;NZD1;metaal: nikkel;munt;1951.0;1951.0;;15.0;NZD1.00631MTL012,NZD1,metaal: nikkel,munt,1951.0,1951.0,,15.0
NZD1.00631MTL013;NZD1;metaal: nikkel;munt;1951.0;1951.0;;15.0;NZD1.00631MTL013,NZD1,metaal: nikkel,munt,1951.0,1951.0,,15.0
NZD1.00631MTL014;NZD1;metaal: nikkel;munt;1956.0;1956.0;;15.0;NZD1.00631MTL014,NZD1,metaal: nikkel,munt,1956.0,1956.0,,15.0
NZD1.00631MTL015;NZD1;metaal: nikkel;munt;1957.0;1957.0;;15.0;NZD1.00631MTL015,NZD1,metaal: nikkel,munt,1957.0,1957.0,,15.0
NZD1.00631MTL016;NZD1;metaal: nikkel;munt;1958.0;1958.0;;15.0;NZD1.00631MTL016,NZD1,metaal: nikkel,munt,1958.0,1958.0,,15.0
NZD1.00631MTL017;NZD1;metaal: nikkel;munt;1958.0;1958.0;;15.0;NZD1.00631MTL017,NZD1,metaal: nikkel,munt,1958.0,1958.0,,15.0
NZD1.00631MTL018;NZD1;metaal: nikkel;munt;1961.0;1961.0;;15.0;NZD1.00631MTL018,NZD1,metaal: nikkel,munt,1961.0,1961.0,,15.0
NZD1.00631MTL019;NZD1;metaal: brons;munt;1948.0;1948.0;;21.0;NZD1.00631MTL019,NZD1,metaal: brons,munt,1948.0,1948.0,,21.0
NZD1.00631MTL020;NZD1;metaal: brons;munt;1984.0;1984.0;;21.0;NZD1.00631MTL020,NZD1,metaal: brons,munt,1984.0,1984.0,,21.0
NZD1.00631MTL021;NZD1;metaal: brons;munt;1886.0;1886.0;;23.4;NZD1.00631MTL021,NZD1,metaal: brons,munt,1886.0,1886.0,,23.4
NZD1.00631MTL022;NZD1;metaal: brons;munt;1878.0;1878.0;;19.0;NZD1.00631MTL022,NZD1,metaal: brons,munt,1878.0,1878.0,,19.0
NZD1.00631MTL023;NZD1;metaal: brons;munt;1883.0;1883.0;;19.0;NZD1.00631MTL023,NZD1,metaal: brons,munt,1883.0,1883.0,,19.0
NZD1.00631MTL024;NZD1;metaal: brons;munt;1906.0;1906.0;;19.0;NZD1.00631MTL024,NZD1,metaal: brons,munt,1906.0,1906.0,,19.0
NZD1.00631MTL025;NZD1;metaal: brons;munt;1906.0;1906.0;;19.0;NZD1.00631MTL025,NZD1,metaal: brons,munt,1906.0,1906.0,,19.0
NZD1.00631MTL026;NZD1;metaal: brons;munt;1922.0;1922.0;;19.0;NZD1.00631MTL026,NZD1,metaal: brons,munt,1922.0,1922.0,,19.0
NZD1.00631MTL027;NZD1;metaal: brons;munt;1922.0;1922.0;;19.0;NZD1.00631MTL027,NZD1,metaal: brons,munt,1922.0,1922.0,,19.0
NZD1.00631MTL028;NZD1;metaal: brons;munt;1922.0;1922.0;;19.0;NZD1.00631MTL028,NZD1,metaal: brons,munt,1922.0,1922.0,,19.0
NZD1.00631MTL029;NZD1;metaal: brons;munt;1926.0;1926.0;;19.0;NZD1.00631MTL029,NZD1,metaal: brons,munt,1926.0,1926.0,,19.0
NZD1.00631MTL030;NZD1;metaal: brons;munt;1927.0;1927.0;;19.0;NZD1.00631MTL030,NZD1,metaal: brons,munt,1927.0,1927.0,,19.0
NZD1.00631MTL031;NZD1;metaal: brons;munt;1929.0;1929.0;;19.0;NZD1.00631MTL031,NZD1,metaal: brons,munt,1929.0,1929.0,,19.0
NZD1.00631MTL032;NZD1;metaal: brons;munt;1939.0;1939.0;;19.0;NZD1.00631MTL032,NZD1,metaal: brons,munt,1939.0,1939.0,,19.0
NZD1.00631MTL033;NZD1;metaal: brons;munt;1939.0;1939.0;;19.0;NZD1.00631MTL033,NZD1,metaal: brons,munt,1939.0,1939.0,,19.0
NZD1.00631MTL034;NZD1;metaal: brons;munt;1941.0;1941.0;;19.0;NZD1.00631MTL034,NZD1,metaal: brons,munt,1941.0,1941.0,,19.0
NZD1.00631MTL035;NZD1;metaal: brons;munt;1948.0;1948.0;;17.0;NZD1.00631MTL035,NZD1,metaal: brons,munt,1948.0,1948.0,,17.0
NZD1.00631MTL036;NZD1;metaal: brons;munt;1948.0;1948.0;;17.0;NZD1.00631MTL036,NZD1,metaal: brons,munt,1948.0,1948.0,,17.0
NZD1.00631MTL037;NZD1;metaal: brons;munt;1950.0;1950.0;;17.0;NZD1.00631MTL037,NZD1,metaal: brons,munt,1950.0,1950.0,,17.0
NZD1.00631MTL038;NZD1;metaal: brons;munt;1950.0;1950.0;;17.0;NZD1.00631MTL038,NZD1,metaal: brons,munt,1950.0,1950.0,,17.0
NZD1.00631MTL039;NZD1;metaal: brons;munt;1950.0;1950.0;;17.0;NZD1.00631MTL039,NZD1,metaal: brons,munt,1950.0,1950.0,,17.0
NZD1.00631MTL040;NZD1;metaal: brons;munt;1950.0;1950.0;;17.0;NZD1.00631MTL040,NZD1,metaal: brons,munt,1950.0,1950.0,,17.0
NZD1.00631MTL041;NZD1;metaal: brons;munt;1950.0;1950.0;;17.0;NZD1.00631MTL041,NZD1,metaal: brons,munt,1950.0,1950.0,,17.0
NZD1.00631MTL042;NZD1;metaal: brons;munt;1952.0;1952.0;;17.0;NZD1.00631MTL042,NZD1,metaal: brons,munt,1952.0,1952.0,,17.0
NZD1.00631MTL043;NZD1;metaal: brons;munt;1954.0;1954.0;;17.0;NZD1.00631MTL043,NZD1,metaal: brons,munt,1954.0,1954.0,,17.0
NZD1.00631MTL044;NZD1;metaal: brons;munt;1954.0;1954.0;;17.0;NZD1.00631MTL044,NZD1,metaal: brons,munt,1954.0,1954.0,,17.0
NZD1.00631MTL045;NZD1;metaal: brons;munt;1966.0;1966.0;;17.0;NZD1.00631MTL045,NZD1,metaal: brons,munt,1966.0,1966.0,,17.0
NZD1.00631MTL046;NZD1;metaal: brons;munt;1969.0;1969.0;;17.0;NZD1.00631MTL046,NZD1,metaal: brons,munt,1969.0,1969.0,,17.0
NZD1.00631MTL047;NZD1;metaal: aluminium-brons;munt;1986.0;1986.0;;25.5;NZD1.00631MTL047,NZD1,metaal: aluminium-brons,munt,1986.0,1986.0,,25.5
NZD1.00631MTL048;NZD1;metaal: koper-nikkel;munt;1994.0;1994.0;;20.0;NZD1.00631MTL048,NZD1,metaal: koper-nikkel,munt,1994.0,1994.0,,20.0
NZD1.00631MTL049;NZD1;metaal: brons;munt;1959.0;1959.0;;17.0;NZD1.00631MTL049,NZD1,metaal: brons,munt,1959.0,1959.0,,17.0
NZD1.00631MTL050;NZD1;metaal: brons;munt;1980.0;1980.0;;20.3;NZD1.00631MTL050,NZD1,metaal: brons,munt,1980.0,1980.0,,20.3
NZD1.00631MTL051;NZD1;metaal: koper-nikkel;munt;1950.0;1950.0;;20.0;NZD1.00631MTL051,NZD1,metaal: koper-nikkel,munt,1950.0,1950.0,,20.0
NZD1.00631MTL052;NZD1;metaal: ijzer-koper;munt;1950.0;1950.0;;21.5;NZD1.00631MTL052,NZD1,metaal: ijzer-koper,munt,1950.0,1950.0,,21.5
NZD1.00631MTL053;NZD1;metaal: ijzer-koper;munt;1950.0;1950.0;;18.0;NZD1.00631MTL053,NZD1,metaal: ijzer-koper,munt,1950.0,1950.0,,18.0
NZD1.00631MTL054;NZD1;metaal: ijzer-koper;munt;1950.0;1950.0;;16.5;NZD1.00631MTL054,NZD1,metaal: ijzer-koper,munt,1950.0,1950.0,,16.5
NZD1.00631MTL055;NZD1;metaal: brons;munt;1948.0;1948.0;;20.0;NZD1.00631MTL055,NZD1,metaal: brons,munt,1948.0,1948.0,,20.0
NZD1.00631MTL056;NZD1;metaal: koper;munt;1890.0;1916.0;;17.5;NZD1.00631MTL056,NZD1,metaal: koper,munt,1890.0,1916.0,,17.5
NZD1.00631MTL057;NZD1;metaal: zink;munt;1941.0;1943.0;;22.0;NZD1.00631MTL057,NZD1,metaal: zink,munt,1941.0,1943.0,,22.0
NZD1.00631MTL058;NZD1;metaal: zink;munt;1941.0;1943.0;;22.0;NZD1.00631MTL058,NZD1,metaal: zink,munt,1941.0,1943.0,,22.0
NZD1.00631MTL059;NZD1;metaal: zink;munt;1942.0;1942.0;;17.5;NZD1.00631MTL059,NZD1,metaal: zink,munt,1942.0,1942.0,,17.5
NZD1.00631MTL122;NZD1;metaal: zink;munt;1942.0;1942.0;;22.0;NZD1.00631MTL122,NZD1,metaal: zink,munt,1942.0,1942.0,,22.0
NZD1.00632MTL001;NZD1;metaal: zink;munt;1941.0;1944.0;;17.0;NZD1.00632MTL001,NZD1,metaal: zink,munt,1941.0,1944.0,,17.0
NZD1.00632MTL002;NZD1;metaal: zink;munt;1941.0;1944.0;;17.0;NZD1.00632MTL002,NZD1,metaal: zink,munt,1941.0,1944.0,,17.0
NZD1.00632MTL003;NZD1;metaal: zilver;munt;1960.0;1960.0;;33.0;NZD1.00632MTL003,NZD1,metaal: zilver,munt,1960.0,1960.0,,33.0
NZD1.00632MTL004;NZD1;metaal: nikkel;munt;1950.0;1950.0;;19.0;NZD1.00632MTL004,NZD1,metaal: nikkel,munt,1950.0,1950.0,,19.0
NZD1.00632MTL005;NZD1;metaal: nikkel;munt;1955.0;1955.0;;19.0;NZD1.00632MTL005,NZD1,metaal: nikkel,munt,1955.0,1955.0,,19.0
NZD1.00632MTL006;NZD1;metaal: nikkel;munt;1960.0;1960.0;;19.0;NZD1.00632MTL006,NZD1,metaal: nikkel,munt,1960.0,1960.0,,19.0
NZD1.00632MTL007;NZD1;metaal: zilver;munt;1880.0;1880.0;;15.0;NZD1.00632MTL007,NZD1,metaal: zilver,munt,1880.0,1880.0,,15.0
NZD1.00632MTL008;NZD1;metaal: zilver;munt;1919.0;1919.0;;15.0;NZD1.00632MTL008,NZD1,metaal: zilver,munt,1919.0,1919.0,,15.0
NZD1.00632MTL009;NZD1;metaal: nikkel;munt;1948.0;1948.0;;15.0;NZD1.00632MTL009,NZD1,metaal: nikkel,munt,1948.0,1948.0,,15.0
NZD1.00632MTL010;NZD1;metaal: nikkel;munt;1948.0;1948.0;;15.0;NZD1.00632MTL010,NZD1,metaal: nikkel,munt,1948.0,1948.0,,15.0
NZD1.00632MTL011;NZD1;metaal: nikkel;munt;1950.0;1950.0;;15.0;NZD1.00632MTL011,NZD1,metaal: nikkel,munt,1950.0,1950.0,,15.0
NZD1.00632MTL012;NZD1;metaal: nikkel;munt;1958.0;1958.0;;15.0;NZD1.00632MTL012,NZD1,metaal: nikkel,munt,1958.0,1958.0,,15.0
NZD1.00632MTL013;NZD1;metaal: brons;munt;1954.0;1954.0;;21.0;NZD1.00632MTL013,NZD1,metaal: brons,munt,1954.0,1954.0,,21.0
NZD1.00632MTL014;NZD1;metaal: brons;munt;1980.0;1980.0;;21.0;NZD1.00632MTL014,NZD1,metaal: brons,munt,1980.0,1980.0,,21.0
NZD1.00632MTL015;NZD1;metaal: brons;munt;1982.0;1982.0;;21.0;NZD1.00632MTL015,NZD1,metaal: brons,munt,1982.0,1982.0,,21.0
NZD1.00632MTL016;NZD1;metaal: brons;munt;1985.0;1985.0;;21.0;NZD1.00632MTL016,NZD1,metaal: brons,munt,1985.0,1985.0,,21.0
NZD1.00632MTL017;NZD1;metaal: brons;munt;1991.0;1991.0;;21.0;NZD1.00632MTL017,NZD1,metaal: brons,munt,1991.0,1991.0,,21.0
NZD1.00632MTL018;NZD1;metaal: koper;munt;1860.0;1860.0;;22.0;NZD1.00632MTL018,NZD1,metaal: koper,munt,1860.0,1860.0,,22.0
NZD1.00632MTL019;NZD1;metaal: brons;munt;1878.0;1878.0;;19.0;NZD1.00632MTL019,NZD1,metaal: brons,munt,1878.0,1878.0,,19.0
NZD1.00632MTL020;NZD1;metaal: brons;munt;1899.0;1899.0;;19.0;NZD1.00632MTL020,NZD1,metaal: brons,munt,1899.0,1899.0,,19.0
NZD1.00632MTL021;NZD1;metaal: brons;munt;1901.0;1901.0;;19.0;NZD1.00632MTL021,NZD1,metaal: brons,munt,1901.0,1901.0,,19.0
NZD1.00632MTL022;NZD1;metaal: brons;munt;1926.0;1926.0;;19.0;NZD1.00632MTL022,NZD1,metaal: brons,munt,1926.0,1926.0,,19.0
NZD1.00632MTL023;NZD1;metaal: brons;munt;1926.0;1926.0;;19.0;NZD1.00632MTL023,NZD1,metaal: brons,munt,1926.0,1926.0,,19.0
NZD1.00632MTL024;NZD1;metaal: brons;munt;1929.0;1929.0;;19.0;NZD1.00632MTL024,NZD1,metaal: brons,munt,1929.0,1929.0,,19.0
NZD1.00632MTL025;NZD1;metaal: brons;munt;1948.0;1948.0;;17.0;NZD1.00632MTL025,NZD1,metaal: brons,munt,1948.0,1948.0,,17.0
NZD1.00632MTL026;NZD1;metaal: brons;munt;1948.0;1948.0;;17.0;NZD1.00632MTL026,NZD1,metaal: brons,munt,1948.0,1948.0,,17.0
NZD1.00632MTL027;NZD1;metaal: brons;munt;1948.0;1948.0;;17.0;NZD1.00632MTL027,NZD1,metaal: brons,munt,1948.0,1948.0,,17.0
NZD1.00632MTL028;NZD1;metaal: brons;munt;1948.0;1948.0;;17.0;NZD1.00632MTL028,NZD1,metaal: brons,munt,1948.0,1948.0,,17.0
NZD1.00632MTL029;NZD1;metaal: brons;munt;1948.0;1948.0;;17.0;NZD1.00632MTL029,NZD1,metaal: brons,munt,1948.0,1948.0,,17.0
NZD1.00632MTL030;NZD1;metaal: brons;munt;1948.0;1980.0;;17.0;NZD1.00632MTL030,NZD1,metaal: brons,munt,1948.0,1980.0,,17.0
NZD1.00632MTL031;NZD1;metaal: brons;munt;1950.0;1950.0;;17.0;NZD1.00632MTL031,NZD1,metaal: brons,munt,1950.0,1950.0,,17.0
NZD1.00632MTL032;NZD1;metaal: brons;munt;1952.0;1952.0;;17.0;NZD1.00632MTL032,NZD1,metaal: brons,munt,1952.0,1952.0,,17.0
NZD1.00632MTL033;NZD1;metaal: brons;munt;1953.0;1953.0;;17.0;NZD1.00632MTL033,NZD1,metaal: brons,munt,1953.0,1953.0,,17.0
NZD1.00632MTL034;NZD1;metaal: brons;munt;1954.0;1954.0;;17.0;NZD1.00632MTL034,NZD1,metaal: brons,munt,1954.0,1954.0,,17.0
NZD1.00632MTL035;NZD1;metaal: brons;munt;1954.0;1954.0;;17.0;NZD1.00632MTL035,NZD1,metaal: brons,munt,1954.0,1954.0,,17.0
NZD1.00632MTL036;NZD1;metaal: brons;munt;1964.0;1964.0;;17.0;NZD1.00632MTL036,NZD1,metaal: brons,munt,1964.0,1964.0,,17.0
NZD1.00632MTL037;NZD1;metaal: brons;munt;1967.0;1967.0;;17.0;NZD1.00632MTL037,NZD1,metaal: brons,munt,1967.0,1967.0,,17.0
NZD1.00632MTL038;NZD1;metaal: brons;munt;1974.0;1974.0;;17.0;NZD1.00632MTL038,NZD1,metaal: brons,munt,1974.0,1974.0,,17.0
NZD1.00632MTL039;NZD1;metaal: aluminium-brons;munt;1960.0;1960.0;;22.5;NZD1.00632MTL039,NZD1,metaal: aluminium-brons,munt,1960.0,1960.0,,22.5
NZD1.00632MTL040;NZD1;metaal: ijzer-koper;munt;1989.0;1989.0;;21.5;NZD1.00632MTL040,NZD1,metaal: ijzer-koper,munt,1989.0,1989.0,,21.5
NZD1.00632MTL041;NZD1;metaal: brons;munt;1988.0;1988.0;;20.0;NZD1.00632MTL041,NZD1,metaal: brons,munt,1988.0,1988.0,,20.0
NZD1.00632MTL042;NZD1;metaal: brons;munt;1973.0;1973.0;;20.0;NZD1.00632MTL042,NZD1,metaal: brons,munt,1973.0,1973.0,,20.0
NZD1.00632MTL043;NZD1;metaal: koper-nikkel;munt;2000.0;2000.0;;18.0;NZD1.00632MTL043,NZD1,metaal: koper-nikkel,munt,2000.0,2000.0,,18.0
NZD1.00632MTL044;NZD1;metaal: zink;munt;1941.0;1946.0;;26.0;NZD1.00632MTL044,NZD1,metaal: zink,munt,1941.0,1946.0,,26.0
NZD1.00632MTL045;NZD1;metaal: brons;munt;1954.0;1954.0;;17.0;NZD1.00632MTL045,NZD1,metaal: brons,munt,1954.0,1954.0,,17.0
NZD1.00632MTL046;NZD1;metaal: koper-nikkel;munt;1973.0;1973.0;;19.0;NZD1.00632MTL046,NZD1,metaal: koper-nikkel,munt,1973.0,1973.0,,19.0
NZD1.00633MTL001;NZD1;metaal: zilver;munt;1957.0;1957.0;;25.0;NZD1.00633MTL001,NZD1,metaal: zilver,munt,1957.0,1957.0,,25.0
NZD1.00633MTL002;NZD1;metaal: zilver;munt;1941.0;1941.0;;19.0;NZD1.00633MTL002,NZD1,metaal: zilver,munt,1941.0,1941.0,,19.0
NZD1.00633MTL003;NZD1;metaal: nikkel;munt;1948.0;1948.0;;19.0;NZD1.00633MTL003,NZD1,metaal: nikkel,munt,1948.0,1948.0,,19.0
NZD1.00633MTL004;NZD1;metaal: nikkel;munt;1950.0;1950.0;;19.0;NZD1.00633MTL004,NZD1,metaal: nikkel,munt,1950.0,1950.0,,19.0
NZD1.00633MTL005;NZD1;metaal: zilver;munt;1928.0;1928.0;;15.0;NZD1.00633MTL005,NZD1,metaal: zilver,munt,1928.0,1928.0,,15.0
NZD1.00633MTL006;NZD1;metaal: nikkel;munt;1951.0;1951.0;;15.0;NZD1.00633MTL006,NZD1,metaal: nikkel,munt,1951.0,1951.0,,15.0
NZD1.00633MTL007;NZD1;metaal: nikkel;munt;1958.0;1958.0;;15.0;NZD1.00633MTL007,NZD1,metaal: nikkel,munt,1958.0,1958.0,,15.0
NZD1.00633MTL008;NZD1;metaal: nikkel;munt;1964.0;1964.0;;15.0;NZD1.00633MTL008,NZD1,metaal: nikkel,munt,1964.0,1964.0,,15.0
NZD1.00633MTL009;NZD1;metaal: brons;munt;1948.0;1948.0;;21.0;NZD1.00633MTL009,NZD1,metaal: brons,munt,1948.0,1948.0,,21.0
NZD1.00633MTL010;NZD1;metaal: brons;munt;1983.0;1983.0;;21.0;NZD1.00633MTL010,NZD1,metaal: brons,munt,1983.0,1983.0,,21.0
NZD1.00633MTL011;NZD1;metaal: brons;munt;1918.0;1918.0;;23.4;NZD1.00633MTL011,NZD1,metaal: brons,munt,1918.0,1918.0,,23.4
NZD1.00633MTL012;NZD1;metaal: brons;munt;1900.0;1900.0;;19.0;NZD1.00633MTL012,NZD1,metaal: brons,munt,1900.0,1900.0,,19.0
NZD1.00633MTL013;NZD1;metaal: brons;munt;1900.0;1900.0;;19.0;NZD1.00633MTL013,NZD1,metaal: brons,munt,1900.0,1900.0,,19.0
NZD1.00633MTL014;NZD1;metaal: brons;munt;1915.0;1915.0;;19.0;NZD1.00633MTL014,NZD1,metaal: brons,munt,1915.0,1915.0,,19.0
NZD1.00633MTL015;NZD1;metaal: brons;munt;1919.0;1919.0;;19.0;NZD1.00633MTL015,NZD1,metaal: brons,munt,1919.0,1919.0,,19.0
NZD1.00633MTL016;NZD1;metaal: brons;munt;1924.0;1924.0;;19.0;NZD1.00633MTL016,NZD1,metaal: brons,munt,1924.0,1924.0,,19.0
NZD1.00633MTL017;NZD1;metaal: brons;munt;1925.0;1925.0;;19.0;NZD1.00633MTL017,NZD1,metaal: brons,munt,1925.0,1925.0,,19.0
NZD1.00633MTL018;NZD1;metaal: brons;munt;1937.0;1937.0;;19.0;NZD1.00633MTL018,NZD1,metaal: brons,munt,1937.0,1937.0,,19.0
NZD1.00633MTL019;NZD1;metaal: brons;munt;1937.0;1937.0;;19.0;NZD1.00633MTL019,NZD1,metaal: brons,munt,1937.0,1937.0,,19.0
NZD1.00633MTL020;NZD1;metaal: brons;munt;1940.0;1940.0;;19.0;NZD1.00633MTL020,NZD1,metaal: brons,munt,1940.0,1940.0,,19.0
NZD1.00633MTL021;NZD1;metaal: brons;munt;1941.0;1941.0;;19.0;NZD1.00633MTL021,NZD1,metaal: brons,munt,1941.0,1941.0,,19.0
NZD1.00633MTL022;NZD1;metaal: brons;munt;1948.0;1948.0;;17.0;NZD1.00633MTL022,NZD1,metaal: brons,munt,1948.0,1948.0,,17.0
NZD1.00633MTL023;NZD1;metaal: brons;munt;1948.0;1948.0;;17.0;NZD1.00633MTL023,NZD1,metaal: brons,munt,1948.0,1948.0,,17.0
NZD1.00633MTL024;NZD1;metaal: brons;munt;1948.0;1948.0;;17.0;NZD1.00633MTL024,NZD1,metaal: brons,munt,1948.0,1948.0,,17.0
NZD1.00633MTL025;NZD1;metaal: brons;munt;1948.0;1948.0;;17.0;NZD1.00633MTL025,NZD1,metaal: brons,munt,1948.0,1948.0,,17.0
NZD1.00633MTL026;NZD1;metaal: brons;munt;1948.0;1948.0;;17.0;NZD1.00633MTL026,NZD1,metaal: brons,munt,1948.0,1948.0,,17.0
NZD1.00633MTL027;NZD1;metaal: brons;munt;1950.0;1950.0;;17.0;NZD1.00633MTL027,NZD1,metaal: brons,munt,1950.0,1950.0,,17.0
NZD1.00633MTL028;NZD1;metaal: brons;munt;1951.0;1951.0;;17.0;NZD1.00633MTL028,NZD1,metaal: brons,munt,1951.0,1951.0,,17.0
NZD1.00633MTL029;NZD1;metaal: brons;munt;1951.0;1951.0;;17.0;NZD1.00633MTL029,NZD1,metaal: brons,munt,1951.0,1951.0,,17.0
NZD1.00633MTL030;NZD1;metaal: brons;munt;1953.0;1953.0;;17.0;NZD1.00633MTL030,NZD1,metaal: brons,munt,1953.0,1953.0,,17.0
NZD1.00633MTL031;NZD1;metaal: brons;munt;1953.0;1953.0;;17.0;NZD1.00633MTL031,NZD1,metaal: brons,munt,1953.0,1953.0,,17.0
NZD1.00633MTL032;NZD1;metaal: brons;munt;1954.0;1954.0;;17.0;NZD1.00633MTL032,NZD1,metaal: brons,munt,1954.0,1954.0,,17.0
NZD1.00633MTL033;NZD1;metaal: brons;munt;1955.0;1955.0;;17.0;NZD1.00633MTL033,NZD1,metaal: brons,munt,1955.0,1955.0,,17.0
NZD1.00633MTL034;NZD1;metaal: brons;munt;1965.0;1965.0;;17.0;NZD1.00633MTL034,NZD1,metaal: brons,munt,1965.0,1965.0,,17.0
NZD1.00633MTL035;NZD1;metaal: brons;munt;1969.0;1969.0;;17.0;NZD1.00633MTL035,NZD1,metaal: brons,munt,1969.0,1969.0,,17.0
NZD1.00633MTL036;NZD1;metaal: brons;munt;1969.0;1969.0;;17.0;NZD1.00633MTL036,NZD1,metaal: brons,munt,1969.0,1969.0,,17.0
NZD1.00633MTL037;NZD1;metaal: ijzer-koper;munt;1997.0;1997.0;;26.0;NZD1.00633MTL037,NZD1,metaal: ijzer-koper,munt,1997.0,1997.0,,26.0
NZD1.00633MTL038;NZD1;metaal: brons;munt;1953.0;1953.0;;17.0;NZD1.00633MTL038,NZD1,metaal: brons,munt,1953.0,1953.0,,17.0
NZD1.00633MTL039;NZD1;metaal: koper-nikkel;munt;1944.0;1944.0;;21.0;NZD1.00633MTL039,NZD1,metaal: koper-nikkel,munt,1944.0,1944.0,,21.0
NZD1.00633MTL040;NZD1;metaal: koper-nikkel;munt;1973.0;1973.0;;27.0;NZD1.00633MTL040,NZD1,metaal: koper-nikkel,munt,1973.0,1973.0,,27.0
NZD1.00633MTL041;NZD1;metaal: zink;munt;1940.0;1945.0;;21.0;NZD1.00633MTL041,NZD1,metaal: zink,munt,1940.0,1945.0,,21.0
NZD1.00633MTL042;NZD1;metaal: zink;munt;1943.0;1943.0;;22.0;NZD1.00633MTL042,NZD1,metaal: zink,munt,1943.0,1943.0,,22.0
NZD1.00633MTL043;NZD1;metaal: brons;munt;1877.0;1907.0;;19.0;NZD1.00633MTL043,NZD1,metaal: brons,munt,1877.0,1907.0,,19.0
NZD1.00633MTL044;NZD1;metaal: zilver;munt;1848.0;1849.0;;19.0;NZD1.00633MTL044,NZD1,metaal: zilver,munt,1848.0,1849.0,,19.0
NZD1.00633MTL106;NZD1;metaal: zink;munt;1942.0;1942.0;;22.0;NZD1.00633MTL106,NZD1,metaal: zink,munt,1942.0,1942.0,,22.0
NZD1.00634MTL001;NZD1;metaal: nikkel;munt;1950.0;1950.0;;19.0;NZD1.00634MTL001,NZD1,metaal: nikkel,munt,1950.0,1950.0,,19.0
NZD1.00634MTL002;NZD1;metaal: nikkel;munt;1966.0;1966.0;;19.0;NZD1.00634MTL002,NZD1,metaal: nikkel,munt,1966.0,1966.0,,19.0
NZD1.00634MTL003;NZD1;metaal: nikkel;munt;1948.0;1948.0;;15.0;NZD1.00634MTL003,NZD1,metaal: nikkel,munt,1948.0,1948.0,,15.0
NZD1.00634MTL004;NZD1;metaal: nikkel;munt;1948.0;1948.0;;15.0;NZD1.00634MTL004,NZD1,metaal: nikkel,munt,1948.0,1948.0,,15.0
NZD1.00634MTL005;NZD1;metaal: zilver;munt;1917.0;1917.0;;15.0;NZD1.00634MTL005,NZD1,metaal: zilver,munt,1917.0,1917.0,,15.0
NZD1.00634MTL006;NZD1;metaal: brons;munt;1984.0;1984.0;;21.0;NZD1.00634MTL006,NZD1,metaal: brons,munt,1984.0,1984.0,,21.0
NZD1.00634MTL007;NZD1;metaal: brons;munt;1980.0;1980.0;;21.0;NZD1.00634MTL007,NZD1,metaal: brons,munt,1980.0,1980.0,,21.0
NZD1.00634MTL008;NZD1;metaal: brons;munt;1948.0;1948.0;;21.0;NZD1.00634MTL008,NZD1,metaal: brons,munt,1948.0,1948.0,,21.0
NZD1.00634MTL009;NZD1;metaal: brons;munt;1927.0;1927.0;;19.0;NZD1.00634MTL009,NZD1,metaal: brons,munt,1927.0,1927.0,,19.0
NZD1.00634MTL010;NZD1;metaal: brons;munt;1920.0;1920.0;;19.0;NZD1.00634MTL010,NZD1,metaal: brons,munt,1920.0,1920.0,,19.0
NZD1.00634MTL011;NZD1;metaal: brons;munt;1901.0;1901.0;;19.0;NZD1.00634MTL011,NZD1,metaal: brons,munt,1901.0,1901.0,,19.0
NZD1.00634MTL012;NZD1;metaal: brons;munt;1877.0;1943.0;;19.0;NZD1.00634MTL012,NZD1,metaal: brons,munt,1877.0,1943.0,,19.0
NZD1.00634MTL013;NZD1;metaal: brons;munt;1925.0;1925.0;;19.0;NZD1.00634MTL013,NZD1,metaal: brons,munt,1925.0,1925.0,,19.0
NZD1.00634MTL014;NZD1;metaal: brons;munt;1974.0;1974.0;;17.0;NZD1.00634MTL014,NZD1,metaal: brons,munt,1974.0,1974.0,,17.0
NZD1.00634MTL015;NZD1;metaal: brons;munt;1967.0;1967.0;;17.0;NZD1.00634MTL015,NZD1,metaal: brons,munt,1967.0,1967.0,,17.0
NZD1.00634MTL016;NZD1;metaal: brons;munt;1948.0;1948.0;;17.0;NZD1.00634MTL016,NZD1,metaal: brons,munt,1948.0,1948.0,,17.0
NZD1.00634MTL017;NZD1;metaal: brons;munt;1948.0;1948.0;;17.0;NZD1.00634MTL017,NZD1,metaal: brons,munt,1948.0,1948.0,,17.0
NZD1.00634MTL018;NZD1;metaal: koper-nikkel;munt;1977.0;1977.0;;22.5;NZD1.00634MTL018,NZD1,metaal: koper-nikkel,munt,1977.0,1977.0,,22.5
NZD1.00634MTL019;NZD1;metaal: koper-nikkel;munt;1977.0;1977.0;;24.0;NZD1.00634MTL019,NZD1,metaal: koper-nikkel,munt,1977.0,1977.0,,24.0
NZD1.00634MTL020;NZD1;metaal: koper-nikkel;munt;1983.0;1983.0;;20.0;NZD1.00634MTL020,NZD1,metaal: koper-nikkel,munt,1983.0,1983.0,,20.0
NZD1.00634MTL021;NZD1;metaal: koper;munt;1578.0;1578.0;;24.0;NZD1.00634MTL021,NZD1,metaal: koper,munt,1578.0,1578.0,,24.0
NZD1.00635MTL002;NZD1;metaal: staal;munt;2004.0;2004.0;;16.25;NZD1.00635MTL002,NZD1,metaal: staal,munt,2004.0,2004.0,,16.25
NZD1.00636MTL001;NZD1;metaal: nikkel;munt;1951.0;1951.0;;19.0;NZD1.00636MTL001,NZD1,metaal: nikkel,munt,1951.0,1951.0,,19.0
NZD1.00637MTL004;NZD1;metaal: nikkel;munt;1950.0;1950.0;;19.0;NZD1.00637MTL004,NZD1,metaal: nikkel,munt,1950.0,1950.0,,19.0
NZD1.00637MTL005;NZD1;metaal: nikkel;munt;1962.0;1962.0;;19.0;NZD1.00637MTL005,NZD1,metaal: nikkel,munt,1962.0,1962.0,,19.0
NZD1.00637MTL006;NZD1;metaal: brons;munt;1967.0;1967.0;;21.0;NZD1.00637MTL006,NZD1,metaal: brons,munt,1967.0,1967.0,,21.0
NZD1.00637MTL007;NZD1;metaal: brons;munt;1978.0;1978.0;;21.0;NZD1.00637MTL007,NZD1,metaal: brons,munt,1978.0,1978.0,,21.0
NZD1.00637MTL008;NZD1;metaal: brons;munt;1948.0;1948.0;;17.0;NZD1.00637MTL008,NZD1,metaal: brons,munt,1948.0,1948.0,,17.0
NZD1.00637MTL009;NZD1;metaal: brons;munt;1978.0;1978.0;;17.0;NZD1.00637MTL009,NZD1,metaal: brons,munt,1978.0,1978.0,,17.0
NZD1.00637MTL010;NZD1;metaal: koper;munt;1579.0;1579.0;;26.0;NZD1.00637MTL010,NZD1,metaal: koper,munt,1579.0,1579.0,,26.0
NZD1.00637MTL011;NZD1;metaal: koper-nikkel;munt;1988.0;1988.0;;18.0;NZD1.00637MTL011,NZD1,metaal: koper-nikkel,munt,1988.0,1988.0,,18.0
NZD1.00637MTL012;NZD1;metaal: koper-nikkel;munt;1981.0;1981.0;;24.3;NZD1.00637MTL012,NZD1,metaal: koper-nikkel,munt,1981.0,1981.0,,24.3
NZD1.00641MTL005;NZD1;metaal: nikkel;munt;1966.0;1966.0;;15.0;NZD1.00641MTL005,NZD1,metaal: nikkel,munt,1966.0,1966.0,,15.0
NZD1.00641MTL006;NZD1;metaal: brons;munt;1892.0;1892.0;;19.0;NZD1.00641MTL006,NZD1,metaal: brons,munt,1892.0,1892.0,,19.0
NZD1.00641MTL007;NZD1;metaal: nikkel;munt;1948.0;1948.0;;19.0;NZD1.00641MTL007,NZD1,metaal: nikkel,munt,1948.0,1948.0,,19.0
NZD1.00641MTL008;NZD1;metaal: nikkel;munt;1959.0;1959.0;;15.0;NZD1.00641MTL008,NZD1,metaal: nikkel,munt,1959.0,1959.0,,15.0
NZD1.00641MTL009;NZD1;metaal: brons;munt;1948.0;1948.0;;21.0;NZD1.00641MTL009,NZD1,metaal: brons,munt,1948.0,1948.0,,21.0
NZD1.00641MTL010;NZD1;metaal: brons;munt;1991.0;1991.0;;21.0;NZD1.00641MTL010,NZD1,metaal: brons,munt,1991.0,1991.0,,21.0
NZD1.00641MTL011;NZD1;metaal: brons;munt;1953.0;1953.0;;17.0;NZD1.00641MTL011,NZD1,metaal: brons,munt,1953.0,1953.0,,17.0
NZD1.00641MTL012;NZD1;metaal: brons;munt;1951.0;1951.0;;17.0;NZD1.00641MTL012,NZD1,metaal: brons,munt,1951.0,1951.0,,17.0
NZD1.00641MTL013;NZD1;metaal: brons;munt;1948.0;1948.0;;17.0;NZD1.00641MTL013,NZD1,metaal: brons,munt,1948.0,1948.0,,17.0
NZD1.00641MTL014;NZD1;metaal: brons;munt;1948.0;1980.0;;17.0;NZD1.00641MTL014,NZD1,metaal: brons,munt,1948.0,1980.0,,17.0
NZD1.00641MTL015;NZD1;metaal: ijzer-koper;munt;1984.0;1984.0;;18.0;NZD1.00641MTL015,NZD1,metaal: ijzer-koper,munt,1984.0,1984.0,,18.0
NZD1.00644MTL002;NZD1;metaal: nikkel;munt;1948.0;1948.0;;15.0;NZD1.00644MTL002,NZD1,metaal: nikkel,munt,1948.0,1948.0,,15.0
NZD1.00645MTL001;NZD1;metaal: nikkel;munt;1950.0;1950.0;;19.0;NZD1.00645MTL001,NZD1,metaal: nikkel,munt,1950.0,1950.0,,19.0
NZD1.00645MTL002;NZD1;metaal: nikkel;munt;1950.0;1950.0;;19.0;NZD1.00645MTL002,NZD1,metaal: nikkel,munt,1950.0,1950.0,,19.0
NZD1.00645MTL003;NZD1;metaal: nikkel;munt;1948.0;1948.0;;15.0;NZD1.00645MTL003,NZD1,metaal: nikkel,munt,1948.0,1948.0,,15.0
NZD1.00645MTL004;NZD1;metaal: nikkel;munt;1950.0;1950.0;;15.0;NZD1.00645MTL004,NZD1,metaal: nikkel,munt,1950.0,1950.0,,15.0
NZD1.00645MTL005;NZD1;metaal: nikkel;munt;1961.0;1961.0;;15.0;NZD1.00645MTL005,NZD1,metaal: nikkel,munt,1961.0,1961.0,,15.0
NZD1.00645MTL006;NZD1;metaal: nikkel;munt;1974.0;1974.0;;15.0;NZD1.00645MTL006,NZD1,metaal: nikkel,munt,1974.0,1974.0,,15.0
NZD1.00645MTL007;NZD1;metaal: staal;munt;1999.0;1999.0;;21.25;NZD1.00645MTL007,NZD1,metaal: staal,munt,1999.0,1999.0,,21.25
NZD1.00648MTL001;NZD1;metaal: brons;munt;1877.0;1877.0;;19.0;NZD1.00648MTL001,NZD1,metaal: brons,munt,1877.0,1877.0,,19.0
NZD1.00648MTL002;NZD1;metaal: koper-nikkel;munt;1995.0;1995.0;;31.0;NZD1.00648MTL002,NZD1,metaal: koper-nikkel,munt,1995.0,1995.0,,31.0
NZD1.00648MTL003;NZD1;metaal: ijzer-koper;munt;1963.0;1963.0;;19.0;NZD1.00648MTL003,NZD1,metaal: ijzer-koper,munt,1963.0,1963.0,,19.0
NZD1.00648MTL004;NZD1;metaal: koper-nikkel;munt;1973.0;1973.0;;21.0;NZD1.00648MTL004,NZD1,metaal: koper-nikkel,munt,1973.0,1973.0,,21.0
NZD1.00650MTL001;NZD1;metaal: nikkel;munt;2000.0;2000.0;;19.0;NZD1.00650MTL001,NZD1,metaal: nikkel,munt,2000.0,2000.0,,19.0
NZD1.00650MTL002;NZD1;metaal: brons;munt;1982.0;1987.0;;21.0;NZD1.00650MTL002,NZD1,metaal: brons,munt,1982.0,1987.0,,21.0
NZD1.00650MTL003;NZD1;metaal: brons;munt;1952.0;1952.0;;17.0;NZD1.00650MTL003,NZD1,metaal: brons,munt,1952.0,1952.0,,17.0
NZD1.00650MTL004;NZD1;metaal: nikkel;munt;2000.0;2000.0;;15.0;NZD1.00650MTL004,NZD1,metaal: nikkel,munt,2000.0,2000.0,,15.0
NZD1.00650MTL005;NZD1;metaal: zink;munt;1941.0;1944.0;;17.0;NZD1.00650MTL005,NZD1,metaal: zink,munt,1941.0,1944.0,,17.0
NZDAM1.00001MTL010;NZDAM1;metaal: zilver;munt;1559.0;1588.0;;22.0;NZDAM1.00001MTL010,NZDAM1,metaal: zilver,munt,1559.0,1588.0,,22.0
NZDAM1.00001MTL011;NZDAM1;metaal: koper;munt;1590.0;1598.0;;22.0;NZDAM1.00001MTL011,NZDAM1,metaal: koper,munt,1590.0,1598.0,,22.0
NZR2.00027MTL020;NZR2;metaal: koper;munt;1604.0;1627.0;;22.0;NZR2.00027MTL020,NZR2,metaal: koper,munt,1604.0,1627.0,,22.0
NZR2.00027MTL023;NZR2;metaal: koper;munt;1831.0;1831.0;;21.0;NZR2.00027MTL023,NZR2,metaal: koper,munt,1831.0,1831.0,,21.0
NZR2.00028MTL012;NZR2;metaal: nikkel;munt;1980.0;1980.0;;25.0;NZR2.00028MTL012,NZR2,metaal: nikkel,munt,1980.0,1980.0,,25.0
NZR2.00028MTL013;NZR2;metaal: koper;munt;1604.0;1604.0;;22.0;NZR2.00028MTL013,NZR2,metaal: koper,munt,1604.0,1604.0,,22.0
NZR2.00028MTL017;NZR2;metaal: koper;munt;1827.0;1827.0;;21.0;NZR2.00028MTL017,NZR2,metaal: koper,munt,1827.0,1827.0,,21.0
NZR2.00028MTL018;NZR2;metaal: koper;munt;1604.0;1627.0;;21.0;NZR2.00028MTL018,NZR2,metaal: koper,munt,1604.0,1627.0,,21.0
NZR2.00036MTL006;NZR2;metaal;munt;;;;;NZR2.00036MTL006,NZR2,metaal,munt,,,,
NZR2.00037MTL020;NZR2;metaal: koper;munt;1577.0;1578.0;;24.0;NZR2.00037MTL020,NZR2,metaal: koper,munt,1577.0,1578.0,,24.0
NZR2.00038MTL016;NZR2;metaal: koper;munt;1596.0;1598.0;;21.0;NZR2.00038MTL016,NZR2,metaal: koper,munt,1596.0,1598.0,,21.0
NZR2.00038MTL018;NZR2;metaal: koper;munt;1763.0;1767.0;;20.0;NZR2.00038MTL018,NZR2,metaal: koper,munt,1763.0,1767.0,,20.0
NZR2.00038MTL019;NZR2;metaal: zilver;munt;1574.0;1589.0;;25.0;NZR2.00038MTL019,NZR2,metaal: zilver,munt,1574.0,1589.0,,25.0
NZR2.00039MTL028;NZR2;metaal: koper;munt;1821.0;1829.0;;16.0;NZR2.00039MTL028,NZR2,metaal: koper,munt,1821.0,1829.0,,16.0
NZR2.00039MTL029;NZR2;metaal: koper;munt;1821.0;1828.0;;22.0;NZR2.00039MTL029,NZR2,metaal: koper,munt,1821.0,1828.0,,22.0
NZR2.00039MTL030;NZR2;metaal: koperlegering;munt;1600.0;1800.0;;23.0;NZR2.00039MTL030,NZR2,metaal: koperlegering,munt,1600.0,1800.0,,23.0
NZR2.00039MTL031;NZR2;metaal: koper;munt;1610.0;1610.0;;27.0;NZR2.00039MTL031,NZR2,metaal: koper,munt,1610.0,1610.0,,27.0
NZR2.00039MTL032;NZR2;metaal: nikkel;munt;1972.0;1972.0;;29.0;NZR2.00039MTL032,NZR2,metaal: nikkel,munt,1972.0,1972.0,,29.0
NZR2.00039MTL033;NZR2;metaal: koper;munt;1611.0;1613.0;;21.0;NZR2.00039MTL033,NZR2,metaal: koper,munt,1611.0,1613.0,,21.0
NZR2.00039MTL034;NZR2;metaal: koper;munt;1581.0;1612.0;;23.5;NZR2.00039MTL034,NZR2,metaal: koper,munt,1581.0,1612.0,,23.5
NZR2.00040MTL013;NZR2;metaal: messing;muntgewicht;1550.0;1800.0;;;NZR2.00040MTL013,NZR2,metaal: messing,muntgewicht,1550.0,1800.0,,
NZR2.00040MTL022;NZR2;metaal: zilver;munt;1918.0;1918.0;;15.0;NZR2.00040MTL022,NZR2,metaal: zilver,munt,1918.0,1918.0,,15.0
NZR2.00040MTL024;NZR2;metaal: koper;munt;1604.0;1605.0;;22.0;NZR2.00040MTL024,NZR2,metaal: koper,munt,1604.0,1605.0,,22.0
NZR2.00040MTL025;NZR2;metaal: koperlegering;munt;1400.0;1800.0;;16.0;NZR2.00040MTL025,NZR2,metaal: koperlegering,munt,1400.0,1800.0,,16.0
NZR2.00040MTL026;NZR2;metaal: koperlegering;munt;1600.0;1800.0;;23.0;NZR2.00040MTL026,NZR2,metaal: koperlegering,munt,1600.0,1800.0,,23.0
NZR2.00040MTL027;NZR2;metaal: koper;munt;1596.0;1598.0;;22.0;NZR2.00040MTL027,NZR2,metaal: koper,munt,1596.0,1598.0,,22.0
NZR2.00040MTL028;NZR2;metaal: koperlegering;munt;1500.0;1600.0;;17.0;NZR2.00040MTL028,NZR2,metaal: koperlegering,munt,1500.0,1600.0,,17.0
NZR2.00040MTL029;NZR2;metaal: koper;munt;1604.0;1627.0;;24.0;NZR2.00040MTL029,NZR2,metaal: koper,munt,1604.0,1627.0,,24.0
NZR2.00040MTL030;NZR2;metaal: koper;munt;1630.0;1632.0;;19.0;NZR2.00040MTL030,NZR2,metaal: koper,munt,1630.0,1632.0,,19.0
NZR2.00040MTL031;NZR2;metaal: koper;munt;1606.0;1619.0;;21.0;NZR2.00040MTL031,NZR2,metaal: koper,munt,1606.0,1619.0,,21.0
NZR2.00041MTL005;NZR2;metaal: messing;muntgewicht;1581.0;1581.0;;;NZR2.00041MTL005,NZR2,metaal: messing,muntgewicht,1581.0,1581.0,,
NZR2.00041MTL019;NZR2;metaal: koper;munt;1640.0;1649.0;;19.5;NZR2.00041MTL019,NZR2,metaal: koper,munt,1640.0,1649.0,,19.5
NZR2.00043MTL011;NZR2;metaal: koper;munt;1702.0;1724.0;;21.0;NZR2.00043MTL011,NZR2,metaal: koper,munt,1702.0,1724.0,,21.0
NZR2.00062MTL001;NZR2;metaal: zilver;munt;1691.0;1691.0;;28.0;NZR2.00062MTL001,NZR2,metaal: zilver,munt,1691.0,1691.0,,28.0
NZR2.00062MTL002;NZR2;metaal: koperlegering;munt;1600.0;1700.0;;24.0;NZR2.00062MTL002,NZR2,metaal: koperlegering,munt,1600.0,1700.0,,24.0
NZR2.00062MTL003;NZR2;metaal: biljoen;munt;1525.0;1575.0;;18.0;NZR2.00062MTL003,NZR2,metaal: biljoen,munt,1525.0,1575.0,,18.0
NZR2.00065MTL009;NZR2;metaal: koperlegering;munt;1600.0;1800.0;;20.0;NZR2.00065MTL009,NZR2,metaal: koperlegering,munt,1600.0,1800.0,,20.0
NZR2.00167MTL001;NZR2;metaal: zilver;munt;1482.0;1506.0;;28.0;NZR2.00167MTL001,NZR2,metaal: zilver,munt,1482.0,1506.0,,28.0
NZR2.00172MTL001;NZR2;metaal: koper;munt;1819.0;1877.0;;21.0;NZR2.00172MTL001,NZR2,metaal: koper,munt,1819.0,1877.0,,21.0
NZR2.00175MTL001;NZR2;metaal: koper;munt;1574.0;1579.0;;26.0;NZR2.00175MTL001,NZR2,metaal: koper,munt,1574.0,1579.0,,26.0
NZR2.00176MTL001;NZR2;metaal: koper;munt;1702.0;1702.0;;21.0;NZR2.00176MTL001,NZR2,metaal: koper,munt,1702.0,1702.0,,21.0
NZR2.00178MTL001;NZR2;metaal: zilver;munt;1681.0;1737.0;;17.0;NZR2.00178MTL001,NZR2,metaal: zilver,munt,1681.0,1737.0,,17.0
NZR2.00178MTL002;NZR2;metaal: koper;munt;1596.0;1598.0;;22.0;NZR2.00178MTL002,NZR2,metaal: koper,munt,1596.0,1598.0,,22.0
NZR2.00178MTL003;NZR2;metaal: koper;munt;1784.0;1784.0;;21.0;NZR2.00178MTL003,NZR2,metaal: koper,munt,1784.0,1784.0,,21.0
NZR2.00179MTL001;NZR2;metaal: koper;munt;1702.0;1780.0;;21.0;NZR2.00179MTL001,NZR2,metaal: koper,munt,1702.0,1780.0,,21.0
NZR2.00179MTL002;NZR2;metaal: koper;munt;1604.0;1627.0;;23.0;NZR2.00179MTL002,NZR2,metaal: koper,munt,1604.0,1627.0,,23.0
NZR2.00180MTL001;NZR2;metaal: koper;munt;1765.0;1765.0;;21.0;NZR2.00180MTL001,NZR2,metaal: koper,munt,1765.0,1765.0,,21.0
NZR2.00180MTL002;NZR2;metaal: koper;munt;1604.0;1627.0;;24.0;NZR2.00180MTL002,NZR2,metaal: koper,munt,1604.0,1627.0,,24.0
NZR2.00180MTL003;NZR2;metaal: koper;munt;1604.0;1627.0;;22.0;NZR2.00180MTL003,NZR2,metaal: koper,munt,1604.0,1627.0,,22.0
NZR2.00180MTL004;NZR2;metaal: zilver;munt;1614.0;1614.0;;19.0;NZR2.00180MTL004,NZR2,metaal: zilver,munt,1614.0,1614.0,,19.0
NZR2.00180MTL005;NZR2;metaal: koper;munt;1730.0;1739.0;;19.5;NZR2.00180MTL005,NZR2,metaal: koper,munt,1730.0,1739.0,,19.5
NZR2.00181MTL001;NZR2;metaal: koper;munt;1574.0;1579.0;;25.0;NZR2.00181MTL001,NZR2,metaal: koper,munt,1574.0,1579.0,,25.0
NZR2.00181MTL002;NZR2;metaal: koperlegering;munt;2001.0;2001.0;;19.75;NZR2.00181MTL002,NZR2,metaal: koperlegering,munt,2001.0,2001.0,,19.75
NZR2.00181MTL003;NZR2;metaal: zilver;munt;1580.0;1605.0;;20.0;NZR2.00181MTL003,NZR2,metaal: zilver,munt,1580.0,1605.0,,20.0
NZR2.00181MTL004;NZR2;metaal: koper;munt;1767.0;1767.0;;21.0;NZR2.00181MTL004,NZR2,metaal: koper,munt,1767.0,1767.0,,21.0
NZR2.00181MTL005;NZR2;metaal: koper;munt;1617.0;1637.0;;20.0;NZR2.00181MTL005,NZR2,metaal: koper,munt,1617.0,1637.0,,20.0
NZR2.00181MTL006;NZR2;metaal: koper;munt;1611.0;1611.0;;27.0;NZR2.00181MTL006,NZR2,metaal: koper,munt,1611.0,1611.0,,27.0
NZR2.00181MTL007;NZR2;metaal: koper;munt;1713.0;1713.0;;21.0;NZR2.00181MTL007,NZR2,metaal: koper,munt,1713.0,1713.0,,21.0
NZR2.00181MTL010;NZR2;metaal: koperlegering;munt;1598.0;1621.0;;20.0;NZR2.00181MTL010,NZR2,metaal: koperlegering,munt,1598.0,1621.0,,20.0
NZR2.00183MTL001;NZR2;metaal: koper;munt;1702.0;1702.0;;21.0;NZR2.00183MTL001,NZR2,metaal: koper,munt,1702.0,1702.0,,21.0
NZR2.00183MTL002;NZR2;metaal: koper;munt;1719.0;1778.0;;22.0;NZR2.00183MTL002,NZR2,metaal: koper,munt,1719.0,1778.0,,22.0
NZR2.00183MTL003;NZR2;metaal: koper;munt;1574.0;1579.0;;23.0;NZR2.00183MTL003,NZR2,metaal: koper,munt,1574.0,1579.0,,23.0
NZR2.00183MTL005;NZR2;metaal: koper;munt;1714.0;1721.0;;22.0;NZR2.00183MTL005,NZR2,metaal: koper,munt,1714.0,1721.0,,22.0
NZR2.00183MTL006;NZR2;metaal: zilver;munt;1482.0;1506.0;;27.0;NZR2.00183MTL006,NZR2,metaal: zilver,munt,1482.0,1506.0,,27.0
NZR2.00183MTL007;NZR2;metaal: koper;munt;1612.0;1650.0;;25.0;NZR2.00183MTL007,NZR2,metaal: koper,munt,1612.0,1650.0,,25.0
NZR2.00183MTL008;NZR2;metaal: koper;munt;1604.0;1604.0;;23.0;NZR2.00183MTL008,NZR2,metaal: koper,munt,1604.0,1604.0,,23.0
NZR2.00183MTL011;NZR2;metaal: koper;munt;1703.0;1703.0;;22.0;NZR2.00183MTL011,NZR2,metaal: koper,munt,1703.0,1703.0,,22.0
NZR2.00183MTL012;NZR2;metaal: koper;munt;1742.0;1742.0;;21.0;NZR2.00183MTL012,NZR2,metaal: koper,munt,1742.0,1742.0,,21.0
NZR2.00186MTL003;NZR2;metaal: koper;munt;1604.0;1605.0;;21.0;NZR2.00186MTL003,NZR2,metaal: koper,munt,1604.0,1605.0,,21.0
NZR2.00186MTL006;NZR2;metaal: koper;munt;1765.0;1765.0;;22.0;NZR2.00186MTL006,NZR2,metaal: koper,munt,1765.0,1765.0,,22.0
NZR2.00186MTL007;NZR2;metaal: koperlegering;munt;1575.0;1625.0;;25.0;NZR2.00186MTL007,NZR2,metaal: koperlegering,munt,1575.0,1625.0,,25.0
NZR2.00186MTL008;NZR2;metaal: koper;munt;1628.0;1629.0;;20.0;NZR2.00186MTL008,NZR2,metaal: koper,munt,1628.0,1629.0,,20.0
NZR2.00186MTL009;NZR2;metaal: zilver;munt;1669.0;1670.0;;29.0;NZR2.00186MTL009,NZR2,metaal: zilver,munt,1669.0,1670.0,,29.0
NZR2.00186MTL010;NZR2;metaal: koper;munt;1596.0;1598.0;;22.0;NZR2.00186MTL010,NZR2,metaal: koper,munt,1596.0,1598.0,,22.0
NZR2.00186MTL020;NZR2;metaal: koper;munt;1702.0;1780.0;;20.0;NZR2.00186MTL020,NZR2,metaal: koper,munt,1702.0,1780.0,,20.0
NZR2.00189MTL024;NZR2;metaal: messing;muntgewicht;1648.0;1674.0;;;NZR2.00189MTL024,NZR2,metaal: messing,muntgewicht,1648.0,1674.0,,
NZR2.00191MTL001;NZR2;metaal: koper;munt;1595.0;1618.0;;20.0;NZR2.00191MTL001,NZR2,metaal: koper,munt,1595.0,1618.0,,20.0
NZR2.00191MTL002;NZR2;metaal: zilver;munt;1669.0;1669.0;;21.0;NZR2.00191MTL002,NZR2,metaal: zilver,munt,1669.0,1669.0,,21.0
NZR2.00191MTL003;NZR2;metaal: koper;munt;1598.0;1598.0;;22.0;NZR2.00191MTL003,NZR2,metaal: koper,munt,1598.0,1598.0,,22.0
NZR2.00191MTL004;NZR2;metaal: koper;munt;1604.0;1605.0;;22.0;NZR2.00191MTL004,NZR2,metaal: koper,munt,1604.0,1605.0,,22.0
NZR2.00191MTL005;NZR2;metaal: koper;munt;1591.0;1591.0;;23.0;NZR2.00191MTL005,NZR2,metaal: koper,munt,1591.0,1591.0,,23.0
NZR2.00191MTL006;NZR2;metaal: koperlegering;munt;1475.0;1525.0;;25.0;NZR2.00191MTL006,NZR2,metaal: koperlegering,munt,1475.0,1525.0,,25.0
NZR2.00191MTL009;NZR2;metaal: koper;munt;1604.0;1627.0;;22.0;NZR2.00191MTL009,NZR2,metaal: koper,munt,1604.0,1627.0,,22.0
NZR2.00191MTL011;NZR2;metaal: koper;munt;1660.0;1669.0;;20.0;NZR2.00191MTL011,NZR2,metaal: koper,munt,1660.0,1669.0,,20.0
NZR2.00195MTL001;NZR2;metaal: koper;munt;1660.0;1669.0;;20.0;NZR2.00195MTL001,NZR2,metaal: koper,munt,1660.0,1669.0,,20.0
NZR2.00195MTL003;NZR2;metaal: koper;munt;1747.0;1747.0;;22.0;NZR2.00195MTL003,NZR2,metaal: koper,munt,1747.0,1747.0,,22.0
NZR2.00195MTL004;NZR2;metaal: koper;munt;1719.0;1778.0;;23.0;NZR2.00195MTL004,NZR2,metaal: koper,munt,1719.0,1778.0,,23.0
NZR2.00195MTL005;NZR2;metaal: koper;munt;1574.0;1579.0;;26.0;NZR2.00195MTL005,NZR2,metaal: koper,munt,1574.0,1579.0,,26.0
NZR2.00195MTL006;NZR2;metaal: zilver;munt;1482.0;1506.0;;22.0;NZR2.00195MTL006,NZR2,metaal: zilver,munt,1482.0,1506.0,,22.0
NZR2.00195MTL007;NZR2;metaal: zilver;munt;1672.0;1672.0;;22.0;NZR2.00195MTL007,NZR2,metaal: zilver,munt,1672.0,1672.0,,22.0
NZR2.00195MTL008;NZR2;metaal: koper;munt;1604.0;1627.0;;23.0;NZR2.00195MTL008,NZR2,metaal: koper,munt,1604.0,1627.0,,23.0
NZR2.00195MTL009;NZR2;metaal: koper;munt;1780.0;1789.0;;20.0;NZR2.00195MTL009,NZR2,metaal: koper,munt,1780.0,1789.0,,20.0
NZR2.00195MTL010;NZR2;metaal: koper;munt;1612.0;1622.0;;19.0;NZR2.00195MTL010,NZR2,metaal: koper,munt,1612.0,1622.0,,19.0
NZR2.00195MTL011;NZR2;metaal: biljoen;munt;1509.0;1515.0;;17.0;NZR2.00195MTL011,NZR2,metaal: biljoen,munt,1509.0,1515.0,,17.0
NZR2.00195MTL012;NZR2;metaal: koper;munt;1683.0;1683.0;;20.0;NZR2.00195MTL012,NZR2,metaal: koper,munt,1683.0,1683.0,,20.0
NZR2.00196MTL002;NZR2;metaal: koper;munt;1821.0;1828.0;;16.0;NZR2.00196MTL002,NZR2,metaal: koper,munt,1821.0,1828.0,,16.0
NZR2.00196MTL003;NZR2;metaal: koper;munt;1604.0;1627.0;;22.0;NZR2.00196MTL003,NZR2,metaal: koper,munt,1604.0,1627.0,,22.0
NZR2.00196MTL004;NZR2;metaal: koperlegering;munt;1550.0;1600.0;;26.0;NZR2.00196MTL004,NZR2,metaal: koperlegering,munt,1550.0,1600.0,,26.0
NZR2.00197MTL004;NZR2;metaal: koper;munt;1574.0;1575.0;;25.0;NZR2.00197MTL004,NZR2,metaal: koper,munt,1574.0,1575.0,,25.0
NZR2.00197MTL005;NZR2;metaal: koper;munt;1604.0;1627.0;;23.0;NZR2.00197MTL005,NZR2,metaal: koper,munt,1604.0,1627.0,,23.0
NZR2.00197MTL006;NZR2;metaal: zilver;munt;1419.0;1467.0;;22.0;NZR2.00197MTL006,NZR2,metaal: zilver,munt,1419.0,1467.0,,22.0
NZR2.00197MTL007;NZR2;metaal: brons;munt;1880.0;1880.0;;19.0;NZR2.00197MTL007,NZR2,metaal: brons,munt,1880.0,1880.0,,19.0
NZR2.00197MTL008;NZR2;metaal: koper;munt;1657.0;1690.0;;20.0;NZR2.00197MTL008,NZR2,metaal: koper,munt,1657.0,1690.0,,20.0
NZR2.00197MTL009;NZR2;metaal: koper;munt;1591.0;1591.0;;24.0;NZR2.00197MTL009,NZR2,metaal: koper,munt,1591.0,1591.0,,24.0
NZR2.00197MTL010;NZR2;metaal: koper;munt;1606.0;1627.0;;20.0;NZR2.00197MTL010,NZR2,metaal: koper,munt,1606.0,1627.0,,20.0
NZR2.00197MTL011;NZR2;metaal: koper;munt;1590.0;1598.0;;23.0;NZR2.00197MTL011,NZR2,metaal: koper,munt,1590.0,1598.0,,23.0
NZR2.00198MTL002;NZR2;metaal: koperlegering;munt;1700.0;1900.0;;23.5;NZR2.00198MTL002,NZR2,metaal: koperlegering,munt,1700.0,1900.0,,23.5
NZR2.00198MTL003;NZR2;metaal: koper;munt;1550.0;1700.0;;24.0;NZR2.00198MTL003,NZR2,metaal: koper,munt,1550.0,1700.0,,24.0
NZR2.00198MTL004;NZR2;metaal: zilver;munt;1550.0;1700.0;;23.5;NZR2.00198MTL004,NZR2,metaal: zilver,munt,1550.0,1700.0,,23.5
NZR2.00198MTL006;NZR2;metaal: koper;munt;1604.0;1605.0;;23.0;NZR2.00198MTL006,NZR2,metaal: koper,munt,1604.0,1605.0,,23.0
NZR2.00198MTL007;NZR2;metaal: koper;munt;1604.0;1605.0;;20.0;NZR2.00198MTL007,NZR2,metaal: koper,munt,1604.0,1605.0,,20.0
NZR2.00198MTL008;NZR2;metaal: koper;munt;1604.0;1605.0;;22.0;NZR2.00198MTL008,NZR2,metaal: koper,munt,1604.0,1605.0,,22.0
NZR2.00198MTL009;NZR2;metaal: koper;munt;1604.0;1605.0;;20.0;NZR2.00198MTL009,NZR2,metaal: koper,munt,1604.0,1605.0,,20.0
NZR2.00199MTL001;NZR2;metaal: koper;munt;1612.0;1622.0;;18.0;NZR2.00199MTL001,NZR2,metaal: koper,munt,1612.0,1622.0,,18.0
NZR2.00199MTL002;NZR2;metaal: koper;munt;1604.0;1604.0;;21.0;NZR2.00199MTL002,NZR2,metaal: koper,munt,1604.0,1604.0,,21.0
NZR2.00199MTL003;NZR2;metaal: koper;munt;1766.0;1766.0;;21.0;NZR2.00199MTL003,NZR2,metaal: koper,munt,1766.0,1766.0,,21.0
NZR2.00199MTL004;NZR2;metaal: koper;munt;1596.0;1596.0;;22.0;NZR2.00199MTL004,NZR2,metaal: koper,munt,1596.0,1596.0,,22.0
NZR2.00199MTL005;NZR2;metaal: koper;munt;1758.0;1758.0;;22.0;NZR2.00199MTL005,NZR2,metaal: koper,munt,1758.0,1758.0,,22.0
NZR2.00199MTL006;NZR2;metaal: koper;munt;1601.0;1615.0;;23.0;NZR2.00199MTL006,NZR2,metaal: koper,munt,1601.0,1615.0,,23.0
NZR2.00200MTL001;NZR2;metaal: koperlegering;munt;1582.0;1612.0;;24.0;NZR2.00200MTL001,NZR2,metaal: koperlegering,munt,1582.0,1612.0,,24.0
NZR2.00200MTL004;NZR2;metaal: koper;munt;1604.0;1627.0;;22.0;NZR2.00200MTL004,NZR2,metaal: koper,munt,1604.0,1627.0,,22.0
NZR2.00200MTL005;NZR2;metaal: zilver;munt;1425.0;1525.0;;22.0;NZR2.00200MTL005,NZR2,metaal: zilver,munt,1425.0,1525.0,,22.0
NZR2.00200MTL006;NZR2;metaal: koper;munt;1642.0;1642.0;;19.0;NZR2.00200MTL006,NZR2,metaal: koper,munt,1642.0,1642.0,,19.0
NZR2.00202MTL001;NZR2;metaal: koper;munt;1612.0;1622.0;;20.0;NZR2.00202MTL001,NZR2,metaal: koper,munt,1612.0,1622.0,,20.0
NZR2.00202MTL002;NZR2;metaal: zilver;munt;1640.0;1670.0;;21.0;NZR2.00202MTL002,NZR2,metaal: zilver,munt,1640.0,1670.0,,21.0
NZR2.00262MTL001;NZR2;metaal: koper;munt;1756.0;1756.0;;20.0;NZR2.00262MTL001,NZR2,metaal: koper,munt,1756.0,1756.0,,20.0
NZR2.00292MTL001;NZR2;metaal: koper;munt;1598.0;1621.0;;23.0;NZR2.00292MTL001,NZR2,metaal: koper,munt,1598.0,1621.0,,23.0
NZR2.00325MTL001;NZR2;metaal: koper;munt;1760.0;1769.0;;21.0;NZR2.00325MTL001,NZR2,metaal: koper,munt,1760.0,1769.0,,21.0
NZR2.00325MTL003;NZR2;metaal: koper;munt;1830.0;1830.0;;22.0;NZR2.00325MTL003,NZR2,metaal: koper,munt,1830.0,1830.0,,22.0
NZR2.00383MTL002;NZR2;metaal: koper;munt;1827.0;1827.0;;22.0;NZR2.00383MTL002,NZR2,metaal: koper,munt,1827.0,1827.0,,22.0
NZR2.00383MTL003;NZR2;metaal: koper;munt;1830.0;1830.0;;22.0;NZR2.00383MTL003,NZR2,metaal: koper,munt,1830.0,1830.0,,22.0
NZR2.00413MTL001;NZR2;metaal: koper;munt;1625.0;1660.0;;18.0;NZR2.00413MTL001,NZR2,metaal: koper,munt,1625.0,1660.0,,18.0
NZR2.00413MTL002;NZR2;metaal: koper;munt;1823.0;1823.0;;21.0;NZR2.00413MTL002,NZR2,metaal: koper,munt,1823.0,1823.0,,21.0
NZR2.00414MTL001;NZR2;metaal: messing;munt;1616.0;1616.0;;20.0;NZR2.00414MTL001,NZR2,metaal: messing,munt,1616.0,1616.0,,20.0
NZR2.00422MTL001;NZR2;metaal: koper;munt;1631.0;1636.0;;19.0;NZR2.00422MTL001,NZR2,metaal: koper,munt,1631.0,1636.0,,19.0
NZR2.00422MTL002;NZR2;metaal: koper;munt;1821.0;1828.0;;16.0;NZR2.00422MTL002,NZR2,metaal: koper,munt,1821.0,1828.0,,16.0
NZR2.00422MTL003;NZR2;metaal: koper;munt;1819.0;1819.0;;18.5;NZR2.00422MTL003,NZR2,metaal: koper,munt,1819.0,1819.0,,18.5
NZR2.00433MTL001;NZR2;metaal: koper;munt;1702.0;1702.0;;22.0;NZR2.00433MTL001,NZR2,metaal: koper,munt,1702.0,1702.0,,22.0
NZR2.00440MTL001;NZR2;metaal: brons;munt;1917.0;1917.0;;19.0;NZR2.00440MTL001,NZR2,metaal: brons,munt,1917.0,1917.0,,19.0
NZR2.00459MTL001;NZR2;metaal: koper;munt;1827.0;1827.0;;22.0;NZR2.00459MTL001,NZR2,metaal: koper,munt,1827.0,1827.0,,22.0
NZR2.00460MTL001;NZR2;metaal: brons;munt;1884.0;1884.0;;23.4;NZR2.00460MTL001,NZR2,metaal: brons,munt,1884.0,1884.0,,23.4
NZR2.00462MTL002;NZR2;metaal: zilver;munt;1848.0;1848.0;;28.0;NZR2.00462MTL002,NZR2,metaal: zilver,munt,1848.0,1848.0,,28.0
NZR2.00492MTL001;NZR2;metaal: koper;munt;1837.0;1837.0;;22.0;NZR2.00492MTL001,NZR2,metaal: koper,munt,1837.0,1837.0,,22.0
NZR2.00492MTL002;NZR2;metaal: koper;munt;1823.0;1823.0;;21.0;NZR2.00492MTL002,NZR2,metaal: koper,munt,1823.0,1823.0,,21.0
NZR2.00509MTL001;NZR2;metaal: koper;munt;1739.0;1793.0;;21.0;NZR2.00509MTL001,NZR2,metaal: koper,munt,1739.0,1793.0,,21.0
NZR2.00509MTL002;NZR2;metaal: koper;munt;1819.0;1819.0;;18.5;NZR2.00509MTL002,NZR2,metaal: koper,munt,1819.0,1819.0,,18.5
NZR2.00509MTL003;NZR2;metaal: koper;munt;1702.0;1768.0;;21.0;NZR2.00509MTL003,NZR2,metaal: koper,munt,1702.0,1768.0,,21.0
NZR2.00509MTL004;NZR2;metaal: koper;munt;1715.0;1715.0;;21.0;NZR2.00509MTL004,NZR2,metaal: koper,munt,1715.0,1715.0,,21.0
NZR2.00509MTL005;NZR2;metaal: koper;munt;1820.0;1829.0;;18.0;NZR2.00509MTL005,NZR2,metaal: koper,munt,1820.0,1829.0,,18.0
NZR2.00509MTL006;NZR2;metaal: brons;munt;1900.0;1906.0;;14.0;NZR2.00509MTL006,NZR2,metaal: brons,munt,1900.0,1906.0,,14.0
NZR2.00509MTL007;NZR2;metaal: brons;munt;1906.0;1906.0;;19.0;NZR2.00509MTL007,NZR2,metaal: brons,munt,1906.0,1906.0,,19.0
NZR2.00509MTL008;NZR2;metaal: koper;munt;1821.0;1828.0;;22.0;NZR2.00509MTL008,NZR2,metaal: koper,munt,1821.0,1828.0,,22.0
NZR2.00509MTL009;NZR2;metaal: koper;munt;1823.0;1823.0;;16.0;NZR2.00509MTL009,NZR2,metaal: koper,munt,1823.0,1823.0,,16.0
NZR2.00511MTL001;NZR2;metaal: koper;munt;1821.0;1829.0;;16.0;NZR2.00511MTL001,NZR2,metaal: koper,munt,1821.0,1829.0,,16.0
NZR2.00511MTL002;NZR2;metaal: koper;munt;1788.0;1788.0;;21.0;NZR2.00511MTL002,NZR2,metaal: koper,munt,1788.0,1788.0,,21.0
NZR2.00511MTL003;NZR2;metaal: koper;munt;1819.0;1877.0;;22.0;NZR2.00511MTL003,NZR2,metaal: koper,munt,1819.0,1877.0,,22.0
NZR2.00511MTL005;NZR2;metaal: zilver;munt;1617.0;1619.0;;18.0;NZR2.00511MTL005,NZR2,metaal: zilver,munt,1617.0,1619.0,,18.0
NZR2.00511MTL006;NZR2;metaal: koper;munt;1548.0;1548.0;;18.0;NZR2.00511MTL006,NZR2,metaal: koper,munt,1548.0,1548.0,,18.0
NZR2.00511MTL007;NZR2;metaal: koper;munt;1823.0;1823.0;;21.0;NZR2.00511MTL007,NZR2,metaal: koper,munt,1823.0,1823.0,,21.0
NZR2.00511MTL008;NZR2;metaal: koper;munt;1827.0;1827.0;;22.0;NZR2.00511MTL008,NZR2,metaal: koper,munt,1827.0,1827.0,,22.0
NZR2.00511MTL009;NZR2;metaal: koper;munt;1769.0;1769.0;;20.0;NZR2.00511MTL009,NZR2,metaal: koper,munt,1769.0,1769.0,,20.0
NZR2.00511MTL039;NZR2;metaal: koper;munt;1790.0;1790.0;;22.0;NZR2.00511MTL039,NZR2,metaal: koper,munt,1790.0,1790.0,,22.0
NZR2.00511MTL040;NZR2;metaal: koper;munt;1768.0;1768.0;;21.5;NZR2.00511MTL040,NZR2,metaal: koper,munt,1768.0,1768.0,,21.5
NZR2.00511MTL041;NZR2;metaal: zilver;munt;1677.0;1677.0;;19.0;NZR2.00511MTL041,NZR2,metaal: zilver,munt,1677.0,1677.0,,19.0
NZR2.00512MTL001;NZR2;metaal: koper;munt;1600.0;1700.0;;22.0;NZR2.00512MTL001,NZR2,metaal: koper,munt,1600.0,1700.0,,22.0
NZR2.00512MTL002;NZR2;metaal: koper;munt;1783.0;1788.0;;21.0;NZR2.00512MTL002,NZR2,metaal: koper,munt,1783.0,1788.0,,21.0
NZR2.00512MTL003;NZR2;metaal: koper;munt;1482.0;1519.0;;22.0;NZR2.00512MTL003,NZR2,metaal: koper,munt,1482.0,1519.0,,22.0
NZR2.00512MTL004;NZR2;metaal: koper;munt;1769.0;1769.0;;20.0;NZR2.00512MTL004,NZR2,metaal: koper,munt,1769.0,1769.0,,20.0
NZR2.00512MTL005;NZR2;metaal: koper;munt;1786.0;1786.0;;21.5;NZR2.00512MTL005,NZR2,metaal: koper,munt,1786.0,1786.0,,21.5
NZR2.00512MTL006;NZR2;metaal: koper;munt;1865.0;1865.0;;16.0;NZR2.00512MTL006,NZR2,metaal: koper,munt,1865.0,1865.0,,16.0
NZR2.00512MTL007;NZR2;metaal: koper;munt;1792.0;1792.0;;22.0;NZR2.00512MTL007,NZR2,metaal: koper,munt,1792.0,1792.0,,22.0
NZR2.00512MTL008;NZR2;metaal: koper;munt;1830.0;1830.0;;22.0;NZR2.00512MTL008,NZR2,metaal: koper,munt,1830.0,1830.0,,22.0
NZR2.00512MTL009;NZR2;metaal: koper;munt;1690.0;1690.0;;21.0;NZR2.00512MTL009,NZR2,metaal: koper,munt,1690.0,1690.0,,21.0
NZR2.00512MTL010;NZR2;metaal: koper;munt;1821.0;1829.0;;16.0;NZR2.00512MTL010,NZR2,metaal: koper,munt,1821.0,1829.0,,16.0
NZR2.00512MTL011;NZR2;metaal: koper;munt;1800.0;1806.0;;18.0;NZR2.00512MTL011,NZR2,metaal: koper,munt,1800.0,1806.0,,18.0
NZR2.00512MTL012;NZR2;metaal: koper;munt;1819.0;1877.0;;16.0;NZR2.00512MTL012,NZR2,metaal: koper,munt,1819.0,1877.0,,16.0
NZR2.00512MTL013;NZR2;metaal: koper;munt;1784.0;1784.0;;21.0;NZR2.00512MTL013,NZR2,metaal: koper,munt,1784.0,1784.0,,21.0
NZR2.00512MTL014;NZR2;metaal: koper;munt;1835.0;1835.0;;23.0;NZR2.00512MTL014,NZR2,metaal: koper,munt,1835.0,1835.0,,23.0
NZR2.00512MTL015;NZR2;metaal: zilver;munt;1671.0;1696.0;;28.0;NZR2.00512MTL015,NZR2,metaal: zilver,munt,1671.0,1696.0,,28.0
NZR2.00512MTL016;NZR2;metaal: koper;munt;1702.0;1780.0;;21.0;NZR2.00512MTL016,NZR2,metaal: koper,munt,1702.0,1780.0,,21.0
NZR2.00512MTL017;NZR2;metaal: koper;munt;1819.0;1877.0;;22.0;NZR2.00512MTL017,NZR2,metaal: koper,munt,1819.0,1877.0,,22.0
NZR2.00512MTL022;NZR2;metaal: brons;munt;1913.0;1913.0;;23.4;NZR2.00512MTL022,NZR2,metaal: brons,munt,1913.0,1913.0,,23.4
NZR2.00512MTL023;NZR2;metaal: koperlegering;munt;1600.0;1800.0;;21.0;NZR2.00512MTL023,NZR2,metaal: koperlegering,munt,1600.0,1800.0,,21.0
NZR2.00512MTL024;NZR2;metaal: koper;munt;1833.0;1836.0;;22.0;NZR2.00512MTL024,NZR2,metaal: koper,munt,1833.0,1836.0,,22.0
NZR2.00512MTL025;NZR2;metaal: koper;munt;1724.0;1766.0;;21.0;NZR2.00512MTL025,NZR2,metaal: koper,munt,1724.0,1766.0,,21.0
NZR2.00512MTL026;NZR2;metaal: zilver;munt;1600.0;1800.0;;19.0;NZR2.00512MTL026,NZR2,metaal: zilver,munt,1600.0,1800.0,,19.0
NZR2.00512MTL027;NZR2;metaal: koper;munt;1702.0;1780.0;;20.0;NZR2.00512MTL027,NZR2,metaal: koper,munt,1702.0,1780.0,,20.0
NZR2.00513MTL002;NZR2;metaal: koper;munt;1822.0;1822.0;;22.0;NZR2.00513MTL002,NZR2,metaal: koper,munt,1822.0,1822.0,,22.0
NZR2.00513MTL003;NZR2;metaal: koper;munt;1826.0;1826.0;;22.0;NZR2.00513MTL003,NZR2,metaal: koper,munt,1826.0,1826.0,,22.0
NZR2.00513MTL004;NZR2;metaal: koper;munt;1756.0;1756.0;;21.5;NZR2.00513MTL004,NZR2,metaal: koper,munt,1756.0,1756.0,,21.5
NZR2.00513MTL006;NZR2;metaal: koper;munt;1702.0;1780.0;;24.0;NZR2.00513MTL006,NZR2,metaal: koper,munt,1702.0,1780.0,,24.0
NZR2.00513MTL007;NZR2;metaal: koper;munt;1768.0;1768.0;;20.0;NZR2.00513MTL007,NZR2,metaal: koper,munt,1768.0,1768.0,,20.0
NZR2.00513MTL008;NZR2;metaal: koper;munt;1792.0;1792.0;;22.0;NZR2.00513MTL008,NZR2,metaal: koper,munt,1792.0,1792.0,,22.0
NZR2.00513MTL009;NZR2;metaal: koper;munt;1550.0;1650.0;;26.5;NZR2.00513MTL009,NZR2,metaal: koper,munt,1550.0,1650.0,,26.5
NZR2.00513MTL010;NZR2;metaal: koper;munt;1620.0;1650.0;;19.5;NZR2.00513MTL010,NZR2,metaal: koper,munt,1620.0,1650.0,,19.5
NZR2.00513MTL011;NZR2;metaal: koperlegering;munt;1600.0;1700.0;;22.0;NZR2.00513MTL011,NZR2,metaal: koperlegering,munt,1600.0,1700.0,,22.0
NZR2.00513MTL013;NZR2;metaal: koper;munt;1702.0;1769.0;;21.0;NZR2.00513MTL013,NZR2,metaal: koper,munt,1702.0,1769.0,,21.0
NZR2.00513MTL014;NZR2;metaal: koperlegering;munt;1700.0;1800.0;;21.0;NZR2.00513MTL014,NZR2,metaal: koperlegering,munt,1700.0,1800.0,,21.0
NZR2.00513MTL015;NZR2;metaal: koper;munt;1821.0;1829.0;;16.0;NZR2.00513MTL015,NZR2,metaal: koper,munt,1821.0,1829.0,,16.0
NZR2.00513MTL016;NZR2;metaal: koper;munt;1832.0;1832.0;;16.0;NZR2.00513MTL016,NZR2,metaal: koper,munt,1832.0,1832.0,,16.0
NZR2.00513MTL018;NZR2;metaal: koper;munt;1877.0;1877.0;;19.0;NZR2.00513MTL018,NZR2,metaal: koper,munt,1877.0,1877.0,,19.0
NZR2.00514MTL001;NZR2;metaal: zilver;munt;1679.0;1696.0;;28.0;NZR2.00514MTL001,NZR2,metaal: zilver,munt,1679.0,1696.0,,28.0
NZR2.00514MTL002;NZR2;metaal: koper;munt;1600.0;1800.0;;23.0;NZR2.00514MTL002,NZR2,metaal: koper,munt,1600.0,1800.0,,23.0
NZR2.00514MTL003;NZR2;metaal: koper;munt;1600.0;1700.0;;18.0;NZR2.00514MTL003,NZR2,metaal: koper,munt,1600.0,1700.0,,18.0
NZR2.00514MTL004;NZR2;metaal: brons;munt;1909.0;1940.0;;14.0;NZR2.00514MTL004,NZR2,metaal: brons,munt,1909.0,1940.0,,14.0
NZR2.00514MTL005;NZR2;metaal: koper;munt;1724.0;1766.0;;22.0;NZR2.00514MTL005,NZR2,metaal: koper,munt,1724.0,1766.0,,22.0
NZR2.00514MTL006;NZR2;metaal: brons;munt;1881.0;1881.0;;19.0;NZR2.00514MTL006,NZR2,metaal: brons,munt,1881.0,1881.0,,19.0
NZR2.00514MTL007;NZR2;metaal: koper;munt;1819.0;1877.0;;22.0;NZR2.00514MTL007,NZR2,metaal: koper,munt,1819.0,1877.0,,22.0
NZR2.00514MTL008;NZR2;metaal: koper;munt;1827.0;1827.0;;22.0;NZR2.00514MTL008,NZR2,metaal: koper,munt,1827.0,1827.0,,22.0
NZR2.00514MTL009;NZR2;metaal: zilver;munt;1681.0;1780.0;;14.0;NZR2.00514MTL009,NZR2,metaal: zilver,munt,1681.0,1780.0,,14.0
NZR2.00514MTL010;NZR2;metaal: brons;munt;1883.0;1883.0;;19.0;NZR2.00514MTL010,NZR2,metaal: brons,munt,1883.0,1883.0,,19.0
NZR2.00514MTL011;NZR2;metaal: koper;munt;1724.0;1796.0;;22.0;NZR2.00514MTL011,NZR2,metaal: koper,munt,1724.0,1796.0,,22.0
NZR2.00514MTL012;NZR2;metaal: koper;munt;1791.0;1791.0;;21.0;NZR2.00514MTL012,NZR2,metaal: koper,munt,1791.0,1791.0,,21.0
NZR2.00514MTL013;NZR2;metaal: koper;munt;1754.0;1754.0;;21.0;NZR2.00514MTL013,NZR2,metaal: koper,munt,1754.0,1754.0,,21.0
NZR2.00514MTL014;NZR2;metaal: koper;munt;1739.0;1793.0;;21.0;NZR2.00514MTL014,NZR2,metaal: koper,munt,1739.0,1793.0,,21.0
NZR2.00514MTL015;NZR2;metaal: koper;munt;1780.0;1780.0;;20.0;NZR2.00514MTL015,NZR2,metaal: koper,munt,1780.0,1780.0,,20.0
NZR2.00515MTL001;NZR2;metaal: koper;munt;1821.0;1828.0;;16.0;NZR2.00515MTL001,NZR2,metaal: koper,munt,1821.0,1828.0,,16.0
NZR2.00515MTL002;NZR2;metaal: koper;munt;1575.0;1650.0;;23.0;NZR2.00515MTL002,NZR2,metaal: koper,munt,1575.0,1650.0,,23.0
NZR2.00515MTL003;NZR2;metaal: koper;munt;1590.0;1605.0;;21.0;NZR2.00515MTL003,NZR2,metaal: koper,munt,1590.0,1605.0,,21.0
NZR2.00515MTL004;NZR2;metaal: koper;munt;1702.0;1780.0;;20.0;NZR2.00515MTL004,NZR2,metaal: koper,munt,1702.0,1780.0,,20.0
NZR2.00515MTL005;NZR2;metaal: zilver;munt;1593.0;1593.0;;26.0;NZR2.00515MTL005,NZR2,metaal: zilver,munt,1593.0,1593.0,,26.0
NZR2.00515MTL006;NZR2;metaal: zilver;munt;1350.0;1500.0;;17.0;NZR2.00515MTL006,NZR2,metaal: zilver,munt,1350.0,1500.0,,17.0
NZR2.00515MTL021;NZR2;metaal: koper;munt;1755.0;1755.0;;22.0;NZR2.00515MTL021,NZR2,metaal: koper,munt,1755.0,1755.0,,22.0
NZR2.00515MTL022;NZR2;metaal: koperlegering;munt;1736.0;1795.0;;22.0;NZR2.00515MTL022,NZR2,metaal: koperlegering,munt,1736.0,1795.0,,22.0
NZR2.00515MTL023;NZR2;metaal: zilver;munt;1893.0;1897.0;;15.0;NZR2.00515MTL023,NZR2,metaal: zilver,munt,1893.0,1897.0,,15.0
NZR2.00515MTL024;NZR2;metaal: koper;munt;1821.0;1821.0;;22.0;NZR2.00515MTL024,NZR2,metaal: koper,munt,1821.0,1821.0,,22.0
NZR2.00515MTL025;NZR2;metaal: koperlegering;munt;1450.0;1500.0;;23.5;NZR2.00515MTL025,NZR2,metaal: koperlegering,munt,1450.0,1500.0,,23.5
NZR2.00515MTL026;NZR2;metaal: koperlegering;munt;1500.0;1600.0;;18.0;NZR2.00515MTL026,NZR2,metaal: koperlegering,munt,1500.0,1600.0,,18.0
NZR2.00515MTL067;NZR2;metaal: koper;munt;1742.0;1742.0;;21.5;NZR2.00515MTL067,NZR2,metaal: koper,munt,1742.0,1742.0,,21.5
NZR2.00515MTL068;NZR2;metaal: koper;munt;1803.0;1803.0;;22.0;NZR2.00515MTL068,NZR2,metaal: koper,munt,1803.0,1803.0,,22.0
NZR2.00515MTL069;NZR2;metaal: koperlegering;munt;1662.0;1722.0;;27.0;NZR2.00515MTL069,NZR2,metaal: koperlegering,munt,1662.0,1722.0,,27.0
NZR2.00515MTL070;NZR2;metaal: brons;munt;1918.0;1918.0;;23.4;NZR2.00515MTL070,NZR2,metaal: brons,munt,1918.0,1918.0,,23.4
NZR2.00515MTL071;NZR2;metaal: koper;munt;1761.0;1761.0;;21.5;NZR2.00515MTL071,NZR2,metaal: koper,munt,1761.0,1761.0,,21.5
NZR2.00515MTL072;NZR2;metaal: koper;munt;1754.0;1754.0;;22.0;NZR2.00515MTL072,NZR2,metaal: koper,munt,1754.0,1754.0,,22.0
NZR2.00515MTL073;NZR2;metaal: koper;munt;1700.0;1800.0;;22.0;NZR2.00515MTL073,NZR2,metaal: koper,munt,1700.0,1800.0,,22.0
NZR2.00515MTL075;NZR2;metaal: koper;munt;1822.0;1822.0;;16.0;NZR2.00515MTL075,NZR2,metaal: koper,munt,1822.0,1822.0,,16.0
NZR2.00515MTL076;NZR2;metaal: koper;munt;1832.0;1832.0;;16.0;NZR2.00515MTL076,NZR2,metaal: koper,munt,1832.0,1832.0,,16.0
NZR2.00515MTL077;NZR2;metaal: koper;munt;1820.0;1820.0;;18.5;NZR2.00515MTL077,NZR2,metaal: koper,munt,1820.0,1820.0,,18.5
NZR2.00515MTL078;NZR2;metaal: koper;munt;1819.0;1819.0;;18.5;NZR2.00515MTL078,NZR2,metaal: koper,munt,1819.0,1819.0,,18.5
NZR2.00515MTL079;NZR2;metaal: brons;munt;1909.0;1940.0;;14.0;NZR2.00515MTL079,NZR2,metaal: brons,munt,1909.0,1940.0,,14.0
NZR2.00515MTL080;NZR2;metaal: koper;munt;1739.0;1794.0;;19.5;NZR2.00515MTL080,NZR2,metaal: koper,munt,1739.0,1794.0,,19.5
NZR2.00515MTL081;NZR2;metaal: aluminium-brons;munt;1975.0;1975.0;;21.0;NZR2.00515MTL081,NZR2,metaal: aluminium-brons,munt,1975.0,1975.0,,21.0
NZR2.00516MTL002;NZR2;metaal: koper;munt;1822.0;1822.0;;21.0;NZR2.00516MTL002,NZR2,metaal: koper,munt,1822.0,1822.0,,21.0
NZR2.00516MTL003;NZR2;metaal: zilver;munt;1482.0;1506.0;;19.0;NZR2.00516MTL003,NZR2,metaal: zilver,munt,1482.0,1506.0,,19.0
NZR2.00516MTL004;NZR2;metaal: koper;munt;1820.0;1825.0;;18.5;NZR2.00516MTL004,NZR2,metaal: koper,munt,1820.0,1825.0,,18.5
NZR2.00516MTL005;NZR2;metaal: koper;munt;1626.0;1626.0;;19.0;NZR2.00516MTL005,NZR2,metaal: koper,munt,1626.0,1626.0,,19.0
NZR2.00516MTL006;NZR2;metaal: koper;munt;1833.0;1919.0;;22.0;NZR2.00516MTL006,NZR2,metaal: koper,munt,1833.0,1919.0,,22.0
NZR2.00516MTL007;NZR2;metaal: brons;munt;1896.0;1896.0;;19.0;NZR2.00516MTL007,NZR2,metaal: brons,munt,1896.0,1896.0,,19.0
NZR2.00516MTL008;NZR2;metaal: koper;munt;1765.0;1765.0;;21.0;NZR2.00516MTL008,NZR2,metaal: koper,munt,1765.0,1765.0,,21.0
NZR2.00516MTL009;NZR2;metaal: koper;munt;1823.0;1823.0;;22.0;NZR2.00516MTL009,NZR2,metaal: koper,munt,1823.0,1823.0,,22.0
NZR2.00516MTL010;NZR2;metaal: koper;munt;1828.0;1828.0;;22.0;NZR2.00516MTL010,NZR2,metaal: koper,munt,1828.0,1828.0,,22.0
NZR2.00516MTL011;NZR2;metaal: brons;munt;1998.0;1998.0;;21.0;NZR2.00516MTL011,NZR2,metaal: brons,munt,1998.0,1998.0,,21.0
NZR2.00516MTL012;NZR2;metaal: koper;munt;1819.0;1819.0;;18.5;NZR2.00516MTL012,NZR2,metaal: koper,munt,1819.0,1819.0,,18.5
NZR2.00516MTL013;NZR2;metaal: koper;munt;1808.0;1808.0;;18.0;NZR2.00516MTL013,NZR2,metaal: koper,munt,1808.0,1808.0,,18.0
NZR2.00516MTL014;NZR2;metaal: koper;munt;1702.0;1780.0;;21.0;NZR2.00516MTL014,NZR2,metaal: koper,munt,1702.0,1780.0,,21.0
NZR2.00516MTL015;NZR2;metaal: koper;munt;1832.0;1832.0;;16.0;NZR2.00516MTL015,NZR2,metaal: koper,munt,1832.0,1832.0,,16.0
NZR2.00516MTL016;NZR2;metaal: koper;munt;1823.0;1823.0;;22.0;NZR2.00516MTL016,NZR2,metaal: koper,munt,1823.0,1823.0,,22.0
NZR2.00516MTL017;NZR2;metaal: koper;munt;1762.0;1762.0;;20.0;NZR2.00516MTL017,NZR2,metaal: koper,munt,1762.0,1762.0,,20.0
NZR2.00516MTL018;NZR2;metaal: koper;munt;1770.0;1772.0;;21.0;NZR2.00516MTL018,NZR2,metaal: koper,munt,1770.0,1772.0,,21.0
NZR2.00516MTL019;NZR2;metaal: koper;munt;1901.0;1901.0;;17.0;NZR2.00516MTL019,NZR2,metaal: koper,munt,1901.0,1901.0,,17.0
NZR2.00516MTL020;NZR2;metaal: koper;munt;1832.0;1832.0;;16.0;NZR2.00516MTL020,NZR2,metaal: koper,munt,1832.0,1832.0,,16.0
NZR2.00516MTL022;NZR2;metaal: brons;munt;1901.0;1901.0;;19.0;NZR2.00516MTL022,NZR2,metaal: brons,munt,1901.0,1901.0,,19.0
NZR2.00516MTL023;NZR2;metaal: zilver;munt;1727.0;1727.0;;20.0;NZR2.00516MTL023,NZR2,metaal: zilver,munt,1727.0,1727.0,,20.0
NZR2.00516MTL024;NZR2;metaal: koper;munt;1657.0;1657.0;;21.0;NZR2.00516MTL024,NZR2,metaal: koper,munt,1657.0,1657.0,,21.0
NZR2.00516MTL260;NZR2;metaal: koper;munt;1607.0;1649.0;;20.5;NZR2.00516MTL260,NZR2,metaal: koper,munt,1607.0,1649.0,,20.5
NZR2.00517MTL001;NZR2;metaal: brons;munt;1878.0;1878.0;;19.0;NZR2.00517MTL001,NZR2,metaal: brons,munt,1878.0,1878.0,,19.0
NZR2.00517MTL002;NZR2;metaal: koper;munt;1753.0;1759.0;;20.0;NZR2.00517MTL002,NZR2,metaal: koper,munt,1753.0,1759.0,,20.0
NZR2.00517MTL003;NZR2;metaal: koper;munt;1826.0;1826.0;;21.0;NZR2.00517MTL003,NZR2,metaal: koper,munt,1826.0,1826.0,,21.0
NZR2.00517MTL004;NZR2;metaal: brons;munt;1878.0;1878.0;;19.0;NZR2.00517MTL004,NZR2,metaal: brons,munt,1878.0,1878.0,,19.0
NZR2.00517MTL005;NZR2;metaal: koper;munt;1823.0;1823.0;;22.0;NZR2.00517MTL005,NZR2,metaal: koper,munt,1823.0,1823.0,,22.0
NZR2.00517MTL022;NZR2;metaal: koper;munt;1606.0;1619.0;;19.0;NZR2.00517MTL022,NZR2,metaal: koper,munt,1606.0,1619.0,,19.0
NZR2.00518MTL001;NZR2;metaal: koper;munt;1832.0;1832.0;;16.0;NZR2.00518MTL001,NZR2,metaal: koper,munt,1832.0,1832.0,,16.0
NZR2.00518MTL002;NZR2;metaal: koper;munt;1900.0;1900.0;;17.5;NZR2.00518MTL002,NZR2,metaal: koper,munt,1900.0,1900.0,,17.5
NZR2.00518MTL003;NZR2;metaal: koper;munt;1819.0;1877.0;;22.0;NZR2.00518MTL003,NZR2,metaal: koper,munt,1819.0,1877.0,,22.0
NZR2.00518MTL004;NZR2;metaal: koper;munt;1821.0;1828.0;;22.0;NZR2.00518MTL004,NZR2,metaal: koper,munt,1821.0,1828.0,,22.0
NZR2.00518MTL005;NZR2;metaal: koper;munt;1823.0;1823.0;;21.0;NZR2.00518MTL005,NZR2,metaal: koper,munt,1823.0,1823.0,,21.0
NZR2.00518MTL006;NZR2;metaal: koper;munt;1697.0;1697.0;;19.0;NZR2.00518MTL006,NZR2,metaal: koper,munt,1697.0,1697.0,,19.0
NZR2.00518MTL007;NZR2;metaal: koper;munt;1604.0;1609.0;;21.0;NZR2.00518MTL007,NZR2,metaal: koper,munt,1604.0,1609.0,,21.0
NZR2.00518MTL008;NZR2;metaal: koper;munt;1814.0;1814.0;;19.5;NZR2.00518MTL008,NZR2,metaal: koper,munt,1814.0,1814.0,,19.5
NZR2.00518MTL009;NZR2;metaal: koperlegering;munt;1500.0;1700.0;;21.0;NZR2.00518MTL009,NZR2,metaal: koperlegering,munt,1500.0,1700.0,,21.0
NZR2.00518MTL010;NZR2;metaal: koper;munt;1826.0;1826.0;;22.0;NZR2.00518MTL010,NZR2,metaal: koper,munt,1826.0,1826.0,,22.0
NZR2.00518MTL012;NZR2;metaal: brons;munt;1880.0;1880.0;;23.4;NZR2.00518MTL012,NZR2,metaal: brons,munt,1880.0,1880.0,,23.4
NZR2.00518MTL013;NZR2;metaal: koper;munt;1826.0;1826.0;;21.0;NZR2.00518MTL013,NZR2,metaal: koper,munt,1826.0,1826.0,,21.0
NZR2.00518MTL014;NZR2;metaal: koper;munt;1831.0;1831.0;;22.0;NZR2.00518MTL014,NZR2,metaal: koper,munt,1831.0,1831.0,,22.0
NZR2.00518MTL015;NZR2;metaal: koper;munt;1832.0;1832.0;;16.0;NZR2.00518MTL015,NZR2,metaal: koper,munt,1832.0,1832.0,,16.0
NZR2.00518MTL016;NZR2;metaal: brons;munt;1793.0;1793.0;;28.0;NZR2.00518MTL016,NZR2,metaal: brons,munt,1793.0,1793.0,,28.0
NZR2.00518MTL017;NZR2;metaal: koper;munt;1789.0;1789.0;;21.0;NZR2.00518MTL017,NZR2,metaal: koper,munt,1789.0,1789.0,,21.0
NZR2.00518MTL018;NZR2;metaal: brons;munt;1913.0;1941.0;;19.0;NZR2.00518MTL018,NZR2,metaal: brons,munt,1913.0,1941.0,,19.0
NZR2.00518MTL021;NZR2;metaal: koperlegering;munt;1720.0;1729.0;;19.0;NZR2.00518MTL021,NZR2,metaal: koperlegering,munt,1720.0,1729.0,,19.0
NZR2.00518MTL022;NZR2;metaal: koper;munt;1626.0;1626.0;;19.0;NZR2.00518MTL022,NZR2,metaal: koper,munt,1626.0,1626.0,,19.0
NZR2.00519MTL001;NZR2;metaal: koper;munt;1702.0;1780.0;;22.0;NZR2.00519MTL001,NZR2,metaal: koper,munt,1702.0,1780.0,,22.0
NZR2.00519MTL002;NZR2;metaal: koper;munt;1823.0;1823.0;;21.0;NZR2.00519MTL002,NZR2,metaal: koper,munt,1823.0,1823.0,,21.0
NZR2.00519MTL003;NZR2;metaal: koper;munt;1606.0;1627.0;;20.0;NZR2.00519MTL003,NZR2,metaal: koper,munt,1606.0,1627.0,,20.0
NZR2.00519MTL004;NZR2;metaal: koper;munt;1822.0;1822.0;;15.0;NZR2.00519MTL004,NZR2,metaal: koper,munt,1822.0,1822.0,,15.0
NZR2.00519MTL005;NZR2;metaal: koper;munt;1827.0;1827.0;;21.0;NZR2.00519MTL005,NZR2,metaal: koper,munt,1827.0,1827.0,,21.0
NZR2.00519MTL006;NZR2;metaal: koper;munt;1826.0;1826.0;;21.0;NZR2.00519MTL006,NZR2,metaal: koper,munt,1826.0,1826.0,,21.0
NZR2.00519MTL007;NZR2;metaal: koper;munt;1791.0;1792.0;;21.0;NZR2.00519MTL007,NZR2,metaal: koper,munt,1791.0,1792.0,,21.0
NZR2.00519MTL008;NZR2;metaal: koper;munt;1821.0;1821.0;;18.5;NZR2.00519MTL008,NZR2,metaal: koper,munt,1821.0,1821.0,,18.5
NZR2.00519MTL009;NZR2;metaal: koper;munt;1832.0;1832.0;;16.0;NZR2.00519MTL009,NZR2,metaal: koper,munt,1832.0,1832.0,,16.0
NZR2.00519MTL010;NZR2;metaal: koper;munt;1823.0;1823.0;;21.0;NZR2.00519MTL010,NZR2,metaal: koper,munt,1823.0,1823.0,,21.0
NZR2.00519MTL011;NZR2;metaal: koperlegering;munt;1999.0;1999.0;;18.75;NZR2.00519MTL011,NZR2,metaal: koperlegering,munt,1999.0,1999.0,,18.75
NZR2.00519MTL012;NZR2;metaal: koper;munt;1822.0;1822.0;;22.0;NZR2.00519MTL012,NZR2,metaal: koper,munt,1822.0,1822.0,,22.0
NZR2.00519MTL013;NZR2;metaal: koper;munt;1837.0;1837.0;;16.0;NZR2.00519MTL013,NZR2,metaal: koper,munt,1837.0,1837.0,,16.0
NZR2.00519MTL014;NZR2;metaal: koper;munt;1826.0;1826.0;;22.0;NZR2.00519MTL014,NZR2,metaal: koper,munt,1826.0,1826.0,,22.0
NZR2.00519MTL015;NZR2;metaal: koper;munt;1611.0;1615.0;;19.0;NZR2.00519MTL015,NZR2,metaal: koper,munt,1611.0,1615.0,,19.0
NZR2.00519MTL016;NZR2;metaal: koper;munt;1821.0;1821.0;;21.0;NZR2.00519MTL016,NZR2,metaal: koper,munt,1821.0,1821.0,,21.0
NZR2.00519MTL017;NZR2;metaal: koper;munt;1767.0;1767.0;;21.0;NZR2.00519MTL017,NZR2,metaal: koper,munt,1767.0,1767.0,,21.0
NZR2.00519MTL018;NZR2;metaal: koper;munt;1827.0;1827.0;;21.0;NZR2.00519MTL018,NZR2,metaal: koper,munt,1827.0,1827.0,,21.0
NZR2.00519MTL019;NZR2;metaal: koper;munt;1828.0;1828.0;;22.0;NZR2.00519MTL019,NZR2,metaal: koper,munt,1828.0,1828.0,,22.0
NZR2.00519MTL020;NZR2;metaal: zilver;munt;1683.0;1691.0;;26.0;NZR2.00519MTL020,NZR2,metaal: zilver,munt,1683.0,1691.0,,26.0
NZR2.00519MTL021;NZR2;metaal: koper;munt;1808.0;1808.0;;17.0;NZR2.00519MTL021,NZR2,metaal: koper,munt,1808.0,1808.0,,17.0
NZR2.00519MTL022;NZR2;metaal: brons;munt;1929.0;1929.0;;17.5;NZR2.00519MTL022,NZR2,metaal: brons,munt,1929.0,1929.0,,17.5
NZR2.00519MTL024;NZR2;metaal: koper;munt;1828.0;1828.0;;22.0;NZR2.00519MTL024,NZR2,metaal: koper,munt,1828.0,1828.0,,22.0
NZR2.00519MTL026;NZR2;metaal: zilver;munt;1621.0;1621.0;;21.0;NZR2.00519MTL026,NZR2,metaal: zilver,munt,1621.0,1621.0,,21.0
NZR2.00519MTL027;NZR2;metaal: koper;munt;1748.0;1748.0;;19.0;NZR2.00519MTL027,NZR2,metaal: koper,munt,1748.0,1748.0,,19.0
NZR2.00519MTL028;NZR2;metaal: koper;munt;1827.0;1827.0;;21.0;NZR2.00519MTL028,NZR2,metaal: koper,munt,1827.0,1827.0,,21.0
NZR2.00519MTL029;NZR2;metaal: koper;munt;1823.0;1823.0;;16.0;NZR2.00519MTL029,NZR2,metaal: koper,munt,1823.0,1823.0,,16.0
NZR2.00519MTL030;NZR2;metaal: koper;munt;1821.0;1829.0;;16.0;NZR2.00519MTL030,NZR2,metaal: koper,munt,1821.0,1829.0,,16.0
NZR2.00519MTL031;NZR2;metaal: koper;munt;1830.0;1830.0;;22.0;NZR2.00519MTL031,NZR2,metaal: koper,munt,1830.0,1830.0,,22.0
NZR2.00519MTL032;NZR2;metaal: koper;munt;1832.0;1832.0;;16.0;NZR2.00519MTL032,NZR2,metaal: koper,munt,1832.0,1832.0,,16.0
NZR2.00519MTL033;NZR2;metaal: koper;munt;1821.0;1828.0;;22.0;NZR2.00519MTL033,NZR2,metaal: koper,munt,1821.0,1828.0,,22.0
NZR2.00519MTL034;NZR2;metaal: koper;munt;1827.0;1827.0;;16.0;NZR2.00519MTL034,NZR2,metaal: koper,munt,1827.0,1827.0,,16.0
NZR2.00519MTL035;NZR2;metaal: brons;munt;1917.0;1917.0;;19.0;NZR2.00519MTL035,NZR2,metaal: brons,munt,1917.0,1917.0,,19.0
NZR2.00519MTL036;NZR2;metaal: koper;munt;1827.0;1827.0;;21.0;NZR2.00519MTL036,NZR2,metaal: koper,munt,1827.0,1827.0,,21.0
NZR2.00519MTL037;NZR2;metaal: koper;munt;1821.0;1821.0;;18.0;NZR2.00519MTL037,NZR2,metaal: koper,munt,1821.0,1821.0,,18.0
NZR2.00519MTL038;NZR2;metaal: koper;munt;1823.0;1823.0;;22.0;NZR2.00519MTL038,NZR2,metaal: koper,munt,1823.0,1823.0,,22.0
NZR2.00519MTL039;NZR2;metaal: zilver;munt;1614.0;1670.0;;21.0;NZR2.00519MTL039,NZR2,metaal: zilver,munt,1614.0,1670.0,,21.0
NZR2.00519MTL040;NZR2;metaal: koper;munt;1822.0;1822.0;;18.0;NZR2.00519MTL040,NZR2,metaal: koper,munt,1822.0,1822.0,,18.0
NZR2.00519MTL041;NZR2;metaal: zilver;munt;1828.0;1828.0;;18.0;NZR2.00519MTL041,NZR2,metaal: zilver,munt,1828.0,1828.0,,18.0
NZR2.00519MTL042;NZR2;metaal: koper;munt;1768.0;1768.0;;21.0;NZR2.00519MTL042,NZR2,metaal: koper,munt,1768.0,1768.0,,21.0
NZR2.00520MTL001;NZR2;metaal: koper;munt;1758.0;1758.0;;17.0;NZR2.00520MTL001,NZR2,metaal: koper,munt,1758.0,1758.0,,17.0
NZR2.00520MTL002;NZR2;metaal: koper;munt;1832.0;1832.0;;16.0;NZR2.00520MTL002,NZR2,metaal: koper,munt,1832.0,1832.0,,16.0
NZR2.00520MTL003;NZR2;metaal: koperlegering;munt;1600.0;1700.0;;18.0;NZR2.00520MTL003,NZR2,metaal: koperlegering,munt,1600.0,1700.0,,18.0
NZR2.00520MTL004;NZR2;metaal: koper;munt;1822.0;1822.0;;21.0;NZR2.00520MTL004,NZR2,metaal: koper,munt,1822.0,1822.0,,21.0
NZR2.00520MTL005;NZR2;metaal: koper;munt;1824.0;1824.0;;22.0;NZR2.00520MTL005,NZR2,metaal: koper,munt,1824.0,1824.0,,22.0
NZR2.00520MTL006;NZR2;metaal: koper;munt;1767.0;1767.0;;21.0;NZR2.00520MTL006,NZR2,metaal: koper,munt,1767.0,1767.0,,21.0
NZR2.00520MTL007;NZR2;metaal: koper;munt;1826.0;1826.0;;22.0;NZR2.00520MTL007,NZR2,metaal: koper,munt,1826.0,1826.0,,22.0
NZR2.00520MTL008;NZR2;metaal: koper;munt;1832.0;1832.0;;16.0;NZR2.00520MTL008,NZR2,metaal: koper,munt,1832.0,1832.0,,16.0
NZR2.00520MTL009;NZR2;metaal: koper;munt;1827.0;1827.0;;22.0;NZR2.00520MTL009,NZR2,metaal: koper,munt,1827.0,1827.0,,22.0
NZR2.00520MTL010;NZR2;metaal: koper;munt;1825.0;1825.0;;19.5;NZR2.00520MTL010,NZR2,metaal: koper,munt,1825.0,1825.0,,19.5
NZR2.00520MTL012;NZR2;metaal: koper;munt;1626.0;1629.0;;19.0;NZR2.00520MTL012,NZR2,metaal: koper,munt,1626.0,1629.0,,19.0
NZR2.00520MTL013;NZR2;metaal: koper;munt;1826.0;1826.0;;21.0;NZR2.00520MTL013,NZR2,metaal: koper,munt,1826.0,1826.0,,21.0
NZR2.00520MTL015;NZR2;metaal: koper;munt;1578.0;1579.0;;20.0;NZR2.00520MTL015,NZR2,metaal: koper,munt,1578.0,1579.0,,20.0
NZR2.00520MTL017;NZR2;metaal: koper;munt;1841.0;1841.0;;16.0;NZR2.00520MTL017,NZR2,metaal: koper,munt,1841.0,1841.0,,16.0
NZR2.00520MTL018;NZR2;metaal: brons;munt;1916.0;1916.0;;14.0;NZR2.00520MTL018,NZR2,metaal: brons,munt,1916.0,1916.0,,14.0
NZR2.00520MTL019;NZR2;metaal: koper;munt;1686.0;1689.0;;19.0;NZR2.00520MTL019,NZR2,metaal: koper,munt,1686.0,1689.0,,19.0
NZR2.00520MTL020;NZR2;metaal: koper;munt;1823.0;1823.0;;22.0;NZR2.00520MTL020,NZR2,metaal: koper,munt,1823.0,1823.0,,22.0
NZR2.00520MTL021;NZR2;metaal: koper;munt;1821.0;1821.0;;21.0;NZR2.00520MTL021,NZR2,metaal: koper,munt,1821.0,1821.0,,21.0
NZR2.00520MTL022;NZR2;metaal: brons;munt;1918.0;1918.0;;19.0;NZR2.00520MTL022,NZR2,metaal: brons,munt,1918.0,1918.0,,19.0
NZR2.00520MTL023;NZR2;metaal: koper;munt;1826.0;1826.0;;21.0;NZR2.00520MTL023,NZR2,metaal: koper,munt,1826.0,1826.0,,21.0
NZR2.00520MTL024;NZR2;metaal: koper;munt;1832.0;1832.0;;16.0;NZR2.00520MTL024,NZR2,metaal: koper,munt,1832.0,1832.0,,16.0
NZR2.00520MTL026;NZR2;metaal: koper;munt;1822.0;1822.0;;16.0;NZR2.00520MTL026,NZR2,metaal: koper,munt,1822.0,1822.0,,16.0
NZR2.00520MTL027;NZR2;metaal: koper;munt;1827.0;1827.0;;16.0;NZR2.00520MTL027,NZR2,metaal: koper,munt,1827.0,1827.0,,16.0
NZR2.00520MTL028;NZR2;metaal: koper;munt;1827.0;1827.0;;22.0;NZR2.00520MTL028,NZR2,metaal: koper,munt,1827.0,1827.0,,22.0
NZR2.00521MTL001;NZR2;metaal: koper;munt;1826.0;1826.0;;21.0;NZR2.00521MTL001,NZR2,metaal: koper,munt,1826.0,1826.0,,21.0
NZR2.00521MTL002;NZR2;metaal: zilver;munt;1863.0;1863.0;;15.0;NZR2.00521MTL002,NZR2,metaal: zilver,munt,1863.0,1863.0,,15.0
NZR2.00521MTL004;NZR2;metaal: brons;munt;1878.0;1878.0;;19.0;NZR2.00521MTL004,NZR2,metaal: brons,munt,1878.0,1878.0,,19.0
NZR2.00521MTL005;NZR2;metaal: koper;munt;1837.0;1837.0;;16.0;NZR2.00521MTL005,NZR2,metaal: koper,munt,1837.0,1837.0,,16.0
NZR2.00521MTL006;NZR2;metaal: brons;munt;1919.0;1919.0;;19.0;NZR2.00521MTL006,NZR2,metaal: brons,munt,1919.0,1919.0,,19.0
NZR2.00521MTL007;NZR2;metaal: koper;munt;1604.0;1627.0;;22.0;NZR2.00521MTL007,NZR2,metaal: koper,munt,1604.0,1627.0,,22.0
NZR2.00521MTL008;NZR2;metaal: koper;munt;1821.0;1821.0;;22.0;NZR2.00521MTL008,NZR2,metaal: koper,munt,1821.0,1821.0,,22.0
NZR2.00521MTL009;NZR2;metaal: zilver;munt;1884.0;1884.0;;15.0;NZR2.00521MTL009,NZR2,metaal: zilver,munt,1884.0,1884.0,,15.0
NZR2.00521MTL010;NZR2;metaal: koper;munt;1822.0;1822.0;;21.0;NZR2.00521MTL010,NZR2,metaal: koper,munt,1822.0,1822.0,,21.0
NZR2.00521MTL011;NZR2;metaal: koper;munt;1826.0;1826.0;;22.0;NZR2.00521MTL011,NZR2,metaal: koper,munt,1826.0,1826.0,,22.0
NZR2.00521MTL012;NZR2;metaal: koper;munt;1823.0;1823.0;;21.0;NZR2.00521MTL012,NZR2,metaal: koper,munt,1823.0,1823.0,,21.0
NZR2.00521MTL013;NZR2;metaal: koper;munt;1764.0;1764.0;;16.0;NZR2.00521MTL013,NZR2,metaal: koper,munt,1764.0,1764.0,,16.0
NZR2.00521MTL014;NZR2;metaal: koper;munt;1659.0;1659.0;;21.0;NZR2.00521MTL014,NZR2,metaal: koper,munt,1659.0,1659.0,,21.0
NZR2.00521MTL015;NZR2;metaal: brons;munt;1891.0;1891.0;;14.0;NZR2.00521MTL015,NZR2,metaal: brons,munt,1891.0,1891.0,,14.0
NZR2.00521MTL016;NZR2;metaal: koper;munt;1697.0;1697.0;;19.0;NZR2.00521MTL016,NZR2,metaal: koper,munt,1697.0,1697.0,,19.0
NZR2.00521MTL017;NZR2;metaal: brons;munt;1878.0;1878.0;;19.0;NZR2.00521MTL017,NZR2,metaal: brons,munt,1878.0,1878.0,,19.0
NZR2.00521MTL018;NZR2;metaal: koper;munt;1823.0;1823.0;;22.0;NZR2.00521MTL018,NZR2,metaal: koper,munt,1823.0,1823.0,,22.0
NZR2.00521MTL019;NZR2;metaal: koper;munt;1827.0;1827.0;;21.0;NZR2.00521MTL019,NZR2,metaal: koper,munt,1827.0,1827.0,,21.0
NZR2.00521MTL020;NZR2;metaal: zilver;munt;1680.0;1795.0;;33.0;NZR2.00521MTL020,NZR2,metaal: zilver,munt,1680.0,1795.0,,33.0
NZR2.00521MTL021;NZR2;metaal: koper;munt;1763.0;1763.0;;20.0;NZR2.00521MTL021,NZR2,metaal: koper,munt,1763.0,1763.0,,20.0
NZR2.00521MTL022;NZR2;metaal: koper;munt;1823.0;1823.0;;22.0;NZR2.00521MTL022,NZR2,metaal: koper,munt,1823.0,1823.0,,22.0
NZR2.00521MTL023;NZR2;metaal: koper;munt;1662.0;1694.0;;20.0;NZR2.00521MTL023,NZR2,metaal: koper,munt,1662.0,1694.0,,20.0
NZR2.00521MTL024;NZR2;metaal: koper;munt;1841.0;1841.0;;16.0;NZR2.00521MTL024,NZR2,metaal: koper,munt,1841.0,1841.0,,16.0
NZR2.00521MTL082;NZR2;metaal: koper;munt;1831.0;1831.0;;22.0;NZR2.00521MTL082,NZR2,metaal: koper,munt,1831.0,1831.0,,22.0
NZR2.00522MTL001;NZR2;metaal: koper;munt;1832.0;1832.0;;16.0;NZR2.00522MTL001,NZR2,metaal: koper,munt,1832.0,1832.0,,16.0
NZR2.00522MTL002;NZR2;metaal: koper;munt;1821.0;1821.0;;18.0;NZR2.00522MTL002,NZR2,metaal: koper,munt,1821.0,1821.0,,18.0
NZR2.00522MTL003;NZR2;metaal: koperlegering;munt;1600.0;1700.0;;21.0;NZR2.00522MTL003,NZR2,metaal: koperlegering,munt,1600.0,1700.0,,21.0
NZR2.00522MTL004;NZR2;metaal: zilver;munt;1600.0;1600.0;;20.0;NZR2.00522MTL004,NZR2,metaal: zilver,munt,1600.0,1600.0,,20.0
NZR2.00522MTL005;NZR2;metaal: koperlegering;munt;1600.0;1800.0;;21.0;NZR2.00522MTL005,NZR2,metaal: koperlegering,munt,1600.0,1800.0,,21.0
NZR2.00522MTL007;NZR2;metaal: koper;munt;1783.0;1783.0;;23.0;NZR2.00522MTL007,NZR2,metaal: koper,munt,1783.0,1783.0,,23.0
NZR2.00522MTL008;NZR2;metaal: koper;munt;1766.0;1766.0;;21.0;NZR2.00522MTL008,NZR2,metaal: koper,munt,1766.0,1766.0,,21.0
NZR2.00522MTL009;NZR2;metaal: koper;munt;1628.0;1628.0;;20.0;NZR2.00522MTL009,NZR2,metaal: koper,munt,1628.0,1628.0,,20.0
NZR2.00522MTL010;NZR2;metaal: koper;munt;1619.0;1635.0;;21.0;NZR2.00522MTL010,NZR2,metaal: koper,munt,1619.0,1635.0,,21.0
NZR2.00522MTL011;NZR2;metaal: brons;munt;1878.0;1878.0;;19.0;NZR2.00522MTL011,NZR2,metaal: brons,munt,1878.0,1878.0,,19.0
NZR2.00522MTL012;NZR2;metaal: koper;munt;1821.0;1828.0;;16.0;NZR2.00522MTL012,NZR2,metaal: koper,munt,1821.0,1828.0,,16.0
NZR2.00522MTL013;NZR2;metaal: koper;munt;1819.0;1877.0;;16.0;NZR2.00522MTL013,NZR2,metaal: koper,munt,1819.0,1877.0,,16.0
NZR2.00522MTL014;NZR2;metaal: koper;munt;1845.0;1845.0;;16.5;NZR2.00522MTL014,NZR2,metaal: koper,munt,1845.0,1845.0,,16.5
NZR2.00522MTL015;NZR2;metaal: koper;munt;1821.0;1821.0;;18.5;NZR2.00522MTL015,NZR2,metaal: koper,munt,1821.0,1821.0,,18.5
NZR2.00522MTL016;NZR2;metaal: koper;munt;1821.0;1828.0;;22.0;NZR2.00522MTL016,NZR2,metaal: koper,munt,1821.0,1828.0,,22.0
NZR2.00522MTL017;NZR2;metaal: koper;munt;1821.0;1829.0;;16.0;NZR2.00522MTL017,NZR2,metaal: koper,munt,1821.0,1829.0,,16.0
NZR2.00522MTL018;NZR2;metaal: koper;munt;1826.0;1826.0;;21.0;NZR2.00522MTL018,NZR2,metaal: koper,munt,1826.0,1826.0,,21.0
NZR2.00522MTL019;NZR2;metaal: koper;munt;1827.0;1827.0;;16.0;NZR2.00522MTL019,NZR2,metaal: koper,munt,1827.0,1827.0,,16.0
NZR2.00522MTL020;NZR2;metaal: koper;munt;1666.0;1666.0;;21.0;NZR2.00522MTL020,NZR2,metaal: koper,munt,1666.0,1666.0,,21.0
NZR2.00522MTL021;NZR2;metaal: koper;munt;1660.0;1660.0;;20.0;NZR2.00522MTL021,NZR2,metaal: koper,munt,1660.0,1660.0,,20.0
NZR2.00522MTL022;NZR2;metaal: koper;munt;1600.0;1604.0;;21.0;NZR2.00522MTL022,NZR2,metaal: koper,munt,1600.0,1604.0,,21.0
NZR2.00522MTL023;NZR2;metaal: koper;munt;1822.0;1822.0;;21.0;NZR2.00522MTL023,NZR2,metaal: koper,munt,1822.0,1822.0,,21.0
NZR2.00522MTL024;NZR2;metaal: koper;munt;1832.0;1832.0;;16.0;NZR2.00522MTL024,NZR2,metaal: koper,munt,1832.0,1832.0,,16.0
NZR2.00523MTL001;NZR2;metaal: koperlegering;munt;1600.0;1700.0;;25.0;NZR2.00523MTL001,NZR2,metaal: koperlegering,munt,1600.0,1700.0,,25.0
NZR2.00523MTL002;NZR2;metaal: koper;munt;1620.0;1648.0;;22.0;NZR2.00523MTL002,NZR2,metaal: koper,munt,1620.0,1648.0,,22.0
NZR2.00523MTL003;NZR2;metaal: koper;munt;1574.0;1579.0;;26.0;NZR2.00523MTL003,NZR2,metaal: koper,munt,1574.0,1579.0,,26.0
NZR2.00523MTL004;NZR2;metaal: koper;munt;1828.0;1828.0;;22.0;NZR2.00523MTL004,NZR2,metaal: koper,munt,1828.0,1828.0,,22.0
NZR2.00523MTL005;NZR2;metaal: koper;munt;1823.0;1823.0;;21.0;NZR2.00523MTL005,NZR2,metaal: koper,munt,1823.0,1823.0,,21.0
NZR2.00523MTL006;NZR2;metaal: koper;munt;1819.0;1819.0;;18.5;NZR2.00523MTL006,NZR2,metaal: koper,munt,1819.0,1819.0,,18.5
NZR2.00523MTL007;NZR2;metaal: brons;munt;1896.0;1896.0;;19.0;NZR2.00523MTL007,NZR2,metaal: brons,munt,1896.0,1896.0,,19.0
NZR2.00523MTL008;NZR2;metaal: koper;munt;1832.0;1832.0;;16.0;NZR2.00523MTL008,NZR2,metaal: koper,munt,1832.0,1832.0,,16.0
NZR2.00523MTL009;NZR2;metaal: koper;munt;1861.0;1861.0;;22.0;NZR2.00523MTL009,NZR2,metaal: koper,munt,1861.0,1861.0,,22.0
NZR2.00523MTL010;NZR2;metaal: koperlegering;munt;1600.0;1800.0;;21.0;NZR2.00523MTL010,NZR2,metaal: koperlegering,munt,1600.0,1800.0,,21.0
NZR2.00523MTL011;NZR2;metaal: koperlegering;munt;1600.0;1800.0;;23.0;NZR2.00523MTL011,NZR2,metaal: koperlegering,munt,1600.0,1800.0,,23.0
NZR2.00523MTL012;NZR2;metaal: koper;munt;1637.0;1637.0;;19.0;NZR2.00523MTL012,NZR2,metaal: koper,munt,1637.0,1637.0,,19.0
NZR2.00523MTL013;NZR2;metaal: koper;munt;1827.0;1827.0;;21.0;NZR2.00523MTL013,NZR2,metaal: koper,munt,1827.0,1827.0,,21.0
NZR2.00523MTL014;NZR2;metaal: zilver;munt;1614.0;1699.0;;20.0;NZR2.00523MTL014,NZR2,metaal: zilver,munt,1614.0,1699.0,,20.0
NZR2.00523MTL016;NZR2;metaal: zilver;munt;1671.0;1694.0;;27.0;NZR2.00523MTL016,NZR2,metaal: zilver,munt,1671.0,1694.0,,27.0
NZR2.00523MTL017;NZR2;metaal: zilver;munt;1671.0;1696.0;;27.0;NZR2.00523MTL017,NZR2,metaal: zilver,munt,1671.0,1696.0,,27.0
NZR2.00523MTL018;NZR2;metaal: koper;munt;1628.0;1628.0;;21.0;NZR2.00523MTL018,NZR2,metaal: koper,munt,1628.0,1628.0,,21.0
NZR2.00523MTL019;NZR2;metaal: koper;munt;1788.0;1788.0;;20.0;NZR2.00523MTL019,NZR2,metaal: koper,munt,1788.0,1788.0,,20.0
NZR2.00523MTL020;NZR2;metaal: brons;munt;1920.0;1920.0;;19.0;NZR2.00523MTL020,NZR2,metaal: brons,munt,1920.0,1920.0,,19.0
NZR2.00523MTL021;NZR2;metaal: koper;munt;1640.0;1649.0;;20.0;NZR2.00523MTL021,NZR2,metaal: koper,munt,1640.0,1649.0,,20.0
NZR2.00523MTL022;NZR2;metaal: koper;munt;1821.0;1821.0;;21.0;NZR2.00523MTL022,NZR2,metaal: koper,munt,1821.0,1821.0,,21.0
NZR2.00523MTL023;NZR2;metaal: koper;munt;1837.0;1837.0;;22.0;NZR2.00523MTL023,NZR2,metaal: koper,munt,1837.0,1837.0,,22.0
NZR2.00523MTL024;NZR2;metaal: brons;munt;1906.0;1906.0;;23.4;NZR2.00523MTL024,NZR2,metaal: brons,munt,1906.0,1906.0,,23.4
NZR2.00523MTL025;NZR2;metaal: koper;munt;1702.0;1702.0;;21.0;NZR2.00523MTL025,NZR2,metaal: koper,munt,1702.0,1702.0,,21.0
NZR2.00523MTL026;NZR2;metaal: koper;munt;1819.0;1877.0;;22.0;NZR2.00523MTL026,NZR2,metaal: koper,munt,1819.0,1877.0,,22.0
NZR2.00523MTL027;NZR2;metaal: koper;munt;1833.0;1865.0;;22.0;NZR2.00523MTL027,NZR2,metaal: koper,munt,1833.0,1865.0,,22.0
NZR2.00523MTL029;NZR2;metaal: koper;munt;1688.0;1688.0;;20.0;NZR2.00523MTL029,NZR2,metaal: koper,munt,1688.0,1688.0,,20.0
NZR2.00523MTL030;NZR2;metaal: brons;munt;1909.0;1940.0;;14.0;NZR2.00523MTL030,NZR2,metaal: brons,munt,1909.0,1940.0,,14.0
NZR2.00523MTL031;NZR2;metaal: brons;munt;1881.0;1881.0;;19.0;NZR2.00523MTL031,NZR2,metaal: brons,munt,1881.0,1881.0,,19.0
NZR2.00523MTL032;NZR2;metaal: brons;munt;1878.0;1878.0;;19.0;NZR2.00523MTL032,NZR2,metaal: brons,munt,1878.0,1878.0,,19.0
NZR2.00523MTL033;NZR2;metaal: koper;munt;1821.0;1829.0;;16.0;NZR2.00523MTL033,NZR2,metaal: koper,munt,1821.0,1829.0,,16.0
NZR2.00523MTL034;NZR2;metaal: koper;munt;1792.0;1792.0;;20.0;NZR2.00523MTL034,NZR2,metaal: koper,munt,1792.0,1792.0,,20.0
NZR2.00523MTL035;NZR2;metaal: koper;munt;1604.0;1605.0;;22.0;NZR2.00523MTL035,NZR2,metaal: koper,munt,1604.0,1605.0,,22.0
NZR2.00523MTL077;NZR2;metaal: zilver;munt;1592.0;1612.0;;29.0;NZR2.00523MTL077,NZR2,metaal: zilver,munt,1592.0,1612.0,,29.0
NZR2.00523MTL078;NZR2;metaal: brons;munt;1912.0;1912.0;;14.0;NZR2.00523MTL078,NZR2,metaal: brons,munt,1912.0,1912.0,,14.0
NZR2.00524MTL001;NZR2;metaal: koper;munt;1820.0;1829.0;;17.0;NZR2.00524MTL001,NZR2,metaal: koper,munt,1820.0,1829.0,,17.0
NZR2.00524MTL002;NZR2;metaal: koper;munt;1692.0;1692.0;;19.0;NZR2.00524MTL002,NZR2,metaal: koper,munt,1692.0,1692.0,,19.0
NZR2.00524MTL003;NZR2;metaal: koper;munt;1826.0;1826.0;;22.0;NZR2.00524MTL003,NZR2,metaal: koper,munt,1826.0,1826.0,,22.0
NZR2.00524MTL004;NZR2;metaal: koper;munt;1636.0;1650.0;;24.0;NZR2.00524MTL004,NZR2,metaal: koper,munt,1636.0,1650.0,,24.0
NZR2.00524MTL005;NZR2;metaal: messing;munt;1600.0;1800.0;;20.0;NZR2.00524MTL005,NZR2,metaal: messing,munt,1600.0,1800.0,,20.0
NZR2.00524MTL006;NZR2;metaal: brons;munt;1904.0;1904.0;;19.0;NZR2.00524MTL006,NZR2,metaal: brons,munt,1904.0,1904.0,,19.0
NZR2.00524MTL008;NZR2;metaal: koper;munt;1600.0;1700.0;;19.0;NZR2.00524MTL008,NZR2,metaal: koper,munt,1600.0,1700.0,,19.0
NZR2.00524MTL009;NZR2;metaal: koper;munt;1781.0;1781.0;;20.0;NZR2.00524MTL009,NZR2,metaal: koper,munt,1781.0,1781.0,,20.0
NZR2.00524MTL010;NZR2;metaal: koper;munt;1671.0;1671.0;;20.0;NZR2.00524MTL010,NZR2,metaal: koper,munt,1671.0,1671.0,,20.0
NZR2.00524MTL011;NZR2;metaal: koper;munt;1690.0;1690.0;;19.0;NZR2.00524MTL011,NZR2,metaal: koper,munt,1690.0,1690.0,,19.0
NZR2.00524MTL012;NZR2;metaal: koper;munt;1500.0;1600.0;;25.0;NZR2.00524MTL012,NZR2,metaal: koper,munt,1500.0,1600.0,,25.0
NZR2.00524MTL013;NZR2;metaal: koper;munt;1837.0;1837.0;;16.0;NZR2.00524MTL013,NZR2,metaal: koper,munt,1837.0,1837.0,,16.0
NZR2.00524MTL047;NZR2;metaal: brons;munt;1903.0;1903.0;;14.0;NZR2.00524MTL047,NZR2,metaal: brons,munt,1903.0,1903.0,,14.0
NZR2.00524MTL228;NZR2;metaal: koper;munt;1819.0;1819.0;;18.5;NZR2.00524MTL228,NZR2,metaal: koper,munt,1819.0,1819.0,,18.5
NZR2.00525MTL001;NZR2;metaal: koper;munt;1574.0;1579.0;;23.0;NZR2.00525MTL001,NZR2,metaal: koper,munt,1574.0,1579.0,,23.0
NZR2.00525MTL002;NZR2;metaal: koper;munt;1792.0;1796.0;;22.0;NZR2.00525MTL002,NZR2,metaal: koper,munt,1792.0,1796.0,,22.0
NZR2.00525MTL003;NZR2;metaal: koper;munt;1823.0;1823.0;;21.0;NZR2.00525MTL003,NZR2,metaal: koper,munt,1823.0,1823.0,,21.0
NZR2.00525MTL004;NZR2;metaal: koper;munt;1739.0;1739.0;;21.0;NZR2.00525MTL004,NZR2,metaal: koper,munt,1739.0,1739.0,,21.0
NZR2.00525MTL005;NZR2;metaal: koper;munt;1823.0;1823.0;;21.0;NZR2.00525MTL005,NZR2,metaal: koper,munt,1823.0,1823.0,,21.0
NZR2.00525MTL006;NZR2;metaal: koper;munt;1875.0;1875.0;;22.0;NZR2.00525MTL006,NZR2,metaal: koper,munt,1875.0,1875.0,,22.0
NZR2.00525MTL007;NZR2;metaal: brons;munt;1982.0;1982.0;;21.0;NZR2.00525MTL007,NZR2,metaal: brons,munt,1982.0,1982.0,,21.0
NZR2.00525MTL008;NZR2;metaal: brons;munt;1911.0;1911.0;;14.0;NZR2.00525MTL008,NZR2,metaal: brons,munt,1911.0,1911.0,,14.0
NZR2.00525MTL009;NZR2;metaal: koper;munt;1837.0;1837.0;;22.0;NZR2.00525MTL009,NZR2,metaal: koper,munt,1837.0,1837.0,,22.0
NZR2.00525MTL010;NZR2;metaal: koper;munt;1819.0;1877.0;;22.0;NZR2.00525MTL010,NZR2,metaal: koper,munt,1819.0,1877.0,,22.0
NZR2.00525MTL011;NZR2;metaal: koper;munt;1823.0;1823.0;;21.0;NZR2.00525MTL011,NZR2,metaal: koper,munt,1823.0,1823.0,,21.0
NZR2.00525MTL012;NZR2;metaal: brons;munt;1917.0;1917.0;;19.0;NZR2.00525MTL012,NZR2,metaal: brons,munt,1917.0,1917.0,,19.0
NZR2.00525MTL013;NZR2;metaal: koper;munt;1829.0;1829.0;;16.0;NZR2.00525MTL013,NZR2,metaal: koper,munt,1829.0,1829.0,,16.0
NZR2.00525MTL014;NZR2;metaal: koper;munt;1702.0;1702.0;;22.0;NZR2.00525MTL014,NZR2,metaal: koper,munt,1702.0,1702.0,,22.0
NZR2.00525MTL016;NZR2;metaal: koper-nikkel;munt;1913.0;1913.0;;18.0;NZR2.00525MTL016,NZR2,metaal: koper-nikkel,munt,1913.0,1913.0,,18.0
NZR2.00525MTL017;NZR2;metaal: koper;munt;1821.0;1821.0;;21.0;NZR2.00525MTL017,NZR2,metaal: koper,munt,1821.0,1821.0,,21.0
NZR2.00525MTL020;NZR2;metaal: koperlegering;munt;1575.0;1700.0;;20.0;NZR2.00525MTL020,NZR2,metaal: koperlegering,munt,1575.0,1700.0,,20.0
NZR2.00525MTL021;NZR2;metaal: koper;munt;1822.0;1822.0;;17.0;NZR2.00525MTL021,NZR2,metaal: koper,munt,1822.0,1822.0,,17.0
NZR2.00525MTL022;NZR2;metaal: koper;munt;1837.0;1837.0;;16.0;NZR2.00525MTL022,NZR2,metaal: koper,munt,1837.0,1837.0,,16.0
NZR2.00525MTL023;NZR2;metaal: koper;munt;1695.0;1695.0;;18.0;NZR2.00525MTL023,NZR2,metaal: koper,munt,1695.0,1695.0,,18.0
NZR2.00525MTL024;NZR2;metaal: koper;munt;1826.0;1826.0;;21.0;NZR2.00525MTL024,NZR2,metaal: koper,munt,1826.0,1826.0,,21.0
NZR2.00525MTL025;NZR2;metaal: koper;munt;1620.0;1627.0;;19.0;NZR2.00525MTL025,NZR2,metaal: koper,munt,1620.0,1627.0,,19.0
NZR2.00525MTL026;NZR2;metaal: koper;munt;1702.0;1702.0;;27.0;NZR2.00525MTL026,NZR2,metaal: koper,munt,1702.0,1702.0,,27.0
NZR2.00525MTL027;NZR2;metaal: koper;munt;1826.0;1826.0;;22.0;NZR2.00525MTL027,NZR2,metaal: koper,munt,1826.0,1826.0,,22.0
NZR2.00525MTL028;NZR2;metaal: koper;munt;1664.0;1664.0;;23.0;NZR2.00525MTL028,NZR2,metaal: koper,munt,1664.0,1664.0,,23.0
NZR2.00525MTL029;NZR2;metaal: brons;munt;1914.0;1914.0;;19.0;NZR2.00525MTL029,NZR2,metaal: brons,munt,1914.0,1914.0,,19.0
NZR2.00525MTL030;NZR2;metaal: koper;munt;1837.0;1837.0;;16.0;NZR2.00525MTL030,NZR2,metaal: koper,munt,1837.0,1837.0,,16.0
NZR2.00525MTL031;NZR2;metaal: zilver;munt;1623.0;1623.0;;16.0;NZR2.00525MTL031,NZR2,metaal: zilver,munt,1623.0,1623.0,,16.0
NZR2.00525MTL032;NZR2;metaal: zilver;munt;1614.0;1734.0;;19.5;NZR2.00525MTL032,NZR2,metaal: zilver,munt,1614.0,1734.0,,19.5
NZR2.00525MTL036;NZR2;metaal: koper;munt;1600.0;1700.0;;19.0;NZR2.00525MTL036,NZR2,metaal: koper,munt,1600.0,1700.0,,19.0
NZR2.00525MTL037;NZR2;metaal: koper;munt;1821.0;1828.0;;16.0;NZR2.00525MTL037,NZR2,metaal: koper,munt,1821.0,1828.0,,16.0
NZR2.00525MTL039;NZR2;metaal: koper;munt;1837.0;1837.0;;16.0;NZR2.00525MTL039,NZR2,metaal: koper,munt,1837.0,1837.0,,16.0
NZR2.00525MTL040;NZR2;metaal: koper;munt;1837.0;1837.0;;16.0;NZR2.00525MTL040,NZR2,metaal: koper,munt,1837.0,1837.0,,16.0
NZR2.00525MTL041;NZR2;metaal: koper;munt;1821.0;1828.0;;16.0;NZR2.00525MTL041,NZR2,metaal: koper,munt,1821.0,1828.0,,16.0
NZR2.00525MTL042;NZR2;metaal: koper;munt;1832.0;1832.0;;16.0;NZR2.00525MTL042,NZR2,metaal: koper,munt,1832.0,1832.0,,16.0
NZR2.00525MTL043;NZR2;metaal: zilver;munt;1917.0;1917.0;;15.0;NZR2.00525MTL043,NZR2,metaal: zilver,munt,1917.0,1917.0,,15.0
NZR2.00525MTL044;NZR2;metaal: brons;munt;1902.0;1902.0;;19.0;NZR2.00525MTL044,NZR2,metaal: brons,munt,1902.0,1902.0,,19.0
NZR2.00525MTL045;NZR2;metaal: koper;munt;1702.0;1780.0;;20.0;NZR2.00525MTL045,NZR2,metaal: koper,munt,1702.0,1780.0,,20.0
NZR2.00525MTL046;NZR2;metaal: koper;munt;1826.0;1826.0;;22.0;NZR2.00525MTL046,NZR2,metaal: koper,munt,1826.0,1826.0,,22.0
NZR2.00525MTL047;NZR2;metaal: koper;munt;1826.0;1826.0;;21.0;NZR2.00525MTL047,NZR2,metaal: koper,munt,1826.0,1826.0,,21.0
NZR2.00525MTL048;NZR2;metaal: koper;munt;1826.0;1826.0;;21.0;NZR2.00525MTL048,NZR2,metaal: koper,munt,1826.0,1826.0,,21.0
NZR2.00525MTL049;NZR2;metaal: koper;munt;1871.0;1871.0;;24.0;NZR2.00525MTL049,NZR2,metaal: koper,munt,1871.0,1871.0,,24.0
NZR2.00525MTL051;NZR2;metaal: koper;munt;1821.0;1821.0;;21.0;NZR2.00525MTL051,NZR2,metaal: koper,munt,1821.0,1821.0,,21.0
NZR2.00525MTL053;NZR2;metaal: koper;munt;1837.0;1837.0;;16.0;NZR2.00525MTL053,NZR2,metaal: koper,munt,1837.0,1837.0,,16.0
NZR2.00525MTL054;NZR2;metaal: zilver;munt;1890.0;1890.0;;15.0;NZR2.00525MTL054,NZR2,metaal: zilver,munt,1890.0,1890.0,,15.0
NZR2.00525MTL055;NZR2;metaal: koper;munt;1783.0;1783.0;;20.0;NZR2.00525MTL055,NZR2,metaal: koper,munt,1783.0,1783.0,,20.0
NZR2.00525MTL056;NZR2;metaal: koper;munt;1819.0;1877.0;;16.0;NZR2.00525MTL056,NZR2,metaal: koper,munt,1819.0,1877.0,,16.0
NZR2.00525MTL057;NZR2;metaal: koper;munt;1827.0;1827.0;;21.0;NZR2.00525MTL057,NZR2,metaal: koper,munt,1827.0,1827.0,,21.0
NZR2.00525MTL103;NZR2;metaal: koper;munt;1823.0;1823.0;;22.0;NZR2.00525MTL103,NZR2,metaal: koper,munt,1823.0,1823.0,,22.0
NZR2.00525MTL104;NZR2;metaal: koper;munt;1828.0;1828.0;;22.0;NZR2.00525MTL104,NZR2,metaal: koper,munt,1828.0,1828.0,,22.0
NZR2.00526MTL001;NZR2;metaal: brons;munt;1880.0;1880.0;;19.0;NZR2.00526MTL001,NZR2,metaal: brons,munt,1880.0,1880.0,,19.0
NZR2.00526MTL002;NZR2;metaal: koper;munt;1741.0;1769.0;;21.0;NZR2.00526MTL002,NZR2,metaal: koper,munt,1741.0,1769.0,,21.0
NZR2.00526MTL003;NZR2;metaal: koper;munt;1819.0;1877.0;;22.0;NZR2.00526MTL003,NZR2,metaal: koper,munt,1819.0,1877.0,,22.0
NZR2.00526MTL004;NZR2;metaal: brons;munt;1915.0;1915.0;;19.0;NZR2.00526MTL004,NZR2,metaal: brons,munt,1915.0,1915.0,,19.0
NZR2.00526MTL005;NZR2;metaal: koper;munt;1823.0;1823.0;;22.0;NZR2.00526MTL005,NZR2,metaal: koper,munt,1823.0,1823.0,,22.0
NZR2.00526MTL006;NZR2;metaal: brons;munt;1919.0;1919.0;;19.0;NZR2.00526MTL006,NZR2,metaal: brons,munt,1919.0,1919.0,,19.0
NZR2.00526MTL007;NZR2;metaal: koper;munt;1875.0;1875.0;;17.5;NZR2.00526MTL007,NZR2,metaal: koper,munt,1875.0,1875.0,,17.5
NZR2.00526MTL008;NZR2;metaal: brons;munt;1930.0;1930.0;;14.0;NZR2.00526MTL008,NZR2,metaal: brons,munt,1930.0,1930.0,,14.0
NZR2.00526MTL009;NZR2;metaal: brons;munt;1929.0;1929.0;;19.0;NZR2.00526MTL009,NZR2,metaal: brons,munt,1929.0,1929.0,,19.0
NZR2.00526MTL010;NZR2;metaal: brons;munt;1916.0;1916.0;;19.0;NZR2.00526MTL010,NZR2,metaal: brons,munt,1916.0,1916.0,,19.0
NZR2.00526MTL011;NZR2;metaal: koper;munt;1826.0;1826.0;;22.0;NZR2.00526MTL011,NZR2,metaal: koper,munt,1826.0,1826.0,,22.0
NZR2.00526MTL012;NZR2;metaal: koper;munt;1827.0;1827.0;;21.0;NZR2.00526MTL012,NZR2,metaal: koper,munt,1827.0,1827.0,,21.0
NZR2.00526MTL013;NZR2;metaal: koper;munt;1832.0;1832.0;;16.0;NZR2.00526MTL013,NZR2,metaal: koper,munt,1832.0,1832.0,,16.0
NZR2.00526MTL014;NZR2;metaal: koper;munt;1833.0;1909.0;;22.0;NZR2.00526MTL014,NZR2,metaal: koper,munt,1833.0,1909.0,,22.0
NZR2.00526MTL015;NZR2;metaal: koper;munt;1786.0;1786.0;;21.0;NZR2.00526MTL015,NZR2,metaal: koper,munt,1786.0,1786.0,,21.0
NZR2.00526MTL017;NZR2;metaal: koper;munt;1617.0;1637.0;;19.0;NZR2.00526MTL017,NZR2,metaal: koper,munt,1617.0,1637.0,,19.0
NZR2.00526MTL019;NZR2;metaal: koper;munt;1837.0;1837.0;;22.0;NZR2.00526MTL019,NZR2,metaal: koper,munt,1837.0,1837.0,,22.0
NZR2.00526MTL020;NZR2;metaal: koper;munt;1741.0;1741.0;;21.0;NZR2.00526MTL020,NZR2,metaal: koper,munt,1741.0,1741.0,,21.0
NZR2.00526MTL021;NZR2;metaal: koper;munt;1827.0;1827.0;;21.0;NZR2.00526MTL021,NZR2,metaal: koper,munt,1827.0,1827.0,,21.0
NZR2.00526MTL022;NZR2;metaal: koper;munt;1719.0;1719.0;;28.0;NZR2.00526MTL022,NZR2,metaal: koper,munt,1719.0,1719.0,,28.0
NZR2.00526MTL024;NZR2;metaal: koper;munt;1598.0;1621.0;;25.0;NZR2.00526MTL024,NZR2,metaal: koper,munt,1598.0,1621.0,,25.0
NZR2.00526MTL025;NZR2;metaal: koper;munt;1639.0;1639.0;;18.0;NZR2.00526MTL025,NZR2,metaal: koper,munt,1639.0,1639.0,,18.0
NZR2.00526MTL026;NZR2;metaal: koper;munt;1783.0;1783.0;;21.0;NZR2.00526MTL026,NZR2,metaal: koper,munt,1783.0,1783.0,,21.0
NZR2.00526MTL028;NZR2;metaal: koper;munt;1819.0;1819.0;;18.0;NZR2.00526MTL028,NZR2,metaal: koper,munt,1819.0,1819.0,,18.0
NZR2.00526MTL029;NZR2;metaal: koper;munt;1821.0;1821.0;;16.0;NZR2.00526MTL029,NZR2,metaal: koper,munt,1821.0,1821.0,,16.0
NZR2.00526MTL030;NZR2;metaal: koper;munt;1837.0;1837.0;;16.0;NZR2.00526MTL030,NZR2,metaal: koper,munt,1837.0,1837.0,,16.0
NZR2.00526MTL032;NZR2;metaal: koper;munt;1821.0;1821.0;;18.0;NZR2.00526MTL032,NZR2,metaal: koper,munt,1821.0,1821.0,,18.0
NZR2.00526MTL033;NZR2;metaal: koperlegering;munt;1600.0;1800.0;;26.0;NZR2.00526MTL033,NZR2,metaal: koperlegering,munt,1600.0,1800.0,,26.0
NZR2.00526MTL034;NZR2;metaal: koper;munt;1822.0;1822.0;;21.0;NZR2.00526MTL034,NZR2,metaal: koper,munt,1822.0,1822.0,,21.0
NZR2.00526MTL035;NZR2;metaal: koper;munt;1826.0;1826.0;;21.0;NZR2.00526MTL035,NZR2,metaal: koper,munt,1826.0,1826.0,,21.0
NZR2.00526MTL036;NZR2;metaal: brons;munt;1878.0;1878.0;;19.0;NZR2.00526MTL036,NZR2,metaal: brons,munt,1878.0,1878.0,,19.0
NZR2.00526MTL037;NZR2;metaal: koper;munt;1832.0;1832.0;;16.0;NZR2.00526MTL037,NZR2,metaal: koper,munt,1832.0,1832.0,,16.0
NZR2.00526MTL038;NZR2;metaal: koper;munt;1823.0;1823.0;;22.0;NZR2.00526MTL038,NZR2,metaal: koper,munt,1823.0,1823.0,,22.0
NZR2.00526MTL039;NZR2;metaal: koper;munt;1822.0;1822.0;;21.0;NZR2.00526MTL039,NZR2,metaal: koper,munt,1822.0,1822.0,,21.0
NZR2.00526MTL040;NZR2;metaal: koper;munt;1722.0;1722.0;;20.0;NZR2.00526MTL040,NZR2,metaal: koper,munt,1722.0,1722.0,,20.0
NZR2.00526MTL041;NZR2;metaal: koper;munt;1837.0;1837.0;;16.0;NZR2.00526MTL041,NZR2,metaal: koper,munt,1837.0,1837.0,,16.0
NZR2.00526MTL042;NZR2;metaal: koper;munt;1837.0;1837.0;;16.0;NZR2.00526MTL042,NZR2,metaal: koper,munt,1837.0,1837.0,,16.0
NZR2.00526MTL086;NZR2;metaal: brons;munt;1878.0;1907.0;;14.0;NZR2.00526MTL086,NZR2,metaal: brons,munt,1878.0,1907.0,,14.0
NZR2.00526MTL100;NZR2;metaal: brons;munt;1878.0;1878.0;;19.0;NZR2.00526MTL100,NZR2,metaal: brons,munt,1878.0,1878.0,,19.0
NZR2.00526MTL101;NZR2;metaal: koper;munt;1766.0;1792.0;;21.0;NZR2.00526MTL101,NZR2,metaal: koper,munt,1766.0,1792.0,,21.0
NZR2.00526MTL102;NZR2;metaal: koper;munt;1663.0;1663.0;;20.0;NZR2.00526MTL102,NZR2,metaal: koper,munt,1663.0,1663.0,,20.0
NZR2.00526MTL103;NZR2;metaal: koper;munt;1821.0;1829.0;;16.0;NZR2.00526MTL103,NZR2,metaal: koper,munt,1821.0,1829.0,,16.0
NZR2.00527MTL001;NZR2;metaal: koper;munt;1819.0;1877.0;;16.0;NZR2.00527MTL001,NZR2,metaal: koper,munt,1819.0,1877.0,,16.0
NZR2.00527MTL002;NZR2;metaal: koper;munt;1822.0;1822.0;;16.0;NZR2.00527MTL002,NZR2,metaal: koper,munt,1822.0,1822.0,,16.0
NZR2.00527MTL003;NZR2;metaal: koper;munt;1827.0;1827.0;;21.0;NZR2.00527MTL003,NZR2,metaal: koper,munt,1827.0,1827.0,,21.0
NZR2.00527MTL004;NZR2;metaal: koper;munt;1836.0;1836.0;;22.0;NZR2.00527MTL004,NZR2,metaal: koper,munt,1836.0,1836.0,,22.0
NZR2.00527MTL005;NZR2;metaal: koper;munt;1821.0;1821.0;;18.0;NZR2.00527MTL005,NZR2,metaal: koper,munt,1821.0,1821.0,,18.0
NZR2.00527MTL006;NZR2;metaal: brons;munt;1924.0;1924.0;;17.5;NZR2.00527MTL006,NZR2,metaal: brons,munt,1924.0,1924.0,,17.5
NZR2.00527MTL007;NZR2;metaal: koper;munt;1822.0;1822.0;;21.0;NZR2.00527MTL007,NZR2,metaal: koper,munt,1822.0,1822.0,,21.0
NZR2.00527MTL008;NZR2;metaal: koper;munt;1766.0;1792.0;;21.0;NZR2.00527MTL008,NZR2,metaal: koper,munt,1766.0,1792.0,,21.0
NZR2.00527MTL009;NZR2;metaal: koper;munt;1768.0;1768.0;;20.0;NZR2.00527MTL009,NZR2,metaal: koper,munt,1768.0,1768.0,,20.0
NZR2.00527MTL010;NZR2;metaal: zilver;munt;1612.0;1620.0;;29.0;NZR2.00527MTL010,NZR2,metaal: zilver,munt,1612.0,1620.0,,29.0
NZR2.00527MTL012;NZR2;metaal: koper;munt;1786.0;1786.0;;20.0;NZR2.00527MTL012,NZR2,metaal: koper,munt,1786.0,1786.0,,20.0
NZR2.00527MTL013;NZR2;metaal: koper;munt;1826.0;1826.0;;21.0;NZR2.00527MTL013,NZR2,metaal: koper,munt,1826.0,1826.0,,21.0
NZR2.00527MTL014;NZR2;metaal: koper;munt;1821.0;1821.0;;21.0;NZR2.00527MTL014,NZR2,metaal: koper,munt,1821.0,1821.0,,21.0
NZR2.00527MTL015;NZR2;metaal: koper;munt;1837.0;1837.0;;22.0;NZR2.00527MTL015,NZR2,metaal: koper,munt,1837.0,1837.0,,22.0
NZR2.00527MTL016;NZR2;metaal: koper;munt;1788.0;1788.0;;21.0;NZR2.00527MTL016,NZR2,metaal: koper,munt,1788.0,1788.0,,21.0
NZR2.00527MTL017;NZR2;metaal: brons;munt;1920.0;1920.0;;19.0;NZR2.00527MTL017,NZR2,metaal: brons,munt,1920.0,1920.0,,19.0
NZR2.00527MTL018;NZR2;metaal: koper;munt;1823.0;1823.0;;21.0;NZR2.00527MTL018,NZR2,metaal: koper,munt,1823.0,1823.0,,21.0
NZR2.00527MTL019;NZR2;metaal: koper;munt;1797.0;1797.0;;35.0;NZR2.00527MTL019,NZR2,metaal: koper,munt,1797.0,1797.0,,35.0
NZR2.00527MTL020;NZR2;metaal: zilver;munt;1617.0;1617.0;;31.0;NZR2.00527MTL020,NZR2,metaal: zilver,munt,1617.0,1617.0,,31.0
NZR2.00527MTL021;NZR2;metaal: koper;munt;1822.0;1822.0;;16.0;NZR2.00527MTL021,NZR2,metaal: koper,munt,1822.0,1822.0,,16.0
NZR2.00527MTL022;NZR2;metaal: koper;munt;1831.0;1831.0;;22.0;NZR2.00527MTL022,NZR2,metaal: koper,munt,1831.0,1831.0,,22.0
NZR2.00527MTL023;NZR2;metaal: koper;munt;1827.0;1827.0;;22.0;NZR2.00527MTL023,NZR2,metaal: koper,munt,1827.0,1827.0,,22.0
NZR2.00527MTL024;NZR2;metaal: koper;munt;1827.0;1827.0;;22.0;NZR2.00527MTL024,NZR2,metaal: koper,munt,1827.0,1827.0,,22.0
NZR2.00529MTL001;NZR2;metaal: koper;munt;1826.0;1826.0;;22.0;NZR2.00529MTL001,NZR2,metaal: koper,munt,1826.0,1826.0,,22.0
NZR2.00529MTL002;NZR2;metaal: koper;munt;1680.0;1689.0;;19.0;NZR2.00529MTL002,NZR2,metaal: koper,munt,1680.0,1689.0,,19.0
NZR2.00529MTL003;NZR2;metaal: koper;munt;1822.0;1822.0;;21.0;NZR2.00529MTL003,NZR2,metaal: koper,munt,1822.0,1822.0,,21.0
NZR2.00529MTL004;NZR2;metaal: koper;munt;1780.0;1789.0;;22.0;NZR2.00529MTL004,NZR2,metaal: koper,munt,1780.0,1789.0,,22.0
NZR2.00529MTL005;NZR2;metaal: koper;munt;1739.0;1739.0;;22.0;NZR2.00529MTL005,NZR2,metaal: koper,munt,1739.0,1739.0,,22.0
NZR2.00529MTL006;NZR2;metaal: koper;munt;1614.0;1614.0;;24.0;NZR2.00529MTL006,NZR2,metaal: koper,munt,1614.0,1614.0,,24.0
NZR2.00529MTL007;NZR2;metaal: koper;munt;1821.0;1821.0;;17.0;NZR2.00529MTL007,NZR2,metaal: koper,munt,1821.0,1821.0,,17.0
NZR2.00529MTL008;NZR2;metaal: koper;munt;1821.0;1873.0;;20.0;NZR2.00529MTL008,NZR2,metaal: koper,munt,1821.0,1873.0,,20.0
NZR2.00529MTL009;NZR2;metaal: koper;munt;1821.0;1828.0;;22.0;NZR2.00529MTL009,NZR2,metaal: koper,munt,1821.0,1828.0,,22.0
NZR2.00529MTL010;NZR2;metaal: koper;munt;1790.0;1790.0;;22.0;NZR2.00529MTL010,NZR2,metaal: koper,munt,1790.0,1790.0,,22.0
NZR2.00529MTL011;NZR2;metaal: koper;munt;1821.0;1873.0;;20.0;NZR2.00529MTL011,NZR2,metaal: koper,munt,1821.0,1873.0,,20.0
NZR2.00529MTL012;NZR2;metaal: koper;munt;1821.0;1821.0;;21.0;NZR2.00529MTL012,NZR2,metaal: koper,munt,1821.0,1821.0,,21.0
NZR2.00529MTL013;NZR2;metaal: koper;munt;1740.0;1740.0;;18.0;NZR2.00529MTL013,NZR2,metaal: koper,munt,1740.0,1740.0,,18.0
NZR2.00529MTL014;NZR2;metaal: koper;munt;1714.0;1766.0;;21.0;NZR2.00529MTL014,NZR2,metaal: koper,munt,1714.0,1766.0,,21.0
NZR2.00529MTL016;NZR2;metaal: brons;munt;1917.0;1917.0;;19.0;NZR2.00529MTL016,NZR2,metaal: brons,munt,1917.0,1917.0,,19.0
NZR2.00530MTL001;NZR2;metaal: koper;munt;1715.0;1715.0;;22.0;NZR2.00530MTL001,NZR2,metaal: koper,munt,1715.0,1715.0,,22.0
NZR2.00530MTL002;NZR2;metaal: koper;munt;1826.0;1826.0;;22.0;NZR2.00530MTL002,NZR2,metaal: koper,munt,1826.0,1826.0,,22.0
NZR2.00530MTL003;NZR2;metaal: koper;munt;1828.0;1828.0;;22.0;NZR2.00530MTL003,NZR2,metaal: koper,munt,1828.0,1828.0,,22.0
NZR2.00530MTL005;NZR2;metaal: koper;munt;1681.0;1689.0;;18.0;NZR2.00530MTL005,NZR2,metaal: koper,munt,1681.0,1689.0,,18.0
NZR2.00530MTL006;NZR2;metaal: koper;munt;1575.0;1700.0;;20.0;NZR2.00530MTL006,NZR2,metaal: koper,munt,1575.0,1700.0,,20.0
NZR2.00530MTL007;NZR2;metaal: koperlegering;munt;2006.0;2006.0;;21.25;NZR2.00530MTL007,NZR2,metaal: koperlegering,munt,2006.0,2006.0,,21.25
NZR2.00530MTL008;NZR2;metaal: koper;munt;1828.0;1828.0;;22.0;NZR2.00530MTL008,NZR2,metaal: koper,munt,1828.0,1828.0,,22.0
NZR2.00530MTL009;NZR2;metaal: koper;munt;1826.0;1826.0;;22.0;NZR2.00530MTL009,NZR2,metaal: koper,munt,1826.0,1826.0,,22.0
NZR2.00530MTL010;NZR2;metaal: koper;munt;1823.0;1823.0;;16.0;NZR2.00530MTL010,NZR2,metaal: koper,munt,1823.0,1823.0,,16.0
NZR2.00531MTL001;NZR2;metaal: koper;munt;1820.0;1820.0;;18.5;NZR2.00531MTL001,NZR2,metaal: koper,munt,1820.0,1820.0,,18.5
NZR2.00531MTL002;NZR2;metaal: koper;munt;1832.0;1832.0;;16.0;NZR2.00531MTL002,NZR2,metaal: koper,munt,1832.0,1832.0,,16.0
NZR2.00531MTL003;NZR2;metaal: koper;munt;1823.0;1823.0;;16.0;NZR2.00531MTL003,NZR2,metaal: koper,munt,1823.0,1823.0,,16.0
NZR2.00531MTL004;NZR2;metaal: koper;munt;1837.0;1837.0;;16.0;NZR2.00531MTL004,NZR2,metaal: koper,munt,1837.0,1837.0,,16.0
NZR2.00531MTL005;NZR2;metaal: koperlegering;munt;1550.0;1800.0;;22.0;NZR2.00531MTL005,NZR2,metaal: koperlegering,munt,1550.0,1800.0,,22.0
NZR2.00531MTL006;NZR2;metaal: koper;munt;1676.0;1676.0;;20.0;NZR2.00531MTL006,NZR2,metaal: koper,munt,1676.0,1676.0,,20.0
NZR2.00531MTL007;NZR2;metaal: koper;munt;1600.0;1800.0;;20.0;NZR2.00531MTL007,NZR2,metaal: koper,munt,1600.0,1800.0,,20.0
NZR2.00531MTL008;NZR2;metaal: koper;munt;1635.0;1635.0;;19.0;NZR2.00531MTL008,NZR2,metaal: koper,munt,1635.0,1635.0,,19.0
NZR2.00531MTL009;NZR2;metaal: koper;munt;1792.0;1796.0;;21.0;NZR2.00531MTL009,NZR2,metaal: koper,munt,1792.0,1796.0,,21.0
NZR2.00531MTL010;NZR2;metaal: koper;munt;1822.0;1822.0;;21.0;NZR2.00531MTL010,NZR2,metaal: koper,munt,1822.0,1822.0,,21.0
NZR2.00531MTL011;NZR2;metaal: koper;munt;1821.0;1828.0;;22.0;NZR2.00531MTL011,NZR2,metaal: koper,munt,1821.0,1828.0,,22.0
NZR2.00531MTL012;NZR2;metaal: koper;munt;1760.0;1760.0;;21.0;NZR2.00531MTL012,NZR2,metaal: koper,munt,1760.0,1760.0,,21.0
NZR2.00531MTL013;NZR2;metaal: koper;munt;1828.0;1828.0;;22.0;NZR2.00531MTL013,NZR2,metaal: koper,munt,1828.0,1828.0,,22.0
NZR2.00531MTL014;NZR2;metaal: brons;munt;1878.0;1878.0;;19.0;NZR2.00531MTL014,NZR2,metaal: brons,munt,1878.0,1878.0,,19.0
NZR2.00531MTL015;NZR2;metaal: koper;munt;1784.0;1784.0;;21.0;NZR2.00531MTL015,NZR2,metaal: koper,munt,1784.0,1784.0,,21.0
NZR2.00531MTL016;NZR2;metaal: koper;munt;1608.0;1620.0;;18.0;NZR2.00531MTL016,NZR2,metaal: koper,munt,1608.0,1620.0,,18.0
NZR2.00531MTL017;NZR2;metaal: koper;munt;1819.0;1877.0;;22.0;NZR2.00531MTL017,NZR2,metaal: koper,munt,1819.0,1877.0,,22.0
NZR2.00531MTL018;NZR2;metaal: koper;munt;1822.0;1822.0;;22.0;NZR2.00531MTL018,NZR2,metaal: koper,munt,1822.0,1822.0,,22.0
NZR2.00531MTL019;NZR2;metaal: koper;munt;1625.0;1660.0;;18.0;NZR2.00531MTL019,NZR2,metaal: koper,munt,1625.0,1660.0,,18.0
NZR2.00531MTL020;NZR2;metaal: koper;munt;1822.0;1822.0;;21.0;NZR2.00531MTL020,NZR2,metaal: koper,munt,1822.0,1822.0,,21.0
NZR2.00531MTL021;NZR2;metaal: koper;munt;1827.0;1827.0;;22.0;NZR2.00531MTL021,NZR2,metaal: koper,munt,1827.0,1827.0,,22.0
NZR2.00531MTL022;NZR2;metaal: koperlegering;munt;1500.0;1700.0;;25.0;NZR2.00531MTL022,NZR2,metaal: koperlegering,munt,1500.0,1700.0,,25.0
NZR2.00531MTL023;NZR2;metaal: koper;munt;1832.0;1832.0;;16.0;NZR2.00531MTL023,NZR2,metaal: koper,munt,1832.0,1832.0,,16.0
NZR2.00531MTL024;NZR2;metaal: koper;munt;1837.0;1837.0;;16.0;NZR2.00531MTL024,NZR2,metaal: koper,munt,1837.0,1837.0,,16.0
NZR2.00531MTL025;NZR2;metaal: koper;munt;1823.0;1823.0;;21.0;NZR2.00531MTL025,NZR2,metaal: koper,munt,1823.0,1823.0,,21.0
NZR2.00532MTL001;NZR2;metaal: koper;munt;1574.0;1579.0;;25.0;NZR2.00532MTL001,NZR2,metaal: koper,munt,1574.0,1579.0,,25.0
NZR2.00532MTL003;NZR2;metaal: koper;munt;1832.0;1832.0;;16.0;NZR2.00532MTL003,NZR2,metaal: koper,munt,1832.0,1832.0,,16.0
NZR2.00532MTL004;NZR2;metaal: koper;munt;1823.0;1823.0;;22.0;NZR2.00532MTL004,NZR2,metaal: koper,munt,1823.0,1823.0,,22.0
NZR2.00532MTL005;NZR2;metaal: koper;munt;1823.0;1823.0;;22.0;NZR2.00532MTL005,NZR2,metaal: koper,munt,1823.0,1823.0,,22.0
NZR2.00532MTL006;NZR2;metaal: koper;munt;1823.0;1823.0;;21.0;NZR2.00532MTL006,NZR2,metaal: koper,munt,1823.0,1823.0,,21.0
NZR2.00532MTL007;NZR2;metaal: koper;munt;1823.0;1823.0;;21.0;NZR2.00532MTL007,NZR2,metaal: koper,munt,1823.0,1823.0,,21.0
NZR2.00534MTL001;NZR2;metaal: koper;munt;1829.0;1835.0;;40.0;NZR2.00534MTL001,NZR2,metaal: koper,munt,1829.0,1835.0,,40.0
NZR2.00534MTL002;NZR2;metaal: zilver;munt;1738.0;1739.0;;15.0;NZR2.00534MTL002,NZR2,metaal: zilver,munt,1738.0,1739.0,,15.0
NZR2.00534MTL003;NZR2;metaal: koper;munt;1822.0;1822.0;;16.0;NZR2.00534MTL003,NZR2,metaal: koper,munt,1822.0,1822.0,,16.0
NZR2.00534MTL004;NZR2;metaal: koper;munt;1826.0;1826.0;;22.0;NZR2.00534MTL004,NZR2,metaal: koper,munt,1826.0,1826.0,,22.0
NZR2.00534MTL005;NZR2;metaal: koper;munt;1702.0;1780.0;;21.0;NZR2.00534MTL005,NZR2,metaal: koper,munt,1702.0,1780.0,,21.0
NZR2.00535MTL001;NZR2;metaal: zilver;munt;;;;19.0;NZR2.00535MTL001,NZR2,metaal: zilver,munt,,,,19.0
NZR2.00535MTL002;NZR2;metaal: koper;munt;1648.0;1648.0;;19.0;NZR2.00535MTL002,NZR2,metaal: koper,munt,1648.0,1648.0,,19.0
NZR2.00535MTL003;NZR2;metaal: koper;munt;1800.0;1800.0;;19.0;NZR2.00535MTL003,NZR2,metaal: koper,munt,1800.0,1800.0,,19.0
NZR2.00535MTL006;NZR2;metaal: koper;munt;1641.0;1641.0;;25.0;NZR2.00535MTL006,NZR2,metaal: koper,munt,1641.0,1641.0,,25.0
NZR2.00535MTL007;NZR2;metaal: koper;munt;1766.0;1792.0;;21.0;NZR2.00535MTL007,NZR2,metaal: koper,munt,1766.0,1792.0,,21.0
NZR2.00535MTL008;NZR2;metaal: koper;munt;1823.0;1823.0;;21.0;NZR2.00535MTL008,NZR2,metaal: koper,munt,1823.0,1823.0,,21.0
NZR2.00535MTL009;NZR2;metaal: koper;munt;1822.0;1822.0;;21.0;NZR2.00535MTL009,NZR2,metaal: koper,munt,1822.0,1822.0,,21.0
NZR2.00535MTL010;NZR2;metaal: brons;munt;1913.0;1913.0;;23.4;NZR2.00535MTL010,NZR2,metaal: brons,munt,1913.0,1913.0,,23.4
NZR2.00535MTL011;NZR2;metaal: koper;munt;1608.0;1616.0;;24.0;NZR2.00535MTL011,NZR2,metaal: koper,munt,1608.0,1616.0,,24.0
NZR2.00536MTL002;NZR2;metaal: koperlegering;munt;1550.0;1800.0;;26.0;NZR2.00536MTL002,NZR2,metaal: koperlegering,munt,1550.0,1800.0,,26.0
NZR2.00536MTL003;NZR2;metaal: koper;munt;1822.0;1822.0;;21.0;NZR2.00536MTL003,NZR2,metaal: koper,munt,1822.0,1822.0,,21.0
NZR2.00536MTL004;NZR2;metaal: koper;munt;1826.0;1826.0;;22.0;NZR2.00536MTL004,NZR2,metaal: koper,munt,1826.0,1826.0,,22.0
NZR2.00536MTL005;NZR2;metaal: koper;munt;1819.0;1819.0;;19.0;NZR2.00536MTL005,NZR2,metaal: koper,munt,1819.0,1819.0,,19.0
NZR2.00536MTL006;NZR2;metaal: koper;munt;1794.0;1794.0;;22.0;NZR2.00536MTL006,NZR2,metaal: koper,munt,1794.0,1794.0,,22.0
NZR2.00536MTL007;NZR2;metaal: koper;munt;1827.0;1827.0;;21.0;NZR2.00536MTL007,NZR2,metaal: koper,munt,1827.0,1827.0,,21.0
NZR2.00536MTL010;NZR2;metaal: koper;munt;1826.0;1826.0;;22.0;NZR2.00536MTL010,NZR2,metaal: koper,munt,1826.0,1826.0,,22.0
NZR2.00536MTL011;NZR2;metaal: koper;munt;1790.0;1790.0;;21.0;NZR2.00536MTL011,NZR2,metaal: koper,munt,1790.0,1790.0,,21.0
NZR2.00536MTL012;NZR2;metaal: koper;munt;1754.0;1754.0;;20.0;NZR2.00536MTL012,NZR2,metaal: koper,munt,1754.0,1754.0,,20.0
NZR2.00536MTL013;NZR2;metaal: koper;munt;1710.0;1719.0;;22.0;NZR2.00536MTL013,NZR2,metaal: koper,munt,1710.0,1719.0,,22.0
NZR2.00536MTL014;NZR2;metaal: koper;munt;1754.0;1766.0;;21.0;NZR2.00536MTL014,NZR2,metaal: koper,munt,1754.0,1766.0,,21.0
NZR2.00536MTL015;NZR2;metaal: koper;munt;1657.0;1690.0;;20.0;NZR2.00536MTL015,NZR2,metaal: koper,munt,1657.0,1690.0,,20.0
NZR2.00536MTL016;NZR2;metaal: koper;munt;1832.0;1832.0;;16.0;NZR2.00536MTL016,NZR2,metaal: koper,munt,1832.0,1832.0,,16.0
NZR2.00536MTL018;NZR2;metaal: koper;munt;1826.0;1826.0;;22.0;NZR2.00536MTL018,NZR2,metaal: koper,munt,1826.0,1826.0,,22.0
NZR2.00536MTL019;NZR2;metaal: koperlegering;munt;1600.0;1800.0;;22.0;NZR2.00536MTL019,NZR2,metaal: koperlegering,munt,1600.0,1800.0,,22.0
NZR2.00536MTL020;NZR2;metaal: koper;munt;1823.0;1823.0;;21.0;NZR2.00536MTL020,NZR2,metaal: koper,munt,1823.0,1823.0,,21.0
NZR2.00536MTL047;NZR2;metaal: koper;munt;1831.0;1831.0;;16.0;NZR2.00536MTL047,NZR2,metaal: koper,munt,1831.0,1831.0,,16.0
NZR2.00537MTL001;NZR2;metaal: koper;munt;1823.0;1823.0;;21.0;NZR2.00537MTL001,NZR2,metaal: koper,munt,1823.0,1823.0,,21.0
NZR2.00537MTL002;NZR2;metaal: koper;munt;1822.0;1822.0;;17.0;NZR2.00537MTL002,NZR2,metaal: koper,munt,1822.0,1822.0,,17.0
NZR2.00537MTL004;NZR2;metaal: koper;munt;1832.0;1832.0;;16.0;NZR2.00537MTL004,NZR2,metaal: koper,munt,1832.0,1832.0,,16.0
NZR2.00537MTL005;NZR2;metaal: koper;munt;1697.0;1718.0;;29.0;NZR2.00537MTL005,NZR2,metaal: koper,munt,1697.0,1718.0,,29.0
NZR2.00537MTL006;NZR2;metaal: koper;munt;1832.0;1832.0;;16.0;NZR2.00537MTL006,NZR2,metaal: koper,munt,1832.0,1832.0,,16.0
NZR2.00537MTL007;NZR2;metaal: koper;munt;1832.0;1832.0;;16.0;NZR2.00537MTL007,NZR2,metaal: koper,munt,1832.0,1832.0,,16.0
NZR2.00537MTL008;NZR2;metaal: koper;munt;1702.0;1780.0;;21.0;NZR2.00537MTL008,NZR2,metaal: koper,munt,1702.0,1780.0,,21.0
NZR2.00537MTL009;NZR2;metaal: koper;munt;1787.0;1787.0;;21.0;NZR2.00537MTL009,NZR2,metaal: koper,munt,1787.0,1787.0,,21.0
NZR2.00537MTL010;NZR2;metaal: koper;munt;1739.0;1739.0;;20.0;NZR2.00537MTL010,NZR2,metaal: koper,munt,1739.0,1739.0,,20.0
NZR2.00537MTL011;NZR2;metaal: koper;munt;1826.0;1826.0;;22.0;NZR2.00537MTL011,NZR2,metaal: koper,munt,1826.0,1826.0,,22.0
NZR2.00537MTL012;NZR2;metaal: koper;munt;1828.0;1828.0;;22.0;NZR2.00537MTL012,NZR2,metaal: koper,munt,1828.0,1828.0,,22.0
NZR2.00537MTL013;NZR2;metaal: koper;munt;1822.0;1822.0;;22.0;NZR2.00537MTL013,NZR2,metaal: koper,munt,1822.0,1822.0,,22.0
NZR2.00537MTL014;NZR2;metaal: koper;munt;1876.0;1876.0;;22.0;NZR2.00537MTL014,NZR2,metaal: koper,munt,1876.0,1876.0,,22.0
NZR2.00537MTL015;NZR2;metaal: zilver;munt;1677.0;1677.0;;18.0;NZR2.00537MTL015,NZR2,metaal: zilver,munt,1677.0,1677.0,,18.0
NZR2.00537MTL016;NZR2;metaal: koper;munt;1823.0;1823.0;;21.0;NZR2.00537MTL016,NZR2,metaal: koper,munt,1823.0,1823.0,,21.0
NZR2.00537MTL017;NZR2;metaal: koper;munt;1874.0;1874.0;;20.0;NZR2.00537MTL017,NZR2,metaal: koper,munt,1874.0,1874.0,,20.0
NZR2.00537MTL018;NZR2;metaal: brons;munt;1878.0;1878.0;;19.0;NZR2.00537MTL018,NZR2,metaal: brons,munt,1878.0,1878.0,,19.0
NZR2.00537MTL019;NZR2;metaal: koper;munt;1832.0;1832.0;;16.0;NZR2.00537MTL019,NZR2,metaal: koper,munt,1832.0,1832.0,,16.0
NZR2.00537MTL036;NZR2;metaal: koperlegering;munt;1670.0;1670.0;;19.0;NZR2.00537MTL036,NZR2,metaal: koperlegering,munt,1670.0,1670.0,,19.0
NZR2.00538MTL013;NZR2;metaal: koper;munt;1826.0;1826.0;;21.0;NZR2.00538MTL013,NZR2,metaal: koper,munt,1826.0,1826.0,,21.0
NZR2.00538MTL014;NZR2;metaal: koper;munt;1827.0;1827.0;;22.0;NZR2.00538MTL014,NZR2,metaal: koper,munt,1827.0,1827.0,,22.0
NZR2.00538MTL015;NZR2;metaal: zilver;munt;1612.0;1634.0;;19.5;NZR2.00538MTL015,NZR2,metaal: zilver,munt,1612.0,1634.0,,19.5
NZR2.00538MTL016;NZR2;metaal: koper;munt;1596.0;1598.0;;21.0;NZR2.00538MTL016,NZR2,metaal: koper,munt,1596.0,1598.0,,21.0
NZR2.00538MTL017;NZR2;metaal: koper;munt;1777.0;1777.0;;20.0;NZR2.00538MTL017,NZR2,metaal: koper,munt,1777.0,1777.0,,20.0
NZR2.00538MTL018;NZR2;metaal: koper;munt;1832.0;1832.0;;16.0;NZR2.00538MTL018,NZR2,metaal: koper,munt,1832.0,1832.0,,16.0
NZR2.00538MTL019;NZR2;metaal: koper;munt;1823.0;1823.0;;22.0;NZR2.00538MTL019,NZR2,metaal: koper,munt,1823.0,1823.0,,22.0
NZR2.00538MTL020;NZR2;metaal: koper;munt;1702.0;1780.0;;21.0;NZR2.00538MTL020,NZR2,metaal: koper,munt,1702.0,1780.0,,21.0
NZR2.00538MTL021;NZR2;metaal: koper;munt;1823.0;1823.0;;21.0;NZR2.00538MTL021,NZR2,metaal: koper,munt,1823.0,1823.0,,21.0
NZR2.00538MTL022;NZR2;metaal: koper;munt;1702.0;1702.0;;22.0;NZR2.00538MTL022,NZR2,metaal: koper,munt,1702.0,1702.0,,22.0
NZR2.00538MTL023;NZR2;metaal: koper;munt;1772.0;1772.0;;22.5;NZR2.00538MTL023,NZR2,metaal: koper,munt,1772.0,1772.0,,22.5
NZR2.00539MTL008;NZR2;metaal: zilver;munt;1878.0;1878.0;;15.0;NZR2.00539MTL008,NZR2,metaal: zilver,munt,1878.0,1878.0,,15.0
NZR2.00539MTL009;NZR2;metaal: koper;munt;1821.0;1828.0;;22.0;NZR2.00539MTL009,NZR2,metaal: koper,munt,1821.0,1828.0,,22.0
NZR2.00540MTL012;NZR2;metaal: koper;munt;1790.0;1790.0;;20.0;NZR2.00540MTL012,NZR2,metaal: koper,munt,1790.0,1790.0,,20.0
NZR2.00540MTL013;NZR2;metaal: koper;munt;1822.0;1822.0;;15.0;NZR2.00540MTL013,NZR2,metaal: koper,munt,1822.0,1822.0,,15.0
NZR2.00540MTL014;NZR2;metaal: zilver;munt;1677.0;1703.0;;19.0;NZR2.00540MTL014,NZR2,metaal: zilver,munt,1677.0,1703.0,,19.0
NZR2.00540MTL015;NZR2;metaal: brons;munt;1931.0;1931.0;;17.5;NZR2.00540MTL015,NZR2,metaal: brons,munt,1931.0,1931.0,,17.5
NZR2.00540MTL017;NZR2;metaal: koper;munt;1740.0;1749.0;;20.0;NZR2.00540MTL017,NZR2,metaal: koper,munt,1740.0,1749.0,,20.0
NZR2.00540MTL018;NZR2;metaal: koper;munt;1780.0;1789.0;;19.0;NZR2.00540MTL018,NZR2,metaal: koper,munt,1780.0,1789.0,,19.0
NZR2.00540MTL019;NZR2;metaal: koper;munt;1832.0;1832.0;;16.0;NZR2.00540MTL019,NZR2,metaal: koper,munt,1832.0,1832.0,,16.0
NZR2.00540MTL020;NZR2;metaal: zilver;munt;1614.0;1628.0;;20.0;NZR2.00540MTL020,NZR2,metaal: zilver,munt,1614.0,1628.0,,20.0
NZR2.00540MTL021;NZR2;metaal: koper;munt;1823.0;1823.0;;16.0;NZR2.00540MTL021,NZR2,metaal: koper,munt,1823.0,1823.0,,16.0
NZR2.00540MTL022;NZR2;metaal: koper;munt;1822.0;1822.0;;16.0;NZR2.00540MTL022,NZR2,metaal: koper,munt,1822.0,1822.0,,16.0
NZR2.00540MTL024;NZR2;metaal: brons;munt;1948.0;1948.0;;17.0;NZR2.00540MTL024,NZR2,metaal: brons,munt,1948.0,1948.0,,17.0
NZR2.00541MTL004;NZR2;metaal: koper;munt;1767.0;1767.0;;21.0;NZR2.00541MTL004,NZR2,metaal: koper,munt,1767.0,1767.0,,21.0
NZR2.00541MTL005;NZR2;metaal: koper;munt;1826.0;1826.0;;21.0;NZR2.00541MTL005,NZR2,metaal: koper,munt,1826.0,1826.0,,21.0
NZR2.00541MTL009;NZR2;metaal: zilver;munt;1600.0;1800.0;;19.0;NZR2.00541MTL009,NZR2,metaal: zilver,munt,1600.0,1800.0,,19.0
NZR2.00542MTL005;NZR2;metaal: koper;munt;1612.0;1622.0;;20.0;NZR2.00542MTL005,NZR2,metaal: koper,munt,1612.0,1622.0,,20.0
NZR2.00543MTL007;NZR2;metaal: koper;munt;1791.0;1791.0;;21.0;NZR2.00543MTL007,NZR2,metaal: koper,munt,1791.0,1791.0,,21.0
NZR2.00543MTL008;NZR2;metaal: koper;munt;1826.0;1826.0;;21.0;NZR2.00543MTL008,NZR2,metaal: koper,munt,1826.0,1826.0,,21.0
NZR2.00543MTL009;NZR2;metaal: koper;munt;1822.0;1822.0;;21.0;NZR2.00543MTL009,NZR2,metaal: koper,munt,1822.0,1822.0,,21.0
NZR2.00543MTL010;NZR2;metaal: koper;munt;1832.0;1832.0;;16.0;NZR2.00543MTL010,NZR2,metaal: koper,munt,1832.0,1832.0,,16.0
NZR2.00543MTL011;NZR2;metaal: koper;munt;1823.0;1823.0;;16.0;NZR2.00543MTL011,NZR2,metaal: koper,munt,1823.0,1823.0,,16.0
NZR2.00544MTL004;NZR2;metaal: zilver;munt;1799.0;1799.0;;19.0;NZR2.00544MTL004,NZR2,metaal: zilver,munt,1799.0,1799.0,,19.0
NZR2.00544MTL005;NZR2;metaal: brons;munt;1877.0;1907.0;;19.0;NZR2.00544MTL005,NZR2,metaal: brons,munt,1877.0,1907.0,,19.0
NZR2.00546MTL004;NZR2;metaal: koperlegering;munt;1558.0;1603.0;;19.0;NZR2.00546MTL004,NZR2,metaal: koperlegering,munt,1558.0,1603.0,,19.0
NZR2.00546MTL005;NZR2;metaal: koper;munt;1710.0;1793.0;;22.0;NZR2.00546MTL005,NZR2,metaal: koper,munt,1710.0,1793.0,,22.0
NZR2.00546MTL006;NZR2;metaal: koper;munt;1831.0;1831.0;;16.0;NZR2.00546MTL006,NZR2,metaal: koper,munt,1831.0,1831.0,,16.0
NZR2.00548MTL001;NZR2;metaal: koperlegering;munt;1400.0;1600.0;;24.0;NZR2.00548MTL001,NZR2,metaal: koperlegering,munt,1400.0,1600.0,,24.0
NZR2.00549MTL004;NZR2;metaal: brons;munt;1962.0;1962.0;;17.0;NZR2.00549MTL004,NZR2,metaal: brons,munt,1962.0,1962.0,,17.0
NZR2.00549MTL005;NZR2;metaal: koper;munt;1611.0;1661.0;;20.0;NZR2.00549MTL005,NZR2,metaal: koper,munt,1611.0,1661.0,,20.0
NZR2.00549MTL006;NZR2;metaal: koper;munt;1792.0;1792.0;;21.0;NZR2.00549MTL006,NZR2,metaal: koper,munt,1792.0,1792.0,,21.0
NZR2.00549MTL007;NZR2;metaal: koper;munt;1823.0;1823.0;;22.0;NZR2.00549MTL007,NZR2,metaal: koper,munt,1823.0,1823.0,,22.0
NZR2.00549MTL008;NZR2;metaal: koperlegering;munt;1600.0;1800.0;;21.0;NZR2.00549MTL008,NZR2,metaal: koperlegering,munt,1600.0,1800.0,,21.0
NZR2.00550MTL001;NZR2;metaal: koper;munt;1590.0;1627.0;;21.0;NZR2.00550MTL001,NZR2,metaal: koper,munt,1590.0,1627.0,,21.0
NZR2.00550MTL018;NZR2;metaal: koper;munt;1826.0;1826.0;;21.0;NZR2.00550MTL018,NZR2,metaal: koper,munt,1826.0,1826.0,,21.0
NZR2.00550MTL020;NZR2;metaal: koper;munt;1827.0;1827.0;;21.0;NZR2.00550MTL020,NZR2,metaal: koper,munt,1827.0,1827.0,,21.0
NZR2.00550MTL021;NZR2;metaal: koper;munt;1784.0;1784.0;;23.0;NZR2.00550MTL021,NZR2,metaal: koper,munt,1784.0,1784.0,,23.0
NZR2.00550MTL024;NZR2;metaal: brons;munt;1881.0;1884.0;;19.0;NZR2.00550MTL024,NZR2,metaal: brons,munt,1881.0,1884.0,,19.0
NZR2.00550MTL025;NZR2;metaal: koper;munt;1578.0;1578.0;;24.0;NZR2.00550MTL025,NZR2,metaal: koper,munt,1578.0,1578.0,,24.0
NZR2.00550MTL026;NZR2;metaal: koper;munt;1819.0;1819.0;;19.0;NZR2.00550MTL026,NZR2,metaal: koper,munt,1819.0,1819.0,,19.0
NZR2.00550MTL027;NZR2;metaal: koper;munt;1831.0;1831.0;;16.0;NZR2.00550MTL027,NZR2,metaal: koper,munt,1831.0,1831.0,,16.0
NZR2.00550MTL028;NZR2;metaal: koper;munt;1827.0;1827.0;;21.0;NZR2.00550MTL028,NZR2,metaal: koper,munt,1827.0,1827.0,,21.0
NZR2.00550MTL029;NZR2;metaal: koper;munt;1702.0;1780.0;;22.0;NZR2.00550MTL029,NZR2,metaal: koper,munt,1702.0,1780.0,,22.0
NZR2.00550MTL030;NZR2;metaal: koperlegering;munt;1600.0;1800.0;;21.0;NZR2.00550MTL030,NZR2,metaal: koperlegering,munt,1600.0,1800.0,,21.0
NZR2.00550MTL031;NZR2;metaal: koper;munt;1792.0;1792.0;;21.0;NZR2.00550MTL031,NZR2,metaal: koper,munt,1792.0,1792.0,,21.0
NZR2.00550MTL032;NZR2;metaal: zilver;munt;1677.0;1703.0;;21.0;NZR2.00550MTL032,NZR2,metaal: zilver,munt,1677.0,1703.0,,21.0
NZR2.00550MTL033;NZR2;metaal: koper;munt;1780.0;1780.0;;21.0;NZR2.00550MTL033,NZR2,metaal: koper,munt,1780.0,1780.0,,21.0
NZR2.00550MTL035;NZR2;metaal: koper;munt;1604.0;1605.0;;22.0;NZR2.00550MTL035,NZR2,metaal: koper,munt,1604.0,1605.0,,22.0
NZR2.00550MTL036;NZR2;metaal: koper;munt;1814.0;1837.0;;18.0;NZR2.00550MTL036,NZR2,metaal: koper,munt,1814.0,1837.0,,18.0
NZR2.00550MTL037;NZR2;metaal: koperlegering;munt;1575.0;1700.0;;19.0;NZR2.00550MTL037,NZR2,metaal: koperlegering,munt,1575.0,1700.0,,19.0
NZR2.00550MTL038;NZR2;metaal: koper;munt;1794.0;1794.0;;22.0;NZR2.00550MTL038,NZR2,metaal: koper,munt,1794.0,1794.0,,22.0
NZR2.00551MTL001;NZR2;metaal: koper;munt;1821.0;1821.0;;19.0;NZR2.00551MTL001,NZR2,metaal: koper,munt,1821.0,1821.0,,19.0
NZR2.00551MTL002;NZR2;metaal: koper;munt;1826.0;1826.0;;21.0;NZR2.00551MTL002,NZR2,metaal: koper,munt,1826.0,1826.0,,21.0
NZR2.00552MTL004;NZR2;metaal: koper;munt;1828.0;1828.0;;22.0;NZR2.00552MTL004,NZR2,metaal: koper,munt,1828.0,1828.0,,22.0
NZR2.00552MTL005;NZR2;metaal: koper;munt;1827.0;1827.0;;21.0;NZR2.00552MTL005,NZR2,metaal: koper,munt,1827.0,1827.0,,21.0
NZR2.00552MTL006;NZR2;metaal: koper;munt;1819.0;1877.0;;16.0;NZR2.00552MTL006,NZR2,metaal: koper,munt,1819.0,1877.0,,16.0
NZR2.00553MTL001;NZR2;metaal: koper;munt;1794.0;1794.0;;21.5;NZR2.00553MTL001,NZR2,metaal: koper,munt,1794.0,1794.0,,21.5
NZR2.00553MTL002;NZR2;metaal: koper;munt;1828.0;1828.0;;22.0;NZR2.00553MTL002,NZR2,metaal: koper,munt,1828.0,1828.0,,22.0
NZR2.00553MTL004;NZR2;metaal: koper;munt;1687.0;1688.0;;19.0;NZR2.00553MTL004,NZR2,metaal: koper,munt,1687.0,1688.0,,19.0
NZR2.00553MTL005;NZR2;metaal: koper;munt;1822.0;1822.0;;22.0;NZR2.00553MTL005,NZR2,metaal: koper,munt,1822.0,1822.0,,22.0
NZR2.00553MTL006;NZR2;metaal: koper;munt;1680.0;1689.0;;19.0;NZR2.00553MTL006,NZR2,metaal: koper,munt,1680.0,1689.0,,19.0
NZR2.00553MTL007;NZR2;metaal: koper;munt;1832.0;1832.0;;16.0;NZR2.00553MTL007,NZR2,metaal: koper,munt,1832.0,1832.0,,16.0
NZR2.00554MTL004;NZR2;metaal: koper;munt;1702.0;1702.0;;22.0;NZR2.00554MTL004,NZR2,metaal: koper,munt,1702.0,1702.0,,22.0
NZR2.00554MTL005;NZR2;metaal: koper;munt;1662.0;1794.0;;21.0;NZR2.00554MTL005,NZR2,metaal: koper,munt,1662.0,1794.0,,21.0
NZR2.00554MTL006;NZR2;metaal: koper;munt;1819.0;1877.0;;22.0;NZR2.00554MTL006,NZR2,metaal: koper,munt,1819.0,1877.0,,22.0
NZR2.00554MTL007;NZR2;metaal: koper;munt;1754.0;1754.0;;21.0;NZR2.00554MTL007,NZR2,metaal: koper,munt,1754.0,1754.0,,21.0
NZR2.00554MTL008;NZR2;metaal: koper;munt;1684.0;1684.0;;20.0;NZR2.00554MTL008,NZR2,metaal: koper,munt,1684.0,1684.0,,20.0
NZR2.00554MTL009;NZR2;metaal: zilver;munt;1614.0;1670.0;;22.0;NZR2.00554MTL009,NZR2,metaal: zilver,munt,1614.0,1670.0,,22.0
NZR2.00554MTL010;NZR2;metaal: brons;munt;1853.0;1857.0;;25.0;NZR2.00554MTL010,NZR2,metaal: brons,munt,1853.0,1857.0,,25.0
NZR2.00554MTL011;NZR2;metaal: koper;munt;1768.0;1768.0;;21.0;NZR2.00554MTL011,NZR2,metaal: koper,munt,1768.0,1768.0,,21.0
NZR2.00554MTL012;NZR2;metaal: koper;munt;1626.0;1663.0;;19.0;NZR2.00554MTL012,NZR2,metaal: koper,munt,1626.0,1663.0,,19.0
NZR2.00554MTL013;NZR2;metaal: koper;munt;1700.0;1800.0;;21.0;NZR2.00554MTL013,NZR2,metaal: koper,munt,1700.0,1800.0,,21.0
NZR2.00554MTL014;NZR2;metaal: koperlegering;munt;1700.0;1800.0;;20.0;NZR2.00554MTL014,NZR2,metaal: koperlegering,munt,1700.0,1800.0,,20.0
NZR2.00554MTL015;NZR2;metaal: koper;munt;1832.0;1832.0;;16.0;NZR2.00554MTL015,NZR2,metaal: koper,munt,1832.0,1832.0,,16.0
NZR2.00554MTL016;NZR2;metaal: koper;munt;1819.0;1877.0;;16.0;NZR2.00554MTL016,NZR2,metaal: koper,munt,1819.0,1877.0,,16.0
NZR2.00555MTL012;NZR2;metaal: koper;munt;1832.0;1832.0;;16.0;NZR2.00555MTL012,NZR2,metaal: koper,munt,1832.0,1832.0,,16.0
NZR2.00559MTL013;NZR2;metaal: koper;munt;1639.0;1639.0;;21.0;NZR2.00559MTL013,NZR2,metaal: koper,munt,1639.0,1639.0,,21.0
NZR2.00559MTL014;NZR2;metaal: brons;munt;1866.0;1866.0;;25.4;NZR2.00559MTL014,NZR2,metaal: brons,munt,1866.0,1866.0,,25.4
NZR2.00559MTL015;NZR2;metaal: koper;munt;1823.0;1823.0;;21.0;NZR2.00559MTL015,NZR2,metaal: koper,munt,1823.0,1823.0,,21.0
NZR2.00559MTL016;NZR2;metaal: brons;munt;1886.0;1886.0;;23.4;NZR2.00559MTL016,NZR2,metaal: brons,munt,1886.0,1886.0,,23.4
NZR2.00559MTL017;NZR2;metaal: koper;munt;1768.0;1768.0;;21.0;NZR2.00559MTL017,NZR2,metaal: koper,munt,1768.0,1768.0,,21.0
NZR2.00559MTL018;NZR2;metaal: koper;munt;1826.0;1826.0;;21.0;NZR2.00559MTL018,NZR2,metaal: koper,munt,1826.0,1826.0,,21.0
NZR2.00559MTL019;NZR2;metaal: koper;munt;1682.0;1682.0;;21.0;NZR2.00559MTL019,NZR2,metaal: koper,munt,1682.0,1682.0,,21.0
NZR2.00559MTL020;NZR2;metaal: brons;munt;1878.0;1878.0;;19.0;NZR2.00559MTL020,NZR2,metaal: brons,munt,1878.0,1878.0,,19.0
NZR2.00559MTL021;NZR2;metaal: koper;munt;1823.0;1823.0;;22.0;NZR2.00559MTL021,NZR2,metaal: koper,munt,1823.0,1823.0,,22.0
NZR2.00559MTL022;NZR2;metaal: koper;munt;1600.0;1604.0;;20.0;NZR2.00559MTL022,NZR2,metaal: koper,munt,1600.0,1604.0,,20.0
NZR2.00559MTL023;NZR2;metaal: brons;munt;1990.0;1990.0;;21.0;NZR2.00559MTL023,NZR2,metaal: brons,munt,1990.0,1990.0,,21.0
NZR2.00559MTL024;NZR2;metaal: koper;munt;1764.0;1764.0;;20.0;NZR2.00559MTL024,NZR2,metaal: koper,munt,1764.0,1764.0,,20.0
NZR2.00559MTL025;NZR2;metaal: koper;munt;1826.0;1826.0;;21.0;NZR2.00559MTL025,NZR2,metaal: koper,munt,1826.0,1826.0,,21.0
NZR2.00559MTL026;NZR2;metaal: koper;munt;1632.0;1669.0;;20.0;NZR2.00559MTL026,NZR2,metaal: koper,munt,1632.0,1669.0,,20.0
NZR2.00559MTL027;NZR2;metaal: brons;munt;1900.0;1900.0;;19.0;NZR2.00559MTL027,NZR2,metaal: brons,munt,1900.0,1900.0,,19.0
NZR2.00559MTL028;NZR2;metaal: koper;munt;1823.0;1823.0;;21.0;NZR2.00559MTL028,NZR2,metaal: koper,munt,1823.0,1823.0,,21.0
NZR2.00559MTL029;NZR2;metaal: brons;munt;1925.0;1925.0;;17.5;NZR2.00559MTL029,NZR2,metaal: brons,munt,1925.0,1925.0,,17.5
NZR2.00559MTL030;NZR2;metaal: koper;munt;1827.0;1827.0;;21.0;NZR2.00559MTL030,NZR2,metaal: koper,munt,1827.0,1827.0,,21.0
NZR2.00559MTL032;NZR2;metaal: koper;munt;1832.0;1832.0;;16.0;NZR2.00559MTL032,NZR2,metaal: koper,munt,1832.0,1832.0,,16.0
NZR2.00559MTL033;NZR2;metaal: zilver;munt;1913.0;1913.0;;15.0;NZR2.00559MTL033,NZR2,metaal: zilver,munt,1913.0,1913.0,,15.0
NZR2.00560MTL007;NZR2;metaal: koper;munt;1668.0;1668.0;;20.0;NZR2.00560MTL007,NZR2,metaal: koper,munt,1668.0,1668.0,,20.0
NZR2.00560MTL008;NZR2;metaal: koper;munt;1823.0;1823.0;;16.0;NZR2.00560MTL008,NZR2,metaal: koper,munt,1823.0,1823.0,,16.0
NZR2.00560MTL009;NZR2;metaal: koper;munt;1788.0;1788.0;;22.0;NZR2.00560MTL009,NZR2,metaal: koper,munt,1788.0,1788.0,,22.0
NZR2.00560MTL010;NZR2;metaal: koper;munt;1760.0;1760.0;;21.0;NZR2.00560MTL010,NZR2,metaal: koper,munt,1760.0,1760.0,,21.0
NZR2.00560MTL011;NZR2;metaal: koper;munt;1832.0;1832.0;;16.0;NZR2.00560MTL011,NZR2,metaal: koper,munt,1832.0,1832.0,,16.0
NZR2.00560MTL012;NZR2;metaal: koper;munt;1831.0;1834.0;;23.0;NZR2.00560MTL012,NZR2,metaal: koper,munt,1831.0,1834.0,,23.0
NZR2.00560MTL013;NZR2;metaal: koper;munt;1828.0;1828.0;;22.0;NZR2.00560MTL013,NZR2,metaal: koper,munt,1828.0,1828.0,,22.0
NZR2.00560MTL014;NZR2;metaal: koper;munt;1831.0;1831.0;;16.0;NZR2.00560MTL014,NZR2,metaal: koper,munt,1831.0,1831.0,,16.0
NZR2.00560MTL015;NZR2;metaal: koper;munt;1710.0;1793.0;;22.0;NZR2.00560MTL015,NZR2,metaal: koper,munt,1710.0,1793.0,,22.0
NZR2.00561MTL009;NZR2;metaal: koper;munt;1906.0;1912.0;;21.0;NZR2.00561MTL009,NZR2,metaal: koper,munt,1906.0,1912.0,,21.0
NZR2.00561MTL010;NZR2;metaal: koperlegering;munt;1600.0;1800.0;;20.0;NZR2.00561MTL010,NZR2,metaal: koperlegering,munt,1600.0,1800.0,,20.0
NZR2.00561MTL011;NZR2;metaal: koper;munt;1768.0;1768.0;;21.0;NZR2.00561MTL011,NZR2,metaal: koper,munt,1768.0,1768.0,,21.0
NZR2.00561MTL012;NZR2;metaal: koper;munt;1832.0;1832.0;;19.0;NZR2.00561MTL012,NZR2,metaal: koper,munt,1832.0,1832.0,,19.0
NZR2.00561MTL013;NZR2;metaal: koper;munt;1822.0;1822.0;;21.0;NZR2.00561MTL013,NZR2,metaal: koper,munt,1822.0,1822.0,,21.0
NZR2.00561MTL014;NZR2;metaal: koper;munt;1830.0;1830.0;;22.0;NZR2.00561MTL014,NZR2,metaal: koper,munt,1830.0,1830.0,,22.0
NZR2.00561MTL015;NZR2;metaal: koper;munt;1790.0;1790.0;;21.0;NZR2.00561MTL015,NZR2,metaal: koper,munt,1790.0,1790.0,,21.0
NZR2.00561MTL016;NZR2;metaal: koper;munt;1831.0;1831.0;;22.0;NZR2.00561MTL016,NZR2,metaal: koper,munt,1831.0,1831.0,,22.0
NZR2.00561MTL017;NZR2;metaal: koper;munt;1827.0;1827.0;;21.0;NZR2.00561MTL017,NZR2,metaal: koper,munt,1827.0,1827.0,,21.0
NZR2.00561MTL018;NZR2;metaal: brons;munt;1917.0;1917.0;;19.0;NZR2.00561MTL018,NZR2,metaal: brons,munt,1917.0,1917.0,,19.0
NZR2.00561MTL019;NZR2;metaal: koper;munt;1574.0;1579.0;;23.0;NZR2.00561MTL019,NZR2,metaal: koper,munt,1574.0,1579.0,,23.0
NZR2.00561MTL020;NZR2;metaal: koper;munt;1827.0;1827.0;;16.0;NZR2.00561MTL020,NZR2,metaal: koper,munt,1827.0,1827.0,,16.0
NZR2.00562MTL006;NZR2;metaal: brons;munt;1971.0;1971.0;;17.0;NZR2.00562MTL006,NZR2,metaal: brons,munt,1971.0,1971.0,,17.0
NZR2.00562MTL007;NZR2;metaal: koper;munt;1826.0;1826.0;;21.0;NZR2.00562MTL007,NZR2,metaal: koper,munt,1826.0,1826.0,,21.0
NZR2.00562MTL008;NZR2;metaal: koper;munt;1832.0;1832.0;;16.0;NZR2.00562MTL008,NZR2,metaal: koper,munt,1832.0,1832.0,,16.0
NZR2.00562MTL009;NZR2;metaal: brons;munt;1913.0;1941.0;;19.0;NZR2.00562MTL009,NZR2,metaal: brons,munt,1913.0,1941.0,,19.0
NZR2.00562MTL011;NZR2;metaal: koper;munt;1819.0;1877.0;;22.0;NZR2.00562MTL011,NZR2,metaal: koper,munt,1819.0,1877.0,,22.0
NZR2.00562MTL012;NZR2;metaal: koper;munt;1832.0;1832.0;;16.0;NZR2.00562MTL012,NZR2,metaal: koper,munt,1832.0,1832.0,,16.0
NZR2.00563MTL006;NZR2;metaal: koper;munt;1700.0;1799.0;;20.0;NZR2.00563MTL006,NZR2,metaal: koper,munt,1700.0,1799.0,,20.0
NZR2.00563MTL007;NZR2;metaal: koper;munt;1788.0;1788.0;;22.0;NZR2.00563MTL007,NZR2,metaal: koper,munt,1788.0,1788.0,,22.0
NZR2.00563MTL008;NZR2;metaal: koper;munt;1790.0;1790.0;;21.0;NZR2.00563MTL008,NZR2,metaal: koper,munt,1790.0,1790.0,,21.0
NZR2.00563MTL009;NZR2;metaal: koper;munt;1653.0;1653.0;;20.0;NZR2.00563MTL009,NZR2,metaal: koper,munt,1653.0,1653.0,,20.0
NZR2.00563MTL010;NZR2;metaal: koper;munt;1819.0;1819.0;;18.5;NZR2.00563MTL010,NZR2,metaal: koper,munt,1819.0,1819.0,,18.5
NZR2.00565MTL009;NZR2;metaal: koper;munt;1574.0;1579.0;;23.0;NZR2.00565MTL009,NZR2,metaal: koper,munt,1574.0,1579.0,,23.0
NZR2.00565MTL010;NZR2;metaal: koper;munt;1714.0;1714.0;;22.0;NZR2.00565MTL010,NZR2,metaal: koper,munt,1714.0,1714.0,,22.0
NZR2.00565MTL011;NZR2;metaal: koper;munt;1702.0;1780.0;;22.0;NZR2.00565MTL011,NZR2,metaal: koper,munt,1702.0,1780.0,,22.0
NZR2.00565MTL012;NZR2;metaal: koper;munt;1819.0;1877.0;;16.0;NZR2.00565MTL012,NZR2,metaal: koper,munt,1819.0,1877.0,,16.0
NZR2.00565MTL013;NZR2;metaal: koper;munt;1837.0;1837.0;;16.0;NZR2.00565MTL013,NZR2,metaal: koper,munt,1837.0,1837.0,,16.0
NZR2.00565MTL014;NZR2;metaal: koper;munt;1766.0;1766.0;;21.0;NZR2.00565MTL014,NZR2,metaal: koper,munt,1766.0,1766.0,,21.0
NZR2.00565MTL015;NZR2;metaal: koper;munt;1712.0;1712.0;;22.0;NZR2.00565MTL015,NZR2,metaal: koper,munt,1712.0,1712.0,,22.0
NZR2.00565MTL016;NZR2;metaal: koper;munt;1768.0;1768.0;;21.0;NZR2.00565MTL016,NZR2,metaal: koper,munt,1768.0,1768.0,,21.0
NZR2.00565MTL017;NZR2;metaal: koper;munt;1828.0;1828.0;;22.0;NZR2.00565MTL017,NZR2,metaal: koper,munt,1828.0,1828.0,,22.0
NZR2.00565MTL018;NZR2;metaal: koper;munt;1650.0;1800.0;;23.5;NZR2.00565MTL018,NZR2,metaal: koper,munt,1650.0,1800.0,,23.5
NZR2.00565MTL019;NZR2;metaal: koper;munt;1604.0;1627.0;;22.0;NZR2.00565MTL019,NZR2,metaal: koper,munt,1604.0,1627.0,,22.0
NZR2.00565MTL020;NZR2;metaal: koper;munt;1766.0;1792.0;;21.0;NZR2.00565MTL020,NZR2,metaal: koper,munt,1766.0,1792.0,,21.0
NZR2.00565MTL021;NZR2;metaal: koper;munt;1715.0;1715.0;;22.0;NZR2.00565MTL021,NZR2,metaal: koper,munt,1715.0,1715.0,,22.0
NZR2.00565MTL022;NZR2;metaal: koper;munt;1790.0;1790.0;;21.0;NZR2.00565MTL022,NZR2,metaal: koper,munt,1790.0,1790.0,,21.0
NZR2.00565MTL023;NZR2;metaal: koper;munt;1820.0;1820.0;;18.5;NZR2.00565MTL023,NZR2,metaal: koper,munt,1820.0,1820.0,,18.5
NZR2.00565MTL024;NZR2;metaal: koper;munt;1827.0;1827.0;;22.0;NZR2.00565MTL024,NZR2,metaal: koper,munt,1827.0,1827.0,,22.0
NZR2.00567MTL006;NZR2;metaal: koperlegering;munt;1600.0;1700.0;;22.0;NZR2.00567MTL006,NZR2,metaal: koperlegering,munt,1600.0,1700.0,,22.0
NZR2.00567MTL007;NZR2;metaal: koper;munt;1574.0;1579.0;;23.0;NZR2.00567MTL007,NZR2,metaal: koper,munt,1574.0,1579.0,,23.0
NZR2.00571MTL112;NZR2;metaal: brons;munt;1913.0;1913.0;;14.0;NZR2.00571MTL112,NZR2,metaal: brons,munt,1913.0,1913.0,,14.0
NZR2.00571MTL114;NZR2;metaal: koper;munt;1821.0;1821.0;;19.0;NZR2.00571MTL114,NZR2,metaal: koper,munt,1821.0,1821.0,,19.0
NZR2.00571MTL115;NZR2;metaal: koper;munt;1827.0;1827.0;;21.0;NZR2.00571MTL115,NZR2,metaal: koper,munt,1827.0,1827.0,,21.0
NZR2.00571MTL116;NZR2;metaal: koper;munt;1822.0;1822.0;;22.0;NZR2.00571MTL116,NZR2,metaal: koper,munt,1822.0,1822.0,,22.0
NZR2.00571MTL117;NZR2;metaal: brons;munt;1927.0;1927.0;;19.0;NZR2.00571MTL117,NZR2,metaal: brons,munt,1927.0,1927.0,,19.0
NZR2.00571MTL118;NZR2;metaal: zilver;munt;1469.0;1504.0;;23.0;NZR2.00571MTL118,NZR2,metaal: zilver,munt,1469.0,1504.0,,23.0
NZR2.00571MTL119;NZR2;metaal: koper;munt;1766.0;1766.0;;22.0;NZR2.00571MTL119,NZR2,metaal: koper,munt,1766.0,1766.0,,22.0
NZR2.00571MTL120;NZR2;metaal: koper;munt;1795.0;1795.0;;21.0;NZR2.00571MTL120,NZR2,metaal: koper,munt,1795.0,1795.0,,21.0
NZR2.00571MTL123;NZR2;metaal: koper;munt;1827.0;1827.0;;22.0;NZR2.00571MTL123,NZR2,metaal: koper,munt,1827.0,1827.0,,22.0
NZR2.00571MTL124;NZR2;metaal: koper;munt;1682.0;1682.0;;20.0;NZR2.00571MTL124,NZR2,metaal: koper,munt,1682.0,1682.0,,20.0
NZR2.00571MTL125;NZR2;metaal: koper;munt;1666.0;1669.0;;19.0;NZR2.00571MTL125,NZR2,metaal: koper,munt,1666.0,1669.0,,19.0
NZR2.00571MTL126;NZR2;metaal: koper;munt;1819.0;1877.0;;21.0;NZR2.00571MTL126,NZR2,metaal: koper,munt,1819.0,1877.0,,21.0
NZR2.00571MTL127;NZR2;metaal: koper;munt;1768.0;1768.0;;21.0;NZR2.00571MTL127,NZR2,metaal: koper,munt,1768.0,1768.0,,21.0
NZR2.00571MTL128;NZR2;metaal: brons;munt;1909.0;1909.0;;14.0;NZR2.00571MTL128,NZR2,metaal: brons,munt,1909.0,1909.0,,14.0
NZR2.00571MTL129;NZR2;metaal: koperlegering;munt;1550.0;1600.0;;18.0;NZR2.00571MTL129,NZR2,metaal: koperlegering,munt,1550.0,1600.0,,18.0
NZR2.00571MTL130;NZR2;metaal: koper;munt;1821.0;1828.0;;21.0;NZR2.00571MTL130,NZR2,metaal: koper,munt,1821.0,1828.0,,21.0
NZR2.00571MTL131;NZR2;metaal: koper;munt;1830.0;1830.0;;22.0;NZR2.00571MTL131,NZR2,metaal: koper,munt,1830.0,1830.0,,22.0
NZR2.00571MTL132;NZR2;metaal: koper;munt;1819.0;1877.0;;16.0;NZR2.00571MTL132,NZR2,metaal: koper,munt,1819.0,1877.0,,16.0
NZR2.00571MTL133;NZR2;metaal: koper;munt;1790.0;1799.0;;19.0;NZR2.00571MTL133,NZR2,metaal: koper,munt,1790.0,1799.0,,19.0
NZR2.00571MTL134;NZR2;metaal: brons;munt;1883.0;1883.0;;19.0;NZR2.00571MTL134,NZR2,metaal: brons,munt,1883.0,1883.0,,19.0
NZR2.00571MTL135;NZR2;metaal: koper;munt;1826.0;1826.0;;22.0;NZR2.00571MTL135,NZR2,metaal: koper,munt,1826.0,1826.0,,22.0
NZR2.00571MTL136;NZR2;metaal: koper;munt;1739.0;1793.0;;21.0;NZR2.00571MTL136,NZR2,metaal: koper,munt,1739.0,1793.0,,21.0
NZR2.00571MTL137;NZR2;metaal: koper;munt;1821.0;1828.0;;22.0;NZR2.00571MTL137,NZR2,metaal: koper,munt,1821.0,1828.0,,22.0
NZR2.00571MTL138;NZR2;metaal: koper;munt;1826.0;1826.0;;22.0;NZR2.00571MTL138,NZR2,metaal: koper,munt,1826.0,1826.0,,22.0
NZR2.00571MTL139;NZR2;metaal: koper;munt;1606.0;1620.0;;24.0;NZR2.00571MTL139,NZR2,metaal: koper,munt,1606.0,1620.0,,24.0
NZR2.00571MTL140;NZR2;metaal: koper;munt;1827.0;1827.0;;21.0;NZR2.00571MTL140,NZR2,metaal: koper,munt,1827.0,1827.0,,21.0
NZR2.00571MTL141;NZR2;metaal: koper;munt;1620.0;1648.0;;25.0;NZR2.00571MTL141,NZR2,metaal: koper,munt,1620.0,1648.0,,25.0
NZR2.00571MTL142;NZR2;metaal: koper;munt;1685.0;1689.0;;21.0;NZR2.00571MTL142,NZR2,metaal: koper,munt,1685.0,1689.0,,21.0
NZR2.00571MTL143;NZR2;metaal: koper;munt;1826.0;1826.0;;22.0;NZR2.00571MTL143,NZR2,metaal: koper,munt,1826.0,1826.0,,22.0
NZR2.00571MTL144;NZR2;metaal: koper;munt;1827.0;1827.0;;16.0;NZR2.00571MTL144,NZR2,metaal: koper,munt,1827.0,1827.0,,16.0
NZR2.00571MTL145;NZR2;metaal: brons;munt;1911.0;1917.0;;14.0;NZR2.00571MTL145,NZR2,metaal: brons,munt,1911.0,1917.0,,14.0
NZR2.00572MTL012;NZR2;metaal: koper;munt;1619.0;1635.0;;19.0;NZR2.00572MTL012,NZR2,metaal: koper,munt,1619.0,1635.0,,19.0
NZR2.00572MTL013;NZR2;metaal: koper;munt;1780.0;1789.0;;21.0;NZR2.00572MTL013,NZR2,metaal: koper,munt,1780.0,1789.0,,21.0
NZR2.00572MTL015;NZR2;metaal: koper;munt;1826.0;1826.0;;22.0;NZR2.00572MTL015,NZR2,metaal: koper,munt,1826.0,1826.0,,22.0
NZR2.00573MTL011;NZR2;metaal: koper;munt;1827.0;1827.0;;21.0;NZR2.00573MTL011,NZR2,metaal: koper,munt,1827.0,1827.0,,21.0
NZR2.00573MTL012;NZR2;metaal: koper;munt;1829.0;1829.0;;16.0;NZR2.00573MTL012,NZR2,metaal: koper,munt,1829.0,1829.0,,16.0
NZR2.00574MTL020;NZR2;metaal: koper;munt;1831.0;1831.0;;16.0;NZR2.00574MTL020,NZR2,metaal: koper,munt,1831.0,1831.0,,16.0
NZR2.00574MTL021;NZR2;metaal: koper;munt;1832.0;1832.0;;16.0;NZR2.00574MTL021,NZR2,metaal: koper,munt,1832.0,1832.0,,16.0
NZR2.00575MTL031;NZR2;metaal: zilver;munt;1679.0;1696.0;;28.0;NZR2.00575MTL031,NZR2,metaal: zilver,munt,1679.0,1696.0,,28.0
NZR2.00575MTL032;NZR2;metaal: koper;munt;1831.0;1837.0;;16.0;NZR2.00575MTL032,NZR2,metaal: koper,munt,1831.0,1837.0,,16.0
NZR2.00575MTL033;NZR2;metaal: brons;munt;1962.0;1962.0;;17.0;NZR2.00575MTL033,NZR2,metaal: brons,munt,1962.0,1962.0,,17.0
NZR2.00575MTL120;NZR2;metaal: brons;munt;1909.0;1940.0;;14.0;NZR2.00575MTL120,NZR2,metaal: brons,munt,1909.0,1940.0,,14.0
NZR2.00576MTL005;NZR2;metaal: koper;munt;1826.0;1826.0;;21.0;NZR2.00576MTL005,NZR2,metaal: koper,munt,1826.0,1826.0,,21.0
NZR2.00576MTL006;NZR2;metaal: koperlegering;munt;1700.0;1800.0;;20.0;NZR2.00576MTL006,NZR2,metaal: koperlegering,munt,1700.0,1800.0,,20.0
NZR2.00576MTL007;NZR2;metaal: koper;munt;1831.0;1831.0;;16.0;NZR2.00576MTL007,NZR2,metaal: koper,munt,1831.0,1831.0,,16.0
NZR2.00576MTL008;NZR2;metaal: koper;munt;1832.0;1832.0;;16.0;NZR2.00576MTL008,NZR2,metaal: koper,munt,1832.0,1832.0,,16.0
NZR2.00576MTL009;NZR2;metaal: koper;munt;1832.0;1832.0;;16.0;NZR2.00576MTL009,NZR2,metaal: koper,munt,1832.0,1832.0,,16.0
NZR2.00576MTL010;NZR2;metaal: koper;munt;1836.0;1836.0;;22.0;NZR2.00576MTL010,NZR2,metaal: koper,munt,1836.0,1836.0,,22.0
NZR2.00576MTL011;NZR2;metaal: koper;munt;1823.0;1823.0;;21.0;NZR2.00576MTL011,NZR2,metaal: koper,munt,1823.0,1823.0,,21.0
NZR2.00576MTL012;NZR2;metaal: koper;munt;1821.0;1829.0;;16.0;NZR2.00576MTL012,NZR2,metaal: koper,munt,1821.0,1829.0,,16.0
NZR2.00576MTL013;NZR2;metaal: brons;munt;1925.0;1925.0;;19.0;NZR2.00576MTL013,NZR2,metaal: brons,munt,1925.0,1925.0,,19.0
NZR2.00577MTL021;NZR2;metaal: koper;munt;1821.0;1821.0;;29.0;NZR2.00577MTL021,NZR2,metaal: koper,munt,1821.0,1821.0,,29.0
NZR2.00577MTL022;NZR2;metaal: koper;munt;1830.0;1830.0;;22.0;NZR2.00577MTL022,NZR2,metaal: koper,munt,1830.0,1830.0,,22.0
NZR2.00577MTL023;NZR2;metaal: koper;munt;1824.0;1824.0;;22.0;NZR2.00577MTL023,NZR2,metaal: koper,munt,1824.0,1824.0,,22.0
NZR2.00577MTL024;NZR2;metaal: koper;munt;1717.0;1717.0;;21.0;NZR2.00577MTL024,NZR2,metaal: koper,munt,1717.0,1717.0,,21.0
NZR2.00577MTL025;NZR2;metaal: koper;munt;1819.0;1819.0;;18.5;NZR2.00577MTL025,NZR2,metaal: koper,munt,1819.0,1819.0,,18.5
NZR2.00577MTL026;NZR2;metaal: koper;munt;1682.0;1682.0;;21.0;NZR2.00577MTL026,NZR2,metaal: koper,munt,1682.0,1682.0,,21.0
NZR2.00577MTL027;NZR2;metaal: koper;munt;1786.0;1786.0;;22.0;NZR2.00577MTL027,NZR2,metaal: koper,munt,1786.0,1786.0,,22.0
NZR2.00577MTL028;NZR2;metaal: koper;munt;1829.0;1829.0;;16.0;NZR2.00577MTL028,NZR2,metaal: koper,munt,1829.0,1829.0,,16.0
NZR2.00577MTL029;NZR2;metaal: koper;munt;1821.0;1828.0;;15.0;NZR2.00577MTL029,NZR2,metaal: koper,munt,1821.0,1828.0,,15.0
NZR2.00577MTL030;NZR2;metaal: koper;munt;1831.0;1831.0;;16.0;NZR2.00577MTL030,NZR2,metaal: koper,munt,1831.0,1831.0,,16.0
NZR2.00578MTL007;NZR2;metaal: koper;munt;1822.0;1822.0;;21.0;NZR2.00578MTL007,NZR2,metaal: koper,munt,1822.0,1822.0,,21.0
NZR2.00579MTL021;NZR2;metaal: zilver;munt;1849.0;1890.0;;15.0;NZR2.00579MTL021,NZR2,metaal: zilver,munt,1849.0,1890.0,,15.0
NZR2.00581MTL006;NZR2;metaal: koper;munt;1577.0;1577.0;;25.0;NZR2.00581MTL006,NZR2,metaal: koper,munt,1577.0,1577.0,,25.0
NZR2.00581MTL007;NZR2;metaal: koper;munt;1788.0;1788.0;;22.0;NZR2.00581MTL007,NZR2,metaal: koper,munt,1788.0,1788.0,,22.0
NZR2.00581MTL008;NZR2;metaal: koper;munt;1768.0;1768.0;;21.0;NZR2.00581MTL008,NZR2,metaal: koper,munt,1768.0,1768.0,,21.0
NZR2.00581MTL009;NZR2;metaal: koper;munt;1827.0;1827.0;;21.0;NZR2.00581MTL009,NZR2,metaal: koper,munt,1827.0,1827.0,,21.0
NZR2.00581MTL010;NZR2;metaal: koper;munt;1821.0;1821.0;;17.5;NZR2.00581MTL010,NZR2,metaal: koper,munt,1821.0,1821.0,,17.5
NZR2.00581MTL011;NZR2;metaal: koper;munt;1608.0;1648.0;;22.0;NZR2.00581MTL011,NZR2,metaal: koper,munt,1608.0,1648.0,,22.0
NZR2.00581MTL012;NZR2;metaal: zilver;munt;1375.0;1450.0;;21.0;NZR2.00581MTL012,NZR2,metaal: zilver,munt,1375.0,1450.0,,21.0
NZR2.00587MTL001;NZR2;metaal: koper;munt;1687.0;1688.0;;18.0;NZR2.00587MTL001,NZR2,metaal: koper,munt,1687.0,1688.0,,18.0
NZR2.00599MTL058;NZR2;metaal: koper;munt;1604.0;1605.0;;20.0;NZR2.00599MTL058,NZR2,metaal: koper,munt,1604.0,1605.0,,20.0
NZR2.00599MTL059;NZR2;metaal: koper;munt;1821.0;1821.0;;16.0;NZR2.00599MTL059,NZR2,metaal: koper,munt,1821.0,1821.0,,16.0
NZR2.00599MTL060;NZR2;metaal: koper;munt;1689.0;1689.0;;19.0;NZR2.00599MTL060,NZR2,metaal: koper,munt,1689.0,1689.0,,19.0
NZR2.00599MTL061;NZR2;metaal: koper;munt;1827.0;1827.0;;16.0;NZR2.00599MTL061,NZR2,metaal: koper,munt,1827.0,1827.0,,16.0
NZR2.00599MTL062;NZR2;metaal: koper;munt;1827.0;1827.0;;21.0;NZR2.00599MTL062,NZR2,metaal: koper,munt,1827.0,1827.0,,21.0
NZR2.00599MTL064;NZR2;metaal: koper;munt;1786.0;1786.0;;22.0;NZR2.00599MTL064,NZR2,metaal: koper,munt,1786.0,1786.0,,22.0
NZR2.00599MTL065;NZR2;metaal: koper;munt;1823.0;1823.0;;22.0;NZR2.00599MTL065,NZR2,metaal: koper,munt,1823.0,1823.0,,22.0
NZR2.00599MTL066;NZR2;metaal: koper;munt;1827.0;1827.0;;16.0;NZR2.00599MTL066,NZR2,metaal: koper,munt,1827.0,1827.0,,16.0
NZR2.00599MTL067;NZR2;metaal: koper;munt;1832.0;1832.0;;16.0;NZR2.00599MTL067,NZR2,metaal: koper,munt,1832.0,1832.0,,16.0
NZR2.00599MTL068;NZR2;metaal: koper;munt;1832.0;1832.0;;16.0;NZR2.00599MTL068,NZR2,metaal: koper,munt,1832.0,1832.0,,16.0
NZR2.00599MTL070;NZR2;metaal: koper;munt;1821.0;1821.0;;22.0;NZR2.00599MTL070,NZR2,metaal: koper,munt,1821.0,1821.0,,22.0
NZR2.00599MTL071;NZR2;metaal: brons;munt;1878.0;1878.0;;19.0;NZR2.00599MTL071,NZR2,metaal: brons,munt,1878.0,1878.0,,19.0
NZR2.00599MTL072;NZR2;metaal: koper;munt;1837.0;1837.0;;16.0;NZR2.00599MTL072,NZR2,metaal: koper,munt,1837.0,1837.0,,16.0
NZR2.00599MTL074;NZR2;metaal: koper;munt;1702.0;1702.0;;23.0;NZR2.00599MTL074,NZR2,metaal: koper,munt,1702.0,1702.0,,23.0
NZR2.00599MTL079;NZR2;metaal: koper;munt;1780.0;1780.0;;21.0;NZR2.00599MTL079,NZR2,metaal: koper,munt,1780.0,1780.0,,21.0
NZR2.00599MTL080;NZR2;metaal: koper;munt;1819.0;1819.0;;18.0;NZR2.00599MTL080,NZR2,metaal: koper,munt,1819.0,1819.0,,18.0
NZR2.00599MTL081;NZR2;metaal: brons;munt;1878.0;1878.0;;19.0;NZR2.00599MTL081,NZR2,metaal: brons,munt,1878.0,1878.0,,19.0
NZR2.00599MTL082;NZR2;metaal: koper;munt;1634.0;1634.0;;22.0;NZR2.00599MTL082,NZR2,metaal: koper,munt,1634.0,1634.0,,22.0
NZR2.00599MTL083;NZR2;metaal: koper;munt;1826.0;1826.0;;22.0;NZR2.00599MTL083,NZR2,metaal: koper,munt,1826.0,1826.0,,22.0
NZR2.00599MTL084;NZR2;metaal: koper;munt;1606.0;1620.0;;23.0;NZR2.00599MTL084,NZR2,metaal: koper,munt,1606.0,1620.0,,23.0
NZR2.00599MTL085;NZR2;metaal: koper;munt;1826.0;1826.0;;22.0;NZR2.00599MTL085,NZR2,metaal: koper,munt,1826.0,1826.0,,22.0
NZR2.00599MTL086;NZR2;metaal: brons;munt;1877.0;1907.0;;19.0;NZR2.00599MTL086,NZR2,metaal: brons,munt,1877.0,1907.0,,19.0
NZR2.00599MTL087;NZR2;metaal: koper;munt;1821.0;1828.0;;22.0;NZR2.00599MTL087,NZR2,metaal: koper,munt,1821.0,1828.0,,22.0
NZR2.00599MTL088;NZR2;metaal: koper;munt;1769.0;1769.0;;21.0;NZR2.00599MTL088,NZR2,metaal: koper,munt,1769.0,1769.0,,21.0
NZR2.00599MTL089;NZR2;metaal: koper;munt;1822.0;1822.0;;22.0;NZR2.00599MTL089,NZR2,metaal: koper,munt,1822.0,1822.0,,22.0
NZR2.00599MTL092;NZR2;metaal: brons;munt;1917.0;1917.0;;14.0;NZR2.00599MTL092,NZR2,metaal: brons,munt,1917.0,1917.0,,14.0
NZR2.00599MTL093;NZR2;metaal: koper;munt;1822.0;1822.0;;17.0;NZR2.00599MTL093,NZR2,metaal: koper,munt,1822.0,1822.0,,17.0
NZR2.00599MTL094;NZR2;metaal: brons;munt;1877.0;1941.0;;19.0;NZR2.00599MTL094,NZR2,metaal: brons,munt,1877.0,1941.0,,19.0
NZR2.00599MTL095;NZR2;metaal: koper;munt;1827.0;1827.0;;16.0;NZR2.00599MTL095,NZR2,metaal: koper,munt,1827.0,1827.0,,16.0
NZR2.00599MTL096;NZR2;metaal: koper;munt;1821.0;1828.0;;16.0;NZR2.00599MTL096,NZR2,metaal: koper,munt,1821.0,1828.0,,16.0
NZR2.00599MTL097;NZR2;metaal: koper;munt;1821.0;1821.0;;18.0;NZR2.00599MTL097,NZR2,metaal: koper,munt,1821.0,1821.0,,18.0
NZR2.00599MTL098;NZR2;metaal: koper;munt;1886.0;1886.0;;17.5;NZR2.00599MTL098,NZR2,metaal: koper,munt,1886.0,1886.0,,17.5
NZR2.00599MTL099;NZR2;metaal: koper;munt;1831.0;1831.0;;22.0;NZR2.00599MTL099,NZR2,metaal: koper,munt,1831.0,1831.0,,22.0
NZR2.00599MTL101;NZR2;metaal: koper;munt;1833.0;1919.0;;22.0;NZR2.00599MTL101,NZR2,metaal: koper,munt,1833.0,1919.0,,22.0
NZR2.00599MTL112;NZR2;metaal: zilver;munt;1688.0;1688.0;;27.0;NZR2.00599MTL112,NZR2,metaal: zilver,munt,1688.0,1688.0,,27.0
NZR2.00599MTL113;NZR2;metaal: koper;munt;1791.0;1791.0;;22.0;NZR2.00599MTL113,NZR2,metaal: koper,munt,1791.0,1791.0,,22.0
NZR2.00599MTL114;NZR2;metaal: koper;munt;1601.0;1603.0;;24.0;NZR2.00599MTL114,NZR2,metaal: koper,munt,1601.0,1603.0,,24.0
NZR2.00599MTL115;NZR2;metaal: koper;munt;1823.0;1823.0;;16.0;NZR2.00599MTL115,NZR2,metaal: koper,munt,1823.0,1823.0,,16.0
NZR2.00599MTL116;NZR2;metaal: nikkel;munt;1963.0;1963.0;;19.0;NZR2.00599MTL116,NZR2,metaal: nikkel,munt,1963.0,1963.0,,19.0
NZR2.00599MTL118;NZR2;metaal: koper;munt;1670.0;1670.0;;16.0;NZR2.00599MTL118,NZR2,metaal: koper,munt,1670.0,1670.0,,16.0
NZR2.00599MTL119;NZR2;metaal: koper;munt;1822.0;1822.0;;22.0;NZR2.00599MTL119,NZR2,metaal: koper,munt,1822.0,1822.0,,22.0
NZR2.00599MTL120;NZR2;metaal: koper;munt;1819.0;1819.0;;19.0;NZR2.00599MTL120,NZR2,metaal: koper,munt,1819.0,1819.0,,19.0
NZR2.00599MTL121;NZR2;metaal: koper;munt;1626.0;1640.0;;19.0;NZR2.00599MTL121,NZR2,metaal: koper,munt,1626.0,1640.0,,19.0
NZR2.00599MTL123;NZR2;metaal: koper;munt;1690.0;1699.0;;21.0;NZR2.00599MTL123,NZR2,metaal: koper,munt,1690.0,1699.0,,21.0
NZR2.00599MTL124;NZR2;metaal: koper;munt;1819.0;1819.0;;18.0;NZR2.00599MTL124,NZR2,metaal: koper,munt,1819.0,1819.0,,18.0
NZR2.00599MTL125;NZR2;metaal: koper;munt;1821.0;1828.0;;22.0;NZR2.00599MTL125,NZR2,metaal: koper,munt,1821.0,1828.0,,22.0
NZR2.00599MTL126;NZR2;metaal: koper;munt;1620.0;1648.0;;22.0;NZR2.00599MTL126,NZR2,metaal: koper,munt,1620.0,1648.0,,22.0
NZR2.00599MTL127;NZR2;metaal: koper;munt;1766.0;1792.0;;22.0;NZR2.00599MTL127,NZR2,metaal: koper,munt,1766.0,1792.0,,22.0
NZR2.00599MTL128;NZR2;metaal: koper;munt;1821.0;1828.0;;16.0;NZR2.00599MTL128,NZR2,metaal: koper,munt,1821.0,1828.0,,16.0
NZR2.00599MTL129;NZR2;metaal: koper;munt;1767.0;1767.0;;21.0;NZR2.00599MTL129,NZR2,metaal: koper,munt,1767.0,1767.0,,21.0
NZR2.00599MTL130;NZR2;metaal: koper;munt;1684.0;1684.0;;20.0;NZR2.00599MTL130,NZR2,metaal: koper,munt,1684.0,1684.0,,20.0
NZR2.00599MTL131;NZR2;metaal: koper;munt;1700.0;1800.0;;21.0;NZR2.00599MTL131,NZR2,metaal: koper,munt,1700.0,1800.0,,21.0
NZR2.00599MTL132;NZR2;metaal: koperlegering;munt;1500.0;1600.0;;22.0;NZR2.00599MTL132,NZR2,metaal: koperlegering,munt,1500.0,1600.0,,22.0
NZR2.00599MTL133;NZR2;metaal: koper;munt;1831.0;1831.0;;16.0;NZR2.00599MTL133,NZR2,metaal: koper,munt,1831.0,1831.0,,16.0
NZR2.00599MTL134;NZR2;metaal: koper;munt;1662.0;1702.0;;19.0;NZR2.00599MTL134,NZR2,metaal: koper,munt,1662.0,1702.0,,19.0
NZR2.00599MTL135;NZR2;metaal: koper;munt;1821.0;1821.0;;16.0;NZR2.00599MTL135,NZR2,metaal: koper,munt,1821.0,1821.0,,16.0
NZR2.00599MTL136;NZR2;metaal: koper;munt;1617.0;1637.0;;19.0;NZR2.00599MTL136,NZR2,metaal: koper,munt,1617.0,1637.0,,19.0
NZR2.00599MTL151;NZR2;metaal: brons;munt;1878.0;1878.0;;19.0;NZR2.00599MTL151,NZR2,metaal: brons,munt,1878.0,1878.0,,19.0
NZR2.00599MTL152;NZR2;metaal: koper;munt;1832.0;1832.0;;16.0;NZR2.00599MTL152,NZR2,metaal: koper,munt,1832.0,1832.0,,16.0
NZR2.00599MTL153;NZR2;metaal: koper;munt;1831.0;1831.0;;22.0;NZR2.00599MTL153,NZR2,metaal: koper,munt,1831.0,1831.0,,22.0
NZR2.00599MTL154;NZR2;metaal: koper;munt;1827.0;1827.0;;21.0;NZR2.00599MTL154,NZR2,metaal: koper,munt,1827.0,1827.0,,21.0
NZR2.00599MTL155;NZR2;metaal: koper;munt;1819.0;1819.0;;18.0;NZR2.00599MTL155,NZR2,metaal: koper,munt,1819.0,1819.0,,18.0
NZR2.00599MTL156;NZR2;metaal: koper;munt;1819.0;1877.0;;16.0;NZR2.00599MTL156,NZR2,metaal: koper,munt,1819.0,1877.0,,16.0
NZR2.00599MTL157;NZR2;metaal: koper;munt;1794.0;1794.0;;20.0;NZR2.00599MTL157,NZR2,metaal: koper,munt,1794.0,1794.0,,20.0
NZR2.00599MTL158;NZR2;metaal: koper;munt;1822.0;1822.0;;18.0;NZR2.00599MTL158,NZR2,metaal: koper,munt,1822.0,1822.0,,18.0
NZR2.00599MTL159;NZR2;metaal: koper;munt;1702.0;1702.0;;22.0;NZR2.00599MTL159,NZR2,metaal: koper,munt,1702.0,1702.0,,22.0
NZR2.00599MTL160;NZR2;metaal: koper;munt;1821.0;1828.0;;22.0;NZR2.00599MTL160,NZR2,metaal: koper,munt,1821.0,1828.0,,22.0
NZR2.00599MTL161;NZR2;metaal: koper;munt;1715.0;1715.0;;20.0;NZR2.00599MTL161,NZR2,metaal: koper,munt,1715.0,1715.0,,20.0
NZR2.00599MTL162;NZR2;metaal: koper;munt;1662.0;1794.0;;19.0;NZR2.00599MTL162,NZR2,metaal: koper,munt,1662.0,1794.0,,19.0
NZR2.00599MTL163;NZR2;metaal: koper;munt;1720.0;1729.0;;20.0;NZR2.00599MTL163,NZR2,metaal: koper,munt,1720.0,1729.0,,20.0
NZR2.00599MTL165;NZR2;metaal: koper;munt;1828.0;1828.0;;22.0;NZR2.00599MTL165,NZR2,metaal: koper,munt,1828.0,1828.0,,22.0
NZR2.00599MTL166;NZR2;metaal: koperlegering;munt;1600.0;1700.0;;27.0;NZR2.00599MTL166,NZR2,metaal: koperlegering,munt,1600.0,1700.0,,27.0
NZR2.00599MTL167;NZR2;metaal: koper;munt;1826.0;1826.0;;21.0;NZR2.00599MTL167,NZR2,metaal: koper,munt,1826.0,1826.0,,21.0
NZR2.00599MTL168;NZR2;metaal: koper;munt;1896.0;1896.0;;17.0;NZR2.00599MTL168,NZR2,metaal: koper,munt,1896.0,1896.0,,17.0
NZR2.00599MTL169;NZR2;metaal: koper;munt;1827.0;1827.0;;21.0;NZR2.00599MTL169,NZR2,metaal: koper,munt,1827.0,1827.0,,21.0
NZR2.00599MTL170;NZR2;metaal: koper;munt;1621.0;1665.0;;24.0;NZR2.00599MTL170,NZR2,metaal: koper,munt,1621.0,1665.0,,24.0
NZR2.00599MTL171;NZR2;metaal: koper;munt;1640.0;1649.0;;20.0;NZR2.00599MTL171,NZR2,metaal: koper,munt,1640.0,1649.0,,20.0
NZR2.00599MTL172;NZR2;metaal: koper;munt;1832.0;1832.0;;16.0;NZR2.00599MTL172,NZR2,metaal: koper,munt,1832.0,1832.0,,16.0
NZR2.00599MTL173;NZR2;metaal: zilver;munt;1600.0;1800.0;;19.0;NZR2.00599MTL173,NZR2,metaal: zilver,munt,1600.0,1800.0,,19.0
NZR2.00599MTL174;NZR2;metaal: zilver;munt;1602.0;1620.0;;22.0;NZR2.00599MTL174,NZR2,metaal: zilver,munt,1602.0,1620.0,,22.0
NZR2.00599MTL175;NZR2;metaal: koper;munt;1821.0;1821.0;;21.0;NZR2.00599MTL175,NZR2,metaal: koper,munt,1821.0,1821.0,,21.0
NZR2.00599MTL176;NZR2;metaal: koper;munt;1739.0;1739.0;;21.0;NZR2.00599MTL176,NZR2,metaal: koper,munt,1739.0,1739.0,,21.0
NZR2.00599MTL177;NZR2;metaal: zilver;munt;1600.0;1800.0;;20.0;NZR2.00599MTL177,NZR2,metaal: zilver,munt,1600.0,1800.0,,20.0
NZR2.00599MTL178;NZR2;metaal: koper;munt;1754.0;1754.0;;20.0;NZR2.00599MTL178,NZR2,metaal: koper,munt,1754.0,1754.0,,20.0
NZR2.00599MTL180;NZR2;metaal: koper;munt;1831.0;1831.0;;22.0;NZR2.00599MTL180,NZR2,metaal: koper,munt,1831.0,1831.0,,22.0
NZR2.00599MTL181;NZR2;metaal: koper;munt;1822.0;1822.0;;16.0;NZR2.00599MTL181,NZR2,metaal: koper,munt,1822.0,1822.0,,16.0
NZR2.00599MTL182;NZR2;;munt;2002.0;2002.0;;27.0;NZR2.00599MTL182,NZR2,,munt,2002.0,2002.0,,27.0
NZR2.00599MTL183;NZR2;metaal: koper;munt;1826.0;1826.0;;21.0;NZR2.00599MTL183,NZR2,metaal: koper,munt,1826.0,1826.0,,21.0
NZR2.00599MTL184;NZR2;metaal: brons;munt;1929.0;1929.0;;19.0;NZR2.00599MTL184,NZR2,metaal: brons,munt,1929.0,1929.0,,19.0
NZR2.00599MTL185;NZR2;metaal: koper;munt;1823.0;1823.0;;22.0;NZR2.00599MTL185,NZR2,metaal: koper,munt,1823.0,1823.0,,22.0
NZR2.00599MTL186;NZR2;metaal: koper;munt;1823.0;1823.0;;22.0;NZR2.00599MTL186,NZR2,metaal: koper,munt,1823.0,1823.0,,22.0
NZR2.00599MTL187;NZR2;metaal: koper;munt;1628.0;1629.0;;20.0;NZR2.00599MTL187,NZR2,metaal: koper,munt,1628.0,1629.0,,20.0
NZR2.00599MTL188;NZR2;metaal: koper;munt;1821.0;1828.0;;22.0;NZR2.00599MTL188,NZR2,metaal: koper,munt,1821.0,1828.0,,22.0
NZR2.00599MTL189;NZR2;metaal: koper;munt;1806.0;1806.0;;19.0;NZR2.00599MTL189,NZR2,metaal: koper,munt,1806.0,1806.0,,19.0
NZR2.00599MTL190;NZR2;metaal: koper;munt;1827.0;1827.0;;16.0;NZR2.00599MTL190,NZR2,metaal: koper,munt,1827.0,1827.0,,16.0
NZR2.00599MTL191;NZR2;metaal: koper;munt;1821.0;1828.0;;22.0;NZR2.00599MTL191,NZR2,metaal: koper,munt,1821.0,1828.0,,22.0
NZR2.00599MTL192;NZR2;metaal: koper;munt;1821.0;1821.0;;18.0;NZR2.00599MTL192,NZR2,metaal: koper,munt,1821.0,1821.0,,18.0
NZR2.00599MTL194;NZR2;metaal: koper;munt;1832.0;1832.0;;16.0;NZR2.00599MTL194,NZR2,metaal: koper,munt,1832.0,1832.0,,16.0
NZR2.00599MTL195;NZR2;metaal: zilver;munt;1760.0;1760.0;;16.0;NZR2.00599MTL195,NZR2,metaal: zilver,munt,1760.0,1760.0,,16.0
NZR2.00599MTL197;NZR2;metaal: brons;munt;1930.0;1930.0;;14.0;NZR2.00599MTL197,NZR2,metaal: brons,munt,1930.0,1930.0,,14.0
NZR2.00599MTL198;NZR2;metaal: koper;munt;1700.0;1850.0;;23.0;NZR2.00599MTL198,NZR2,metaal: koper,munt,1700.0,1850.0,,23.0
NZR2.00599MTL199;NZR2;metaal: zilver;munt;1687.0;1688.0;;29.0;NZR2.00599MTL199,NZR2,metaal: zilver,munt,1687.0,1688.0,,29.0
NZR2.00599MTL201;NZR2;metaal: koper;munt;1604.0;1605.0;;22.0;NZR2.00599MTL201,NZR2,metaal: koper,munt,1604.0,1605.0,,22.0
NZR2.00599MTL202;NZR2;metaal: koper;munt;1767.0;1767.0;;21.0;NZR2.00599MTL202,NZR2,metaal: koper,munt,1767.0,1767.0,,21.0
NZR2.00599MTL328;NZR2;metaal: messing;munt;117.0;161.0;;29.5;NZR2.00599MTL328,NZR2,metaal: messing,munt,117.0,161.0,,29.5
NZR2.00611MTL001;NZR2;metaal: zilver;munt;1626.0;1626.0;;29.0;NZR2.00611MTL001,NZR2,metaal: zilver,munt,1626.0,1626.0,,29.0
NZR2.00611MTL002;NZR2;metaal: koper;munt;1606.0;1607.0;;23.0;NZR2.00611MTL002,NZR2,metaal: koper,munt,1606.0,1607.0,,23.0
NZR2.00635MTL002;NZR2;metaal: koper;munt;1794.0;1794.0;;22.0;NZR2.00635MTL002,NZR2,metaal: koper,munt,1794.0,1794.0,,22.0
NZR2.00647MTL001;NZR2;metaal: koper;munt;1620.0;1648.0;;20.0;NZR2.00647MTL001,NZR2,metaal: koper,munt,1620.0,1648.0,,20.0
NZR2.00657MTL001;NZR2;metaal: koper;munt;1626.0;1663.0;;20.0;NZR2.00657MTL001,NZR2,metaal: koper,munt,1626.0,1663.0,,20.0
NZR2.00672MTL001;NZR2;metaal: koperlegering;munt;1575.0;1700.0;;18.0;NZR2.00672MTL001,NZR2,metaal: koperlegering,munt,1575.0,1700.0,,18.0
NZR2.00768MTL001;NZR2;metaal: koper;munt;1641.0;1643.0;;23.0;NZR2.00768MTL001,NZR2,metaal: koper,munt,1641.0,1643.0,,23.0
NZR2.00824MTL001;NZR2;metaal: brons;munt;1878.0;1878.0;;19.0;NZR2.00824MTL001,NZR2,metaal: brons,munt,1878.0,1878.0,,19.0
NZR2.00824MTL002;NZR2;metaal: koper;munt;1832.0;1832.0;;16.0;NZR2.00824MTL002,NZR2,metaal: koper,munt,1832.0,1832.0,,16.0
NZR2.00824MTL003;NZR2;metaal: koper;munt;1856.0;1856.0;;22.0;NZR2.00824MTL003,NZR2,metaal: koper,munt,1856.0,1856.0,,22.0
NZR2.00824MTL004;NZR2;metaal: brons;munt;1913.0;1913.0;;19.0;NZR2.00824MTL004,NZR2,metaal: brons,munt,1913.0,1913.0,,19.0
NZR2.00850MTL001;NZR2;metaal: koper;munt;1658.0;1658.0;;20.0;NZR2.00850MTL001,NZR2,metaal: koper,munt,1658.0,1658.0,,20.0
NZR2.00850MTL002;NZR2;metaal: brons;munt;1899.0;1899.0;;19.0;NZR2.00850MTL002,NZR2,metaal: brons,munt,1899.0,1899.0,,19.0
NZR2.00850MTL003;NZR2;metaal: koper;munt;1823.0;1823.0;;22.0;NZR2.00850MTL003,NZR2,metaal: koper,munt,1823.0,1823.0,,22.0
NZR2.00850MTL004;NZR2;metaal: brons;munt;1919.0;1919.0;;19.0;NZR2.00850MTL004,NZR2,metaal: brons,munt,1919.0,1919.0,,19.0
NZR2.00850MTL005;NZR2;metaal: koper;munt;1827.0;1827.0;;21.0;NZR2.00850MTL005,NZR2,metaal: koper,munt,1827.0,1827.0,,21.0
NZR2.00850MTL006;NZR2;metaal: brons;munt;1916.0;1916.0;;19.0;NZR2.00850MTL006,NZR2,metaal: brons,munt,1916.0,1916.0,,19.0
NZR2.00850MTL007;NZR2;metaal: brons;munt;1878.0;1878.0;;19.0;NZR2.00850MTL007,NZR2,metaal: brons,munt,1878.0,1878.0,,19.0
NZR2.00850MTL008;NZR2;metaal: koper;munt;1663.0;1663.0;;19.0;NZR2.00850MTL008,NZR2,metaal: koper,munt,1663.0,1663.0,,19.0
NZR2.00850MTL009;NZR2;metaal: brons;munt;1906.0;1906.0;;19.0;NZR2.00850MTL009,NZR2,metaal: brons,munt,1906.0,1906.0,,19.0
NZR2.00850MTL010;NZR2;metaal: koper;munt;1827.0;1827.0;;16.0;NZR2.00850MTL010,NZR2,metaal: koper,munt,1827.0,1827.0,,16.0
NZR2.01001MTL005;NZR2;metaal: koper;munt;1822.0;1822.0;;21.0;NZR2.01001MTL005,NZR2,metaal: koper,munt,1822.0,1822.0,,21.0
NZR2.01001MTL006;NZR2;metaal: koper;munt;1784.0;1784.0;;21.0;NZR2.01001MTL006,NZR2,metaal: koper,munt,1784.0,1784.0,,21.0
NZR2.01002MTL003;NZR2;metaal: koper;munt;1832.0;1832.0;;16.0;NZR2.01002MTL003,NZR2,metaal: koper,munt,1832.0,1832.0,,16.0
NZR2.01002MTL004;NZR2;metaal: koper;munt;1831.0;1831.0;;16.0;NZR2.01002MTL004,NZR2,metaal: koper,munt,1831.0,1831.0,,16.0
NZR2.01002MTL005;NZR2;metaal: zilver;munt;1910.0;1925.0;;15.0;NZR2.01002MTL005,NZR2,metaal: zilver,munt,1910.0,1925.0,,15.0
NZR2.01002MTL006;NZR2;metaal: koper;munt;1606.0;1619.0;;21.0;NZR2.01002MTL006,NZR2,metaal: koper,munt,1606.0,1619.0,,21.0
NZR2.01002MTL007;NZR2;metaal: zilver;munt;1686.0;1686.0;;18.0;NZR2.01002MTL007,NZR2,metaal: zilver,munt,1686.0,1686.0,,18.0
NZR2.01002MTL008;NZR2;metaal: koper;munt;1657.0;1690.0;;20.0;NZR2.01002MTL008,NZR2,metaal: koper,munt,1657.0,1690.0,,20.0
NZR2.01002MTL009;NZR2;metaal: koper;munt;1828.0;1828.0;;22.0;NZR2.01002MTL009,NZR2,metaal: koper,munt,1828.0,1828.0,,22.0
NZR2.01002MTL010;NZR2;metaal: koper;munt;1822.0;1822.0;;16.0;NZR2.01002MTL010,NZR2,metaal: koper,munt,1822.0,1822.0,,16.0
NZR2.01002MTL011;NZR2;metaal: koper;munt;1805.0;1805.0;;17.0;NZR2.01002MTL011,NZR2,metaal: koper,munt,1805.0,1805.0,,17.0
NZR2.01002MTL012;NZR2;metaal: koper;munt;1826.0;1826.0;;22.0;NZR2.01002MTL012,NZR2,metaal: koper,munt,1826.0,1826.0,,22.0
NZR2.01003MTL005;NZR2;metaal: koper;munt;1828.0;1828.0;;22.0;NZR2.01003MTL005,NZR2,metaal: koper,munt,1828.0,1828.0,,22.0
NZR2.01003MTL006;NZR2;metaal: koper;munt;1823.0;1823.0;;21.0;NZR2.01003MTL006,NZR2,metaal: koper,munt,1823.0,1823.0,,21.0
NZR2.01004MTL001;NZR2;metaal: koper;munt;1820.0;1820.0;;18.0;NZR2.01004MTL001,NZR2,metaal: koper,munt,1820.0,1820.0,,18.0
NZR2.01004MTL002;NZR2;metaal: koper;munt;1821.0;1821.0;;21.0;NZR2.01004MTL002,NZR2,metaal: koper,munt,1821.0,1821.0,,21.0
NZR2.01005MTL001;NZR2;metaal: zilver;munt;1681.0;1691.0;;25.0;NZR2.01005MTL001,NZR2,metaal: zilver,munt,1681.0,1691.0,,25.0
NZR2.01005MTL002;NZR2;metaal: koper;munt;1621.0;1665.0;;21.0;NZR2.01005MTL002,NZR2,metaal: koper,munt,1621.0,1665.0,,21.0
NZR2.01005MTL003;NZR2;metaal: zilver;munt;1614.0;1614.0;;20.0;NZR2.01005MTL003,NZR2,metaal: zilver,munt,1614.0,1614.0,,20.0
NZR2.01005MTL004;NZR2;metaal: koper;munt;1766.0;1766.0;;21.0;NZR2.01005MTL004,NZR2,metaal: koper,munt,1766.0,1766.0,,21.0
NZR2.01005MTL016;NZR2;metaal: koperlegering;munt;2002.0;2002.0;;22.25;NZR2.01005MTL016,NZR2,metaal: koperlegering,munt,2002.0,2002.0,,22.25
NZR2.01005MTL018;NZR2;metaal: koperlegering;munt;1600.0;1800.0;;19.0;NZR2.01005MTL018,NZR2,metaal: koperlegering,munt,1600.0,1800.0,,19.0
NZR2.01005MTL019;NZR2;metaal: koper;munt;1826.0;1826.0;;21.0;NZR2.01005MTL019,NZR2,metaal: koper,munt,1826.0,1826.0,,21.0
NZR2.01005MTL020;NZR2;metaal: brons;munt;1900.0;1900.0;;19.0;NZR2.01005MTL020,NZR2,metaal: brons,munt,1900.0,1900.0,,19.0
NZR2.01005MTL021;NZR2;metaal: koper;munt;1819.0;1819.0;;18.0;NZR2.01005MTL021,NZR2,metaal: koper,munt,1819.0,1819.0,,18.0
NZR2.01005MTL023;NZR2;metaal: koper;munt;1574.0;1579.0;;25.0;NZR2.01005MTL023,NZR2,metaal: koper,munt,1574.0,1579.0,,25.0
NZR2.01005MTL024;NZR2;metaal: koper;munt;1827.0;1827.0;;21.0;NZR2.01005MTL024,NZR2,metaal: koper,munt,1827.0,1827.0,,21.0
NZR2.01005MTL025;NZR2;metaal: koper;munt;1822.0;1822.0;;16.0;NZR2.01005MTL025,NZR2,metaal: koper,munt,1822.0,1822.0,,16.0
NZR2.01005MTL026;NZR2;metaal: koper;munt;1785.0;1785.0;;21.0;NZR2.01005MTL026,NZR2,metaal: koper,munt,1785.0,1785.0,,21.0
NZR2.01005MTL027;NZR2;metaal: koper;munt;1827.0;1827.0;;21.0;NZR2.01005MTL027,NZR2,metaal: koper,munt,1827.0,1827.0,,21.0
NZR2.01005MTL028;NZR2;metaal: koper;munt;1600.0;1800.0;;23.0;NZR2.01005MTL028,NZR2,metaal: koper,munt,1600.0,1800.0,,23.0
NZR2.01006MTL002;NZR2;metaal: zilver;munt;1623.0;1623.0;;17.0;NZR2.01006MTL002,NZR2,metaal: zilver,munt,1623.0,1623.0,,17.0
NZR2.01006MTL004;NZR2;metaal: koper;munt;1600.0;1700.0;;22.0;NZR2.01006MTL004,NZR2,metaal: koper,munt,1600.0,1700.0,,22.0
NZR2.01006MTL005;NZR2;metaal: zilver;munt;1396.0;1506.0;;22.0;NZR2.01006MTL005,NZR2,metaal: zilver,munt,1396.0,1506.0,,22.0
NZR2.01006MTL006;NZR2;metaal: koper;munt;1783.0;1783.0;;21.0;NZR2.01006MTL006,NZR2,metaal: koper,munt,1783.0,1783.0,,21.0
NZR2.01006MTL008;NZR2;metaal: brons;munt;1878.0;1878.0;;19.0;NZR2.01006MTL008,NZR2,metaal: brons,munt,1878.0,1878.0,,19.0
NZR2.01007MTL002;NZR2;metaal: koper;munt;1819.0;1877.0;;16.0;NZR2.01007MTL002,NZR2,metaal: koper,munt,1819.0,1877.0,,16.0
NZR2.01008MTL001;NZR2;metaal: koper;munt;1689.0;1689.0;;20.0;NZR2.01008MTL001,NZR2,metaal: koper,munt,1689.0,1689.0,,20.0
NZR2.01008MTL003;NZR2;metaal: koper;munt;1791.0;1791.0;;21.0;NZR2.01008MTL003,NZR2,metaal: koper,munt,1791.0,1791.0,,21.0
NZR2.01008MTL004;NZR2;metaal: brons;munt;1903.0;1903.0;;14.0;NZR2.01008MTL004,NZR2,metaal: brons,munt,1903.0,1903.0,,14.0
NZR2.01008MTL005;NZR2;metaal: zilver;munt;1622.0;1622.0;;19.0;NZR2.01008MTL005,NZR2,metaal: zilver,munt,1622.0,1622.0,,19.0
NZR2.01008MTL007;NZR2;metaal: koper;munt;1821.0;1829.0;;16.0;NZR2.01008MTL007,NZR2,metaal: koper,munt,1821.0,1829.0,,16.0
NZR2.01009MTL037;NZR2;metaal: koper;munt;1700.0;1800.0;;24.0;NZR2.01009MTL037,NZR2,metaal: koper,munt,1700.0,1800.0,,24.0
NZR2.01010MTL001;NZR2;metaal: brons;munt;1921.0;1921.0;;31.0;NZR2.01010MTL001,NZR2,metaal: brons,munt,1921.0,1921.0,,31.0
NZR2.01010MTL002;NZR2;metaal: koper;munt;1821.0;1821.0;;21.0;NZR2.01010MTL002,NZR2,metaal: koper,munt,1821.0,1821.0,,21.0
NZR2.01010MTL003;NZR2;metaal: brons;munt;1878.0;1878.0;;19.0;NZR2.01010MTL003,NZR2,metaal: brons,munt,1878.0,1878.0,,19.0
NZR2.01010MTL004;NZR2;metaal: koperlegering;munt;1700.0;1800.0;;22.0;NZR2.01010MTL004,NZR2,metaal: koperlegering,munt,1700.0,1800.0,,22.0
NZR2.01010MTL006;NZR2;metaal: koper;munt;1604.0;1605.0;;21.0;NZR2.01010MTL006,NZR2,metaal: koper,munt,1604.0,1605.0,,21.0
NZR2.01010MTL007;NZR2;metaal: koper;munt;1626.0;1699.0;;22.0;NZR2.01010MTL007,NZR2,metaal: koper,munt,1626.0,1699.0,,22.0
NZR2.01010MTL008;NZR2;metaal: koperlegering;munt;2001.0;2001.0;;19.75;NZR2.01010MTL008,NZR2,metaal: koperlegering,munt,2001.0,2001.0,,19.75
NZR2.01013MTL004;NZR2;metaal: koper;munt;1832.0;1832.0;;16.0;NZR2.01013MTL004,NZR2,metaal: koper,munt,1832.0,1832.0,,16.0
NZR2.01014MTL003;NZR2;metaal: brons;munt;1883.0;1883.0;;14.0;NZR2.01014MTL003,NZR2,metaal: brons,munt,1883.0,1883.0,,14.0
NZR2.01015MTL004;NZR2;metaal: zilver;munt;1600.0;1800.0;;21.0;NZR2.01015MTL004,NZR2,metaal: zilver,munt,1600.0,1800.0,,21.0
NZR2.01015MTL006;NZR2;metaal: koper;munt;1823.0;1823.0;;15.0;NZR2.01015MTL006,NZR2,metaal: koper,munt,1823.0,1823.0,,15.0
NZR2.01015MTL007;NZR2;metaal: koper;munt;1832.0;1832.0;;16.0;NZR2.01015MTL007,NZR2,metaal: koper,munt,1832.0,1832.0,,16.0
NZR2.01015MTL008;NZR2;metaal: koper;munt;1823.0;1823.0;;21.0;NZR2.01015MTL008,NZR2,metaal: koper,munt,1823.0,1823.0,,21.0
NZR2.01015MTL009;NZR2;metaal: koper-nikkel;munt;1894.0;1894.0;;21.0;NZR2.01015MTL009,NZR2,metaal: koper-nikkel,munt,1894.0,1894.0,,21.0
NZR2.01015MTL011;NZR2;metaal: koper;munt;1831.0;1831.0;;22.0;NZR2.01015MTL011,NZR2,metaal: koper,munt,1831.0,1831.0,,22.0
NZR2.01015MTL012;NZR2;metaal: koper;munt;1821.0;1821.0;;21.0;NZR2.01015MTL012,NZR2,metaal: koper,munt,1821.0,1821.0,,21.0
NZR2.01016MTL002;NZR2;metaal: zilver;munt;1614.0;1734.0;;22.0;NZR2.01016MTL002,NZR2,metaal: zilver,munt,1614.0,1734.0,,22.0
NZR2.01016MTL003;NZR2;metaal: brons;munt;1880.0;1880.0;;19.0;NZR2.01016MTL003,NZR2,metaal: brons,munt,1880.0,1880.0,,19.0
NZR2.01016MTL004;NZR2;metaal: koper;munt;1758.0;1758.0;;21.0;NZR2.01016MTL004,NZR2,metaal: koper,munt,1758.0,1758.0,,21.0
NZR2.01016MTL006;NZR2;metaal: koper;munt;1692.0;1692.0;;19.0;NZR2.01016MTL006,NZR2,metaal: koper,munt,1692.0,1692.0,,19.0
NZR2.01016MTL007;NZR2;metaal: koper;munt;1828.0;1828.0;;22.0;NZR2.01016MTL007,NZR2,metaal: koper,munt,1828.0,1828.0,,22.0
NZR2.01016MTL008;NZR2;metaal: koper;munt;1828.0;1828.0;;22.0;NZR2.01016MTL008,NZR2,metaal: koper,munt,1828.0,1828.0,,22.0
NZR2.01016MTL009;NZR2;metaal: koper;munt;1828.0;1828.0;;22.0;NZR2.01016MTL009,NZR2,metaal: koper,munt,1828.0,1828.0,,22.0
NZR2.01018MTL001;NZR2;metaal: koper;munt;1837.0;1837.0;;16.0;NZR2.01018MTL001,NZR2,metaal: koper,munt,1837.0,1837.0,,16.0
NZR2.01018MTL003;NZR2;metaal: koperlegering;munt;1700.0;1800.0;;22.0;NZR2.01018MTL003,NZR2,metaal: koperlegering,munt,1700.0,1800.0,,22.0
NZR2.01019MTL002;NZR2;metaal: koper;munt;1837.0;1837.0;;22.0;NZR2.01019MTL002,NZR2,metaal: koper,munt,1837.0,1837.0,,22.0
NZR2.01020MTL001;NZR2;metaal: zilver;munt;1621.0;1629.0;;16.0;NZR2.01020MTL001,NZR2,metaal: zilver,munt,1621.0,1629.0,,16.0
NZR2.01021MTL005;NZR2;metaal: brons;munt;1899.0;1899.0;;19.0;NZR2.01021MTL005,NZR2,metaal: brons,munt,1899.0,1899.0,,19.0
NZR2.01025MTL001;NZR2;metaal: koperlegering;munt;1700.0;1800.0;;22.0;NZR2.01025MTL001,NZR2,metaal: koperlegering,munt,1700.0,1800.0,,22.0
NZR2.01032MTL002;NZR2;metaal: koper;munt;1821.0;1828.0;;22.0;NZR2.01032MTL002,NZR2,metaal: koper,munt,1821.0,1828.0,,22.0
NZR2.01034MTL004;NZR2;metaal: koper;munt;1827.0;1827.0;;16.0;NZR2.01034MTL004,NZR2,metaal: koper,munt,1827.0,1827.0,,16.0
NZR2.01034MTL005;NZR2;metaal: koperlegering;munt;1600.0;1800.0;;23.0;NZR2.01034MTL005,NZR2,metaal: koperlegering,munt,1600.0,1800.0,,23.0
NZV1.00013MTL008;NZV1;metaal: koper;munt;1719.0;1719.0;;24.0;NZV1.00013MTL008,NZV1,metaal: koper,munt,1719.0,1719.0,,24.0
NZV1.00013MTL010;NZV1;metaal: koper;munt;1819.0;1877.0;;16.0;NZV1.00013MTL010,NZV1,metaal: koper,munt,1819.0,1877.0,,16.0
NZV1.00015MTL021;NZV1;metaal: koper;munt;1800.0;1900.0;;24.0;NZV1.00015MTL021,NZV1,metaal: koper,munt,1800.0,1900.0,,24.0
NZV1.00015MTL022;NZV1;metaal: koper;munt;1837.0;1837.0;;16.0;NZV1.00015MTL022,NZV1,metaal: koper,munt,1837.0,1837.0,,16.0
NZV1.00016MTL006;NZV1;metaal: koper;munt;1858.0;1858.0;;19.0;NZV1.00016MTL006,NZV1,metaal: koper,munt,1858.0,1858.0,,19.0
NZV1.00019MTL001;NZV1;metaal: koper;munt;1831.0;1837.0;;16.0;NZV1.00019MTL001,NZV1,metaal: koper,munt,1831.0,1837.0,,16.0
